[1.636s] DEBUG:colcon:Command line arguments: ['/usr/bin/colcon', 'build']
[1.637s] DEBUG:colcon:Parsed command line arguments: Namespace(log_base=None, log_level=None, verb_name='build', build_base='build', install_base='install', merge_install=False, symlink_install=False, test_result_base=None, continue_on_error=False, executor='parallel', parallel_workers=12, event_handlers=None, ignore_user_meta=False, metas=['./colcon.meta'], base_paths=['.'], packages_ignore=None, packages_ignore_regex=None, paths=None, packages_up_to=None, packages_up_to_regex=None, packages_above=None, packages_above_and_dependencies=None, packages_above_depth=None, packages_select_by_dep=None, packages_skip_by_dep=None, packages_skip_up_to=None, packages_select_build_failed=False, packages_skip_build_finished=False, packages_select_test_failures=False, packages_skip_test_passed=False, packages_select=None, packages_skip=None, packages_select_regex=None, packages_skip_regex=None, packages_start=None, packages_end=None, allow_overriding=[], cmake_args=None, cmake_target=None, cmake_target_skip_unavailable=False, cmake_clean_cache=False, cmake_clean_first=False, cmake_force_configure=False, ament_cmake_args=None, catkin_cmake_args=None, catkin_skip_building_tests=False, verb_parser=<colcon_defaults.argument_parser.defaults.DefaultArgumentsDecorator object at 0x7f19e77f4790>, verb_extension=<colcon_core.verb.build.BuildVerb object at 0x7f19e7beba60>, main=<bound method BuildVerb.main of <colcon_core.verb.build.BuildVerb object at 0x7f19e7beba60>>)
[1.719s] Level 1:colcon.colcon_core.package_discovery:discover_packages(colcon_meta) check parameters
[1.719s] Level 1:colcon.colcon_core.package_discovery:discover_packages(recursive) check parameters
[1.719s] Level 1:colcon.colcon_core.package_discovery:discover_packages(ignore) check parameters
[1.719s] Level 1:colcon.colcon_core.package_discovery:discover_packages(path) check parameters
[1.719s] Level 1:colcon.colcon_core.package_discovery:discover_packages(colcon_meta) discover
[1.720s] Level 1:colcon.colcon_core.package_discovery:discover_packages(recursive) discover
[1.720s] INFO:colcon.colcon_core.package_discovery:Crawling recursively for packages in '/home/abd/exp_ws/src'
[1.720s] Level 1:colcon.colcon_core.package_identification:_identify(.) by extensions ['ignore', 'ignore_ament_install']
[1.720s] Level 1:colcon.colcon_core.package_identification:_identify(.) by extension 'ignore'
[1.720s] Level 1:colcon.colcon_core.package_identification:_identify(.) by extension 'ignore_ament_install'
[1.720s] Level 1:colcon.colcon_core.package_identification:_identify(.) by extensions ['colcon_pkg']
[1.720s] Level 1:colcon.colcon_core.package_identification:_identify(.) by extension 'colcon_pkg'
[1.720s] Level 1:colcon.colcon_core.package_identification:_identify(.) by extensions ['colcon_meta']
[1.720s] Level 1:colcon.colcon_core.package_identification:_identify(.) by extension 'colcon_meta'
[1.720s] Level 1:colcon.colcon_core.package_identification:_identify(.) by extensions ['ros']
[1.720s] Level 1:colcon.colcon_core.package_identification:_identify(.) by extension 'ros'
[1.738s] Level 1:colcon.colcon_core.package_identification:_identify(.) by extensions ['cmake', 'python']
[1.738s] Level 1:colcon.colcon_core.package_identification:_identify(.) by extension 'cmake'
[1.738s] Level 1:colcon.colcon_core.package_identification:_identify(.) by extension 'python'
[1.738s] Level 1:colcon.colcon_core.package_identification:_identify(.) by extensions ['python_setup_py']
[1.738s] Level 1:colcon.colcon_core.package_identification:_identify(.) by extension 'python_setup_py'
[1.738s] Level 1:colcon.colcon_core.package_identification:_identify(build) by extensions ['ignore', 'ignore_ament_install']
[1.739s] Level 1:colcon.colcon_core.package_identification:_identify(build) by extension 'ignore'
[1.739s] Level 1:colcon.colcon_core.package_identification:_identify(build) ignored
[1.739s] Level 1:colcon.colcon_core.package_identification:_identify(crazyswarm2) by extensions ['ignore', 'ignore_ament_install']
[1.739s] Level 1:colcon.colcon_core.package_identification:_identify(crazyswarm2) by extension 'ignore'
[1.739s] Level 1:colcon.colcon_core.package_identification:_identify(crazyswarm2) by extension 'ignore_ament_install'
[1.739s] Level 1:colcon.colcon_core.package_identification:_identify(crazyswarm2) by extensions ['colcon_pkg']
[1.739s] Level 1:colcon.colcon_core.package_identification:_identify(crazyswarm2) by extension 'colcon_pkg'
[1.739s] Level 1:colcon.colcon_core.package_identification:_identify(crazyswarm2) by extensions ['colcon_meta']
[1.739s] Level 1:colcon.colcon_core.package_identification:_identify(crazyswarm2) by extension 'colcon_meta'
[1.739s] Level 1:colcon.colcon_core.package_identification:_identify(crazyswarm2) by extensions ['ros']
[1.739s] Level 1:colcon.colcon_core.package_identification:_identify(crazyswarm2) by extension 'ros'
[1.740s] Level 1:colcon.colcon_core.package_identification:_identify(crazyswarm2) by extensions ['cmake', 'python']
[1.740s] Level 1:colcon.colcon_core.package_identification:_identify(crazyswarm2) by extension 'cmake'
[1.740s] Level 1:colcon.colcon_core.package_identification:_identify(crazyswarm2) by extension 'python'
[1.740s] Level 1:colcon.colcon_core.package_identification:_identify(crazyswarm2) by extensions ['python_setup_py']
[1.740s] Level 1:colcon.colcon_core.package_identification:_identify(crazyswarm2) by extension 'python_setup_py'
[1.740s] Level 1:colcon.colcon_core.package_identification:_identify(crazyswarm2/crazyflie) by extensions ['ignore', 'ignore_ament_install']
[1.740s] Level 1:colcon.colcon_core.package_identification:_identify(crazyswarm2/crazyflie) by extension 'ignore'
[1.740s] Level 1:colcon.colcon_core.package_identification:_identify(crazyswarm2/crazyflie) by extension 'ignore_ament_install'
[1.740s] Level 1:colcon.colcon_core.package_identification:_identify(crazyswarm2/crazyflie) by extensions ['colcon_pkg']
[1.740s] Level 1:colcon.colcon_core.package_identification:_identify(crazyswarm2/crazyflie) by extension 'colcon_pkg'
[1.740s] Level 1:colcon.colcon_core.package_identification:_identify(crazyswarm2/crazyflie) by extensions ['colcon_meta']
[1.740s] Level 1:colcon.colcon_core.package_identification:_identify(crazyswarm2/crazyflie) by extension 'colcon_meta'
[1.740s] Level 1:colcon.colcon_core.package_identification:_identify(crazyswarm2/crazyflie) by extensions ['ros']
[1.740s] Level 1:colcon.colcon_core.package_identification:_identify(crazyswarm2/crazyflie) by extension 'ros'
[1.745s] DEBUG:colcon.colcon_core.package_identification:Package 'crazyswarm2/crazyflie' with type 'ros.ament_cmake' and name 'crazyflie'
[1.745s] Level 1:colcon.colcon_core.package_identification:_identify(crazyswarm2/crazyflie_examples) by extensions ['ignore', 'ignore_ament_install']
[1.745s] Level 1:colcon.colcon_core.package_identification:_identify(crazyswarm2/crazyflie_examples) by extension 'ignore'
[1.746s] Level 1:colcon.colcon_core.package_identification:_identify(crazyswarm2/crazyflie_examples) by extension 'ignore_ament_install'
[1.746s] Level 1:colcon.colcon_core.package_identification:_identify(crazyswarm2/crazyflie_examples) by extensions ['colcon_pkg']
[1.746s] Level 1:colcon.colcon_core.package_identification:_identify(crazyswarm2/crazyflie_examples) by extension 'colcon_pkg'
[1.746s] Level 1:colcon.colcon_core.package_identification:_identify(crazyswarm2/crazyflie_examples) by extensions ['colcon_meta']
[1.746s] Level 1:colcon.colcon_core.package_identification:_identify(crazyswarm2/crazyflie_examples) by extension 'colcon_meta'
[1.746s] Level 1:colcon.colcon_core.package_identification:_identify(crazyswarm2/crazyflie_examples) by extensions ['ros']
[1.746s] Level 1:colcon.colcon_core.package_identification:_identify(crazyswarm2/crazyflie_examples) by extension 'ros'
[1.747s] DEBUG:colcon.colcon_core.package_identification:Package 'crazyswarm2/crazyflie_examples' with type 'ros.ament_cmake' and name 'crazyflie_examples'
[1.747s] Level 1:colcon.colcon_core.package_identification:_identify(crazyswarm2/crazyflie_interfaces) by extensions ['ignore', 'ignore_ament_install']
[1.747s] Level 1:colcon.colcon_core.package_identification:_identify(crazyswarm2/crazyflie_interfaces) by extension 'ignore'
[1.747s] Level 1:colcon.colcon_core.package_identification:_identify(crazyswarm2/crazyflie_interfaces) by extension 'ignore_ament_install'
[1.747s] Level 1:colcon.colcon_core.package_identification:_identify(crazyswarm2/crazyflie_interfaces) by extensions ['colcon_pkg']
[1.747s] Level 1:colcon.colcon_core.package_identification:_identify(crazyswarm2/crazyflie_interfaces) by extension 'colcon_pkg'
[1.747s] Level 1:colcon.colcon_core.package_identification:_identify(crazyswarm2/crazyflie_interfaces) by extensions ['colcon_meta']
[1.747s] Level 1:colcon.colcon_core.package_identification:_identify(crazyswarm2/crazyflie_interfaces) by extension 'colcon_meta'
[1.748s] Level 1:colcon.colcon_core.package_identification:_identify(crazyswarm2/crazyflie_interfaces) by extensions ['ros']
[1.748s] Level 1:colcon.colcon_core.package_identification:_identify(crazyswarm2/crazyflie_interfaces) by extension 'ros'
[1.748s] DEBUG:colcon.colcon_core.package_identification:Package 'crazyswarm2/crazyflie_interfaces' with type 'ros.ament_cmake' and name 'crazyflie_interfaces'
[1.749s] Level 1:colcon.colcon_core.package_identification:_identify(crazyswarm2/crazyflie_py) by extensions ['ignore', 'ignore_ament_install']
[1.749s] Level 1:colcon.colcon_core.package_identification:_identify(crazyswarm2/crazyflie_py) by extension 'ignore'
[1.749s] Level 1:colcon.colcon_core.package_identification:_identify(crazyswarm2/crazyflie_py) by extension 'ignore_ament_install'
[1.749s] Level 1:colcon.colcon_core.package_identification:_identify(crazyswarm2/crazyflie_py) by extensions ['colcon_pkg']
[1.749s] Level 1:colcon.colcon_core.package_identification:_identify(crazyswarm2/crazyflie_py) by extension 'colcon_pkg'
[1.749s] Level 1:colcon.colcon_core.package_identification:_identify(crazyswarm2/crazyflie_py) by extensions ['colcon_meta']
[1.749s] Level 1:colcon.colcon_core.package_identification:_identify(crazyswarm2/crazyflie_py) by extension 'colcon_meta'
[1.749s] Level 1:colcon.colcon_core.package_identification:_identify(crazyswarm2/crazyflie_py) by extensions ['ros']
[1.749s] Level 1:colcon.colcon_core.package_identification:_identify(crazyswarm2/crazyflie_py) by extension 'ros'
[1.750s] DEBUG:colcon.colcon_core.package_identification:Package 'crazyswarm2/crazyflie_py' with type 'ros.ament_python' and name 'crazyflie_py'
[1.750s] Level 1:colcon.colcon_core.package_identification:_identify(crazyswarm2/crazyflie_sim) by extensions ['ignore', 'ignore_ament_install']
[1.750s] Level 1:colcon.colcon_core.package_identification:_identify(crazyswarm2/crazyflie_sim) by extension 'ignore'
[1.750s] Level 1:colcon.colcon_core.package_identification:_identify(crazyswarm2/crazyflie_sim) by extension 'ignore_ament_install'
[1.751s] Level 1:colcon.colcon_core.package_identification:_identify(crazyswarm2/crazyflie_sim) by extensions ['colcon_pkg']
[1.751s] Level 1:colcon.colcon_core.package_identification:_identify(crazyswarm2/crazyflie_sim) by extension 'colcon_pkg'
[1.751s] Level 1:colcon.colcon_core.package_identification:_identify(crazyswarm2/crazyflie_sim) by extensions ['colcon_meta']
[1.751s] Level 1:colcon.colcon_core.package_identification:_identify(crazyswarm2/crazyflie_sim) by extension 'colcon_meta'
[1.751s] Level 1:colcon.colcon_core.package_identification:_identify(crazyswarm2/crazyflie_sim) by extensions ['ros']
[1.751s] Level 1:colcon.colcon_core.package_identification:_identify(crazyswarm2/crazyflie_sim) by extension 'ros'
[1.752s] DEBUG:colcon.colcon_core.package_identification:Package 'crazyswarm2/crazyflie_sim' with type 'ros.ament_cmake' and name 'crazyflie_sim'
[1.752s] Level 1:colcon.colcon_core.package_identification:_identify(crazyswarm2/docs) by extensions ['ignore', 'ignore_ament_install']
[1.752s] Level 1:colcon.colcon_core.package_identification:_identify(crazyswarm2/docs) by extension 'ignore'
[1.752s] Level 1:colcon.colcon_core.package_identification:_identify(crazyswarm2/docs) by extension 'ignore_ament_install'
[1.752s] Level 1:colcon.colcon_core.package_identification:_identify(crazyswarm2/docs) by extensions ['colcon_pkg']
[1.752s] Level 1:colcon.colcon_core.package_identification:_identify(crazyswarm2/docs) by extension 'colcon_pkg'
[1.753s] Level 1:colcon.colcon_core.package_identification:_identify(crazyswarm2/docs) by extensions ['colcon_meta']
[1.753s] Level 1:colcon.colcon_core.package_identification:_identify(crazyswarm2/docs) by extension 'colcon_meta'
[1.753s] Level 1:colcon.colcon_core.package_identification:_identify(crazyswarm2/docs) by extensions ['ros']
[1.753s] Level 1:colcon.colcon_core.package_identification:_identify(crazyswarm2/docs) by extension 'ros'
[1.753s] Level 1:colcon.colcon_core.package_identification:_identify(crazyswarm2/docs) by extensions ['cmake', 'python']
[1.753s] Level 1:colcon.colcon_core.package_identification:_identify(crazyswarm2/docs) by extension 'cmake'
[1.753s] Level 1:colcon.colcon_core.package_identification:_identify(crazyswarm2/docs) by extension 'python'
[1.753s] Level 1:colcon.colcon_core.package_identification:_identify(crazyswarm2/docs) by extensions ['python_setup_py']
[1.753s] Level 1:colcon.colcon_core.package_identification:_identify(crazyswarm2/docs) by extension 'python_setup_py'
[1.753s] Level 1:colcon.colcon_core.package_identification:_identify(crazyswarm2/docs/generated) by extensions ['ignore', 'ignore_ament_install']
[1.753s] Level 1:colcon.colcon_core.package_identification:_identify(crazyswarm2/docs/generated) by extension 'ignore'
[1.753s] Level 1:colcon.colcon_core.package_identification:_identify(crazyswarm2/docs/generated) by extension 'ignore_ament_install'
[1.753s] Level 1:colcon.colcon_core.package_identification:_identify(crazyswarm2/docs/generated) by extensions ['colcon_pkg']
[1.753s] Level 1:colcon.colcon_core.package_identification:_identify(crazyswarm2/docs/generated) by extension 'colcon_pkg'
[1.753s] Level 1:colcon.colcon_core.package_identification:_identify(crazyswarm2/docs/generated) by extensions ['colcon_meta']
[1.754s] Level 1:colcon.colcon_core.package_identification:_identify(crazyswarm2/docs/generated) by extension 'colcon_meta'
[1.754s] Level 1:colcon.colcon_core.package_identification:_identify(crazyswarm2/docs/generated) by extensions ['ros']
[1.754s] Level 1:colcon.colcon_core.package_identification:_identify(crazyswarm2/docs/generated) by extension 'ros'
[1.754s] Level 1:colcon.colcon_core.package_identification:_identify(crazyswarm2/docs/generated) by extensions ['cmake', 'python']
[1.754s] Level 1:colcon.colcon_core.package_identification:_identify(crazyswarm2/docs/generated) by extension 'cmake'
[1.754s] Level 1:colcon.colcon_core.package_identification:_identify(crazyswarm2/docs/generated) by extension 'python'
[1.754s] Level 1:colcon.colcon_core.package_identification:_identify(crazyswarm2/docs/generated) by extensions ['python_setup_py']
[1.754s] Level 1:colcon.colcon_core.package_identification:_identify(crazyswarm2/docs/generated) by extension 'python_setup_py'
[1.754s] Level 1:colcon.colcon_core.package_identification:_identify(crazyswarm2/docs/howto) by extensions ['ignore', 'ignore_ament_install']
[1.754s] Level 1:colcon.colcon_core.package_identification:_identify(crazyswarm2/docs/howto) by extension 'ignore'
[1.754s] Level 1:colcon.colcon_core.package_identification:_identify(crazyswarm2/docs/howto) by extension 'ignore_ament_install'
[1.754s] Level 1:colcon.colcon_core.package_identification:_identify(crazyswarm2/docs/howto) by extensions ['colcon_pkg']
[1.754s] Level 1:colcon.colcon_core.package_identification:_identify(crazyswarm2/docs/howto) by extension 'colcon_pkg'
[1.754s] Level 1:colcon.colcon_core.package_identification:_identify(crazyswarm2/docs/howto) by extensions ['colcon_meta']
[1.754s] Level 1:colcon.colcon_core.package_identification:_identify(crazyswarm2/docs/howto) by extension 'colcon_meta'
[1.755s] Level 1:colcon.colcon_core.package_identification:_identify(crazyswarm2/docs/howto) by extensions ['ros']
[1.755s] Level 1:colcon.colcon_core.package_identification:_identify(crazyswarm2/docs/howto) by extension 'ros'
[1.755s] Level 1:colcon.colcon_core.package_identification:_identify(crazyswarm2/docs/howto) by extensions ['cmake', 'python']
[1.755s] Level 1:colcon.colcon_core.package_identification:_identify(crazyswarm2/docs/howto) by extension 'cmake'
[1.755s] Level 1:colcon.colcon_core.package_identification:_identify(crazyswarm2/docs/howto) by extension 'python'
[1.755s] Level 1:colcon.colcon_core.package_identification:_identify(crazyswarm2/docs/howto) by extensions ['python_setup_py']
[1.755s] Level 1:colcon.colcon_core.package_identification:_identify(crazyswarm2/docs/howto) by extension 'python_setup_py'
[1.755s] Level 1:colcon.colcon_core.package_identification:_identify(crazyswarm2/docs/images) by extensions ['ignore', 'ignore_ament_install']
[1.755s] Level 1:colcon.colcon_core.package_identification:_identify(crazyswarm2/docs/images) by extension 'ignore'
[1.755s] Level 1:colcon.colcon_core.package_identification:_identify(crazyswarm2/docs/images) by extension 'ignore_ament_install'
[1.755s] Level 1:colcon.colcon_core.package_identification:_identify(crazyswarm2/docs/images) by extensions ['colcon_pkg']
[1.755s] Level 1:colcon.colcon_core.package_identification:_identify(crazyswarm2/docs/images) by extension 'colcon_pkg'
[1.755s] Level 1:colcon.colcon_core.package_identification:_identify(crazyswarm2/docs/images) by extensions ['colcon_meta']
[1.755s] Level 1:colcon.colcon_core.package_identification:_identify(crazyswarm2/docs/images) by extension 'colcon_meta'
[1.756s] Level 1:colcon.colcon_core.package_identification:_identify(crazyswarm2/docs/images) by extensions ['ros']
[1.756s] Level 1:colcon.colcon_core.package_identification:_identify(crazyswarm2/docs/images) by extension 'ros'
[1.756s] Level 1:colcon.colcon_core.package_identification:_identify(crazyswarm2/docs/images) by extensions ['cmake', 'python']
[1.756s] Level 1:colcon.colcon_core.package_identification:_identify(crazyswarm2/docs/images) by extension 'cmake'
[1.756s] Level 1:colcon.colcon_core.package_identification:_identify(crazyswarm2/docs/images) by extension 'python'
[1.756s] Level 1:colcon.colcon_core.package_identification:_identify(crazyswarm2/docs/images) by extensions ['python_setup_py']
[1.756s] Level 1:colcon.colcon_core.package_identification:_identify(crazyswarm2/docs/images) by extension 'python_setup_py'
[1.756s] Level 1:colcon.colcon_core.package_identification:_identify(crazyswarm2/docs/tutorials) by extensions ['ignore', 'ignore_ament_install']
[1.756s] Level 1:colcon.colcon_core.package_identification:_identify(crazyswarm2/docs/tutorials) by extension 'ignore'
[1.756s] Level 1:colcon.colcon_core.package_identification:_identify(crazyswarm2/docs/tutorials) by extension 'ignore_ament_install'
[1.756s] Level 1:colcon.colcon_core.package_identification:_identify(crazyswarm2/docs/tutorials) by extensions ['colcon_pkg']
[1.756s] Level 1:colcon.colcon_core.package_identification:_identify(crazyswarm2/docs/tutorials) by extension 'colcon_pkg'
[1.756s] Level 1:colcon.colcon_core.package_identification:_identify(crazyswarm2/docs/tutorials) by extensions ['colcon_meta']
[1.756s] Level 1:colcon.colcon_core.package_identification:_identify(crazyswarm2/docs/tutorials) by extension 'colcon_meta'
[1.756s] Level 1:colcon.colcon_core.package_identification:_identify(crazyswarm2/docs/tutorials) by extensions ['ros']
[1.757s] Level 1:colcon.colcon_core.package_identification:_identify(crazyswarm2/docs/tutorials) by extension 'ros'
[1.757s] Level 1:colcon.colcon_core.package_identification:_identify(crazyswarm2/docs/tutorials) by extensions ['cmake', 'python']
[1.757s] Level 1:colcon.colcon_core.package_identification:_identify(crazyswarm2/docs/tutorials) by extension 'cmake'
[1.757s] Level 1:colcon.colcon_core.package_identification:_identify(crazyswarm2/docs/tutorials) by extension 'python'
[1.757s] Level 1:colcon.colcon_core.package_identification:_identify(crazyswarm2/docs/tutorials) by extensions ['python_setup_py']
[1.757s] Level 1:colcon.colcon_core.package_identification:_identify(crazyswarm2/docs/tutorials) by extension 'python_setup_py'
[1.757s] Level 1:colcon.colcon_core.package_identification:_identify(crazyswarm2/docs2) by extensions ['ignore', 'ignore_ament_install']
[1.757s] Level 1:colcon.colcon_core.package_identification:_identify(crazyswarm2/docs2) by extension 'ignore'
[1.757s] Level 1:colcon.colcon_core.package_identification:_identify(crazyswarm2/docs2) by extension 'ignore_ament_install'
[1.757s] Level 1:colcon.colcon_core.package_identification:_identify(crazyswarm2/docs2) by extensions ['colcon_pkg']
[1.757s] Level 1:colcon.colcon_core.package_identification:_identify(crazyswarm2/docs2) by extension 'colcon_pkg'
[1.757s] Level 1:colcon.colcon_core.package_identification:_identify(crazyswarm2/docs2) by extensions ['colcon_meta']
[1.757s] Level 1:colcon.colcon_core.package_identification:_identify(crazyswarm2/docs2) by extension 'colcon_meta'
[1.757s] Level 1:colcon.colcon_core.package_identification:_identify(crazyswarm2/docs2) by extensions ['ros']
[1.757s] Level 1:colcon.colcon_core.package_identification:_identify(crazyswarm2/docs2) by extension 'ros'
[1.758s] Level 1:colcon.colcon_core.package_identification:_identify(crazyswarm2/docs2) by extensions ['cmake', 'python']
[1.758s] Level 1:colcon.colcon_core.package_identification:_identify(crazyswarm2/docs2) by extension 'cmake'
[1.758s] Level 1:colcon.colcon_core.package_identification:_identify(crazyswarm2/docs2) by extension 'python'
[1.758s] Level 1:colcon.colcon_core.package_identification:_identify(crazyswarm2/docs2) by extensions ['python_setup_py']
[1.758s] Level 1:colcon.colcon_core.package_identification:_identify(crazyswarm2/docs2) by extension 'python_setup_py'
[1.758s] Level 1:colcon.colcon_core.package_identification:_identify(crazyswarm2/docs2/images) by extensions ['ignore', 'ignore_ament_install']
[1.758s] Level 1:colcon.colcon_core.package_identification:_identify(crazyswarm2/docs2/images) by extension 'ignore'
[1.758s] Level 1:colcon.colcon_core.package_identification:_identify(crazyswarm2/docs2/images) by extension 'ignore_ament_install'
[1.758s] Level 1:colcon.colcon_core.package_identification:_identify(crazyswarm2/docs2/images) by extensions ['colcon_pkg']
[1.758s] Level 1:colcon.colcon_core.package_identification:_identify(crazyswarm2/docs2/images) by extension 'colcon_pkg'
[1.758s] Level 1:colcon.colcon_core.package_identification:_identify(crazyswarm2/docs2/images) by extensions ['colcon_meta']
[1.758s] Level 1:colcon.colcon_core.package_identification:_identify(crazyswarm2/docs2/images) by extension 'colcon_meta'
[1.758s] Level 1:colcon.colcon_core.package_identification:_identify(crazyswarm2/docs2/images) by extensions ['ros']
[1.758s] Level 1:colcon.colcon_core.package_identification:_identify(crazyswarm2/docs2/images) by extension 'ros'
[1.759s] Level 1:colcon.colcon_core.package_identification:_identify(crazyswarm2/docs2/images) by extensions ['cmake', 'python']
[1.759s] Level 1:colcon.colcon_core.package_identification:_identify(crazyswarm2/docs2/images) by extension 'cmake'
[1.759s] Level 1:colcon.colcon_core.package_identification:_identify(crazyswarm2/docs2/images) by extension 'python'
[1.759s] Level 1:colcon.colcon_core.package_identification:_identify(crazyswarm2/docs2/images) by extensions ['python_setup_py']
[1.759s] Level 1:colcon.colcon_core.package_identification:_identify(crazyswarm2/docs2/images) by extension 'python_setup_py'
[1.759s] Level 1:colcon.colcon_core.package_identification:_identify(crazyswarm2/prebuilt) by extensions ['ignore', 'ignore_ament_install']
[1.759s] Level 1:colcon.colcon_core.package_identification:_identify(crazyswarm2/prebuilt) by extension 'ignore'
[1.759s] Level 1:colcon.colcon_core.package_identification:_identify(crazyswarm2/prebuilt) by extension 'ignore_ament_install'
[1.759s] Level 1:colcon.colcon_core.package_identification:_identify(crazyswarm2/prebuilt) by extensions ['colcon_pkg']
[1.759s] Level 1:colcon.colcon_core.package_identification:_identify(crazyswarm2/prebuilt) by extension 'colcon_pkg'
[1.759s] Level 1:colcon.colcon_core.package_identification:_identify(crazyswarm2/prebuilt) by extensions ['colcon_meta']
[1.759s] Level 1:colcon.colcon_core.package_identification:_identify(crazyswarm2/prebuilt) by extension 'colcon_meta'
[1.759s] Level 1:colcon.colcon_core.package_identification:_identify(crazyswarm2/prebuilt) by extensions ['ros']
[1.759s] Level 1:colcon.colcon_core.package_identification:_identify(crazyswarm2/prebuilt) by extension 'ros'
[1.759s] Level 1:colcon.colcon_core.package_identification:_identify(crazyswarm2/prebuilt) by extensions ['cmake', 'python']
[1.759s] Level 1:colcon.colcon_core.package_identification:_identify(crazyswarm2/prebuilt) by extension 'cmake'
[1.760s] Level 1:colcon.colcon_core.package_identification:_identify(crazyswarm2/prebuilt) by extension 'python'
[1.760s] Level 1:colcon.colcon_core.package_identification:_identify(crazyswarm2/prebuilt) by extensions ['python_setup_py']
[1.760s] Level 1:colcon.colcon_core.package_identification:_identify(crazyswarm2/prebuilt) by extension 'python_setup_py'
[1.760s] Level 1:colcon.colcon_core.package_identification:_identify(crazyswarm2/ros_ws) by extensions ['ignore', 'ignore_ament_install']
[1.760s] Level 1:colcon.colcon_core.package_identification:_identify(crazyswarm2/ros_ws) by extension 'ignore'
[1.760s] Level 1:colcon.colcon_core.package_identification:_identify(crazyswarm2/ros_ws) by extension 'ignore_ament_install'
[1.760s] Level 1:colcon.colcon_core.package_identification:_identify(crazyswarm2/ros_ws) by extensions ['colcon_pkg']
[1.760s] Level 1:colcon.colcon_core.package_identification:_identify(crazyswarm2/ros_ws) by extension 'colcon_pkg'
[1.760s] Level 1:colcon.colcon_core.package_identification:_identify(crazyswarm2/ros_ws) by extensions ['colcon_meta']
[1.760s] Level 1:colcon.colcon_core.package_identification:_identify(crazyswarm2/ros_ws) by extension 'colcon_meta'
[1.760s] Level 1:colcon.colcon_core.package_identification:_identify(crazyswarm2/ros_ws) by extensions ['ros']
[1.760s] Level 1:colcon.colcon_core.package_identification:_identify(crazyswarm2/ros_ws) by extension 'ros'
[1.760s] Level 1:colcon.colcon_core.package_identification:_identify(crazyswarm2/ros_ws) by extensions ['cmake', 'python']
[1.760s] Level 1:colcon.colcon_core.package_identification:_identify(crazyswarm2/ros_ws) by extension 'cmake'
[1.760s] Level 1:colcon.colcon_core.package_identification:_identify(crazyswarm2/ros_ws) by extension 'python'
[1.761s] Level 1:colcon.colcon_core.package_identification:_identify(crazyswarm2/ros_ws) by extensions ['python_setup_py']
[1.761s] Level 1:colcon.colcon_core.package_identification:_identify(crazyswarm2/ros_ws) by extension 'python_setup_py'
[1.761s] Level 1:colcon.colcon_core.package_identification:_identify(crazyswarm2/ros_ws/src) by extensions ['ignore', 'ignore_ament_install']
[1.761s] Level 1:colcon.colcon_core.package_identification:_identify(crazyswarm2/ros_ws/src) by extension 'ignore'
[1.761s] Level 1:colcon.colcon_core.package_identification:_identify(crazyswarm2/ros_ws/src) by extension 'ignore_ament_install'
[1.761s] Level 1:colcon.colcon_core.package_identification:_identify(crazyswarm2/ros_ws/src) by extensions ['colcon_pkg']
[1.761s] Level 1:colcon.colcon_core.package_identification:_identify(crazyswarm2/ros_ws/src) by extension 'colcon_pkg'
[1.761s] Level 1:colcon.colcon_core.package_identification:_identify(crazyswarm2/ros_ws/src) by extensions ['colcon_meta']
[1.761s] Level 1:colcon.colcon_core.package_identification:_identify(crazyswarm2/ros_ws/src) by extension 'colcon_meta'
[1.761s] Level 1:colcon.colcon_core.package_identification:_identify(crazyswarm2/ros_ws/src) by extensions ['ros']
[1.761s] Level 1:colcon.colcon_core.package_identification:_identify(crazyswarm2/ros_ws/src) by extension 'ros'
[1.762s] Level 1:colcon.colcon_core.package_identification:_identify(crazyswarm2/ros_ws/src) by extensions ['cmake', 'python']
[1.762s] Level 1:colcon.colcon_core.package_identification:_identify(crazyswarm2/ros_ws/src) by extension 'cmake'
[1.762s] Level 1:colcon.colcon_core.package_identification:_identify(crazyswarm2/ros_ws/src) by extension 'python'
[1.762s] Level 1:colcon.colcon_core.package_identification:_identify(crazyswarm2/ros_ws/src) by extensions ['python_setup_py']
[1.762s] Level 1:colcon.colcon_core.package_identification:_identify(crazyswarm2/ros_ws/src) by extension 'python_setup_py'
[1.762s] Level 1:colcon.colcon_core.package_identification:_identify(crazyswarm2/ros_ws/src/crazyswarm) by extensions ['ignore', 'ignore_ament_install']
[1.762s] Level 1:colcon.colcon_core.package_identification:_identify(crazyswarm2/ros_ws/src/crazyswarm) by extension 'ignore'
[1.762s] Level 1:colcon.colcon_core.package_identification:_identify(crazyswarm2/ros_ws/src/crazyswarm) by extension 'ignore_ament_install'
[1.762s] Level 1:colcon.colcon_core.package_identification:_identify(crazyswarm2/ros_ws/src/crazyswarm) by extensions ['colcon_pkg']
[1.762s] Level 1:colcon.colcon_core.package_identification:_identify(crazyswarm2/ros_ws/src/crazyswarm) by extension 'colcon_pkg'
[1.762s] Level 1:colcon.colcon_core.package_identification:_identify(crazyswarm2/ros_ws/src/crazyswarm) by extensions ['colcon_meta']
[1.762s] Level 1:colcon.colcon_core.package_identification:_identify(crazyswarm2/ros_ws/src/crazyswarm) by extension 'colcon_meta'
[1.762s] Level 1:colcon.colcon_core.package_identification:_identify(crazyswarm2/ros_ws/src/crazyswarm) by extensions ['ros']
[1.762s] Level 1:colcon.colcon_core.package_identification:_identify(crazyswarm2/ros_ws/src/crazyswarm) by extension 'ros'
[1.763s] Level 1:colcon.colcon_core.package_identification:_identify(crazyswarm2/ros_ws/src/crazyswarm) by extensions ['cmake', 'python']
[1.763s] Level 1:colcon.colcon_core.package_identification:_identify(crazyswarm2/ros_ws/src/crazyswarm) by extension 'cmake'
[1.763s] Level 1:colcon.colcon_core.package_identification:_identify(crazyswarm2/ros_ws/src/crazyswarm) by extension 'python'
[1.763s] Level 1:colcon.colcon_core.package_identification:_identify(crazyswarm2/ros_ws/src/crazyswarm) by extensions ['python_setup_py']
[1.763s] Level 1:colcon.colcon_core.package_identification:_identify(crazyswarm2/ros_ws/src/crazyswarm) by extension 'python_setup_py'
[1.763s] Level 1:colcon.colcon_core.package_identification:_identify(crazyswarm2/ros_ws/src/crazyswarm/launch) by extensions ['ignore', 'ignore_ament_install']
[1.763s] Level 1:colcon.colcon_core.package_identification:_identify(crazyswarm2/ros_ws/src/crazyswarm/launch) by extension 'ignore'
[1.763s] Level 1:colcon.colcon_core.package_identification:_identify(crazyswarm2/ros_ws/src/crazyswarm/launch) by extension 'ignore_ament_install'
[1.763s] Level 1:colcon.colcon_core.package_identification:_identify(crazyswarm2/ros_ws/src/crazyswarm/launch) by extensions ['colcon_pkg']
[1.763s] Level 1:colcon.colcon_core.package_identification:_identify(crazyswarm2/ros_ws/src/crazyswarm/launch) by extension 'colcon_pkg'
[1.763s] Level 1:colcon.colcon_core.package_identification:_identify(crazyswarm2/ros_ws/src/crazyswarm/launch) by extensions ['colcon_meta']
[1.763s] Level 1:colcon.colcon_core.package_identification:_identify(crazyswarm2/ros_ws/src/crazyswarm/launch) by extension 'colcon_meta'
[1.764s] Level 1:colcon.colcon_core.package_identification:_identify(crazyswarm2/ros_ws/src/crazyswarm/launch) by extensions ['ros']
[1.764s] Level 1:colcon.colcon_core.package_identification:_identify(crazyswarm2/ros_ws/src/crazyswarm/launch) by extension 'ros'
[1.764s] Level 1:colcon.colcon_core.package_identification:_identify(crazyswarm2/ros_ws/src/crazyswarm/launch) by extensions ['cmake', 'python']
[1.764s] Level 1:colcon.colcon_core.package_identification:_identify(crazyswarm2/ros_ws/src/crazyswarm/launch) by extension 'cmake'
[1.764s] Level 1:colcon.colcon_core.package_identification:_identify(crazyswarm2/ros_ws/src/crazyswarm/launch) by extension 'python'
[1.764s] Level 1:colcon.colcon_core.package_identification:_identify(crazyswarm2/ros_ws/src/crazyswarm/launch) by extensions ['python_setup_py']
[1.764s] Level 1:colcon.colcon_core.package_identification:_identify(crazyswarm2/ros_ws/src/crazyswarm/launch) by extension 'python_setup_py'
[1.764s] Level 1:colcon.colcon_core.package_identification:_identify(crazyswarm2/ros_ws/src/crazyswarm/scripts) by extensions ['ignore', 'ignore_ament_install']
[1.764s] Level 1:colcon.colcon_core.package_identification:_identify(crazyswarm2/ros_ws/src/crazyswarm/scripts) by extension 'ignore'
[1.765s] Level 1:colcon.colcon_core.package_identification:_identify(crazyswarm2/ros_ws/src/crazyswarm/scripts) by extension 'ignore_ament_install'
[1.765s] Level 1:colcon.colcon_core.package_identification:_identify(crazyswarm2/ros_ws/src/crazyswarm/scripts) by extensions ['colcon_pkg']
[1.765s] Level 1:colcon.colcon_core.package_identification:_identify(crazyswarm2/ros_ws/src/crazyswarm/scripts) by extension 'colcon_pkg'
[1.765s] Level 1:colcon.colcon_core.package_identification:_identify(crazyswarm2/ros_ws/src/crazyswarm/scripts) by extensions ['colcon_meta']
[1.765s] Level 1:colcon.colcon_core.package_identification:_identify(crazyswarm2/ros_ws/src/crazyswarm/scripts) by extension 'colcon_meta'
[1.765s] Level 1:colcon.colcon_core.package_identification:_identify(crazyswarm2/ros_ws/src/crazyswarm/scripts) by extensions ['ros']
[1.765s] Level 1:colcon.colcon_core.package_identification:_identify(crazyswarm2/ros_ws/src/crazyswarm/scripts) by extension 'ros'
[1.765s] Level 1:colcon.colcon_core.package_identification:_identify(crazyswarm2/ros_ws/src/crazyswarm/scripts) by extensions ['cmake', 'python']
[1.765s] Level 1:colcon.colcon_core.package_identification:_identify(crazyswarm2/ros_ws/src/crazyswarm/scripts) by extension 'cmake'
[1.765s] Level 1:colcon.colcon_core.package_identification:_identify(crazyswarm2/ros_ws/src/crazyswarm/scripts) by extension 'python'
[1.765s] Level 1:colcon.colcon_core.package_identification:_identify(crazyswarm2/ros_ws/src/crazyswarm/scripts) by extensions ['python_setup_py']
[1.765s] Level 1:colcon.colcon_core.package_identification:_identify(crazyswarm2/ros_ws/src/crazyswarm/scripts) by extension 'python_setup_py'
[1.765s] Level 1:colcon.colcon_core.package_identification:_identify(crazyswarm2/ros_ws/src/crazyswarm/scripts/crossing2_pps) by extensions ['ignore', 'ignore_ament_install']
[1.766s] Level 1:colcon.colcon_core.package_identification:_identify(crazyswarm2/ros_ws/src/crazyswarm/scripts/crossing2_pps) by extension 'ignore'
[1.766s] Level 1:colcon.colcon_core.package_identification:_identify(crazyswarm2/ros_ws/src/crazyswarm/scripts/crossing2_pps) by extension 'ignore_ament_install'
[1.766s] Level 1:colcon.colcon_core.package_identification:_identify(crazyswarm2/ros_ws/src/crazyswarm/scripts/crossing2_pps) by extensions ['colcon_pkg']
[1.766s] Level 1:colcon.colcon_core.package_identification:_identify(crazyswarm2/ros_ws/src/crazyswarm/scripts/crossing2_pps) by extension 'colcon_pkg'
[1.766s] Level 1:colcon.colcon_core.package_identification:_identify(crazyswarm2/ros_ws/src/crazyswarm/scripts/crossing2_pps) by extensions ['colcon_meta']
[1.766s] Level 1:colcon.colcon_core.package_identification:_identify(crazyswarm2/ros_ws/src/crazyswarm/scripts/crossing2_pps) by extension 'colcon_meta'
[1.766s] Level 1:colcon.colcon_core.package_identification:_identify(crazyswarm2/ros_ws/src/crazyswarm/scripts/crossing2_pps) by extensions ['ros']
[1.766s] Level 1:colcon.colcon_core.package_identification:_identify(crazyswarm2/ros_ws/src/crazyswarm/scripts/crossing2_pps) by extension 'ros'
[1.766s] Level 1:colcon.colcon_core.package_identification:_identify(crazyswarm2/ros_ws/src/crazyswarm/scripts/crossing2_pps) by extensions ['cmake', 'python']
[1.766s] Level 1:colcon.colcon_core.package_identification:_identify(crazyswarm2/ros_ws/src/crazyswarm/scripts/crossing2_pps) by extension 'cmake'
[1.766s] Level 1:colcon.colcon_core.package_identification:_identify(crazyswarm2/ros_ws/src/crazyswarm/scripts/crossing2_pps) by extension 'python'
[1.766s] Level 1:colcon.colcon_core.package_identification:_identify(crazyswarm2/ros_ws/src/crazyswarm/scripts/crossing2_pps) by extensions ['python_setup_py']
[1.766s] Level 1:colcon.colcon_core.package_identification:_identify(crazyswarm2/ros_ws/src/crazyswarm/scripts/crossing2_pps) by extension 'python_setup_py'
[1.767s] Level 1:colcon.colcon_core.package_identification:_identify(crazyswarm2/ros_ws/src/crazyswarm/scripts/crossing4_pps) by extensions ['ignore', 'ignore_ament_install']
[1.767s] Level 1:colcon.colcon_core.package_identification:_identify(crazyswarm2/ros_ws/src/crazyswarm/scripts/crossing4_pps) by extension 'ignore'
[1.767s] Level 1:colcon.colcon_core.package_identification:_identify(crazyswarm2/ros_ws/src/crazyswarm/scripts/crossing4_pps) by extension 'ignore_ament_install'
[1.767s] Level 1:colcon.colcon_core.package_identification:_identify(crazyswarm2/ros_ws/src/crazyswarm/scripts/crossing4_pps) by extensions ['colcon_pkg']
[1.767s] Level 1:colcon.colcon_core.package_identification:_identify(crazyswarm2/ros_ws/src/crazyswarm/scripts/crossing4_pps) by extension 'colcon_pkg'
[1.767s] Level 1:colcon.colcon_core.package_identification:_identify(crazyswarm2/ros_ws/src/crazyswarm/scripts/crossing4_pps) by extensions ['colcon_meta']
[1.767s] Level 1:colcon.colcon_core.package_identification:_identify(crazyswarm2/ros_ws/src/crazyswarm/scripts/crossing4_pps) by extension 'colcon_meta'
[1.767s] Level 1:colcon.colcon_core.package_identification:_identify(crazyswarm2/ros_ws/src/crazyswarm/scripts/crossing4_pps) by extensions ['ros']
[1.767s] Level 1:colcon.colcon_core.package_identification:_identify(crazyswarm2/ros_ws/src/crazyswarm/scripts/crossing4_pps) by extension 'ros'
[1.767s] Level 1:colcon.colcon_core.package_identification:_identify(crazyswarm2/ros_ws/src/crazyswarm/scripts/crossing4_pps) by extensions ['cmake', 'python']
[1.767s] Level 1:colcon.colcon_core.package_identification:_identify(crazyswarm2/ros_ws/src/crazyswarm/scripts/crossing4_pps) by extension 'cmake'
[1.767s] Level 1:colcon.colcon_core.package_identification:_identify(crazyswarm2/ros_ws/src/crazyswarm/scripts/crossing4_pps) by extension 'python'
[1.767s] Level 1:colcon.colcon_core.package_identification:_identify(crazyswarm2/ros_ws/src/crazyswarm/scripts/crossing4_pps) by extensions ['python_setup_py']
[1.767s] Level 1:colcon.colcon_core.package_identification:_identify(crazyswarm2/ros_ws/src/crazyswarm/scripts/crossing4_pps) by extension 'python_setup_py'
[1.768s] Level 1:colcon.colcon_core.package_identification:_identify(crazyswarm2/ros_ws/src/crazyswarm/scripts/sequence_trajectories) by extensions ['ignore', 'ignore_ament_install']
[1.768s] Level 1:colcon.colcon_core.package_identification:_identify(crazyswarm2/ros_ws/src/crazyswarm/scripts/sequence_trajectories) by extension 'ignore'
[1.768s] Level 1:colcon.colcon_core.package_identification:_identify(crazyswarm2/ros_ws/src/crazyswarm/scripts/sequence_trajectories) by extension 'ignore_ament_install'
[1.768s] Level 1:colcon.colcon_core.package_identification:_identify(crazyswarm2/ros_ws/src/crazyswarm/scripts/sequence_trajectories) by extensions ['colcon_pkg']
[1.768s] Level 1:colcon.colcon_core.package_identification:_identify(crazyswarm2/ros_ws/src/crazyswarm/scripts/sequence_trajectories) by extension 'colcon_pkg'
[1.768s] Level 1:colcon.colcon_core.package_identification:_identify(crazyswarm2/ros_ws/src/crazyswarm/scripts/sequence_trajectories) by extensions ['colcon_meta']
[1.768s] Level 1:colcon.colcon_core.package_identification:_identify(crazyswarm2/ros_ws/src/crazyswarm/scripts/sequence_trajectories) by extension 'colcon_meta'
[1.768s] Level 1:colcon.colcon_core.package_identification:_identify(crazyswarm2/ros_ws/src/crazyswarm/scripts/sequence_trajectories) by extensions ['ros']
[1.768s] Level 1:colcon.colcon_core.package_identification:_identify(crazyswarm2/ros_ws/src/crazyswarm/scripts/sequence_trajectories) by extension 'ros'
[1.768s] Level 1:colcon.colcon_core.package_identification:_identify(crazyswarm2/ros_ws/src/crazyswarm/scripts/sequence_trajectories) by extensions ['cmake', 'python']
[1.768s] Level 1:colcon.colcon_core.package_identification:_identify(crazyswarm2/ros_ws/src/crazyswarm/scripts/sequence_trajectories) by extension 'cmake'
[1.768s] Level 1:colcon.colcon_core.package_identification:_identify(crazyswarm2/ros_ws/src/crazyswarm/scripts/sequence_trajectories) by extension 'python'
[1.768s] Level 1:colcon.colcon_core.package_identification:_identify(crazyswarm2/ros_ws/src/crazyswarm/scripts/sequence_trajectories) by extensions ['python_setup_py']
[1.769s] Level 1:colcon.colcon_core.package_identification:_identify(crazyswarm2/ros_ws/src/crazyswarm/scripts/sequence_trajectories) by extension 'python_setup_py'
[1.769s] Level 1:colcon.colcon_core.package_identification:_identify(crazyswarm2/ros_ws/src/crazyswarm/scripts/sequence_trajectories/1) by extensions ['ignore', 'ignore_ament_install']
[1.769s] Level 1:colcon.colcon_core.package_identification:_identify(crazyswarm2/ros_ws/src/crazyswarm/scripts/sequence_trajectories/1) by extension 'ignore'
[1.769s] Level 1:colcon.colcon_core.package_identification:_identify(crazyswarm2/ros_ws/src/crazyswarm/scripts/sequence_trajectories/1) by extension 'ignore_ament_install'
[1.769s] Level 1:colcon.colcon_core.package_identification:_identify(crazyswarm2/ros_ws/src/crazyswarm/scripts/sequence_trajectories/1) by extensions ['colcon_pkg']
[1.769s] Level 1:colcon.colcon_core.package_identification:_identify(crazyswarm2/ros_ws/src/crazyswarm/scripts/sequence_trajectories/1) by extension 'colcon_pkg'
[1.769s] Level 1:colcon.colcon_core.package_identification:_identify(crazyswarm2/ros_ws/src/crazyswarm/scripts/sequence_trajectories/1) by extensions ['colcon_meta']
[1.769s] Level 1:colcon.colcon_core.package_identification:_identify(crazyswarm2/ros_ws/src/crazyswarm/scripts/sequence_trajectories/1) by extension 'colcon_meta'
[1.769s] Level 1:colcon.colcon_core.package_identification:_identify(crazyswarm2/ros_ws/src/crazyswarm/scripts/sequence_trajectories/1) by extensions ['ros']
[1.769s] Level 1:colcon.colcon_core.package_identification:_identify(crazyswarm2/ros_ws/src/crazyswarm/scripts/sequence_trajectories/1) by extension 'ros'
[1.770s] Level 1:colcon.colcon_core.package_identification:_identify(crazyswarm2/ros_ws/src/crazyswarm/scripts/sequence_trajectories/1) by extensions ['cmake', 'python']
[1.770s] Level 1:colcon.colcon_core.package_identification:_identify(crazyswarm2/ros_ws/src/crazyswarm/scripts/sequence_trajectories/1) by extension 'cmake'
[1.770s] Level 1:colcon.colcon_core.package_identification:_identify(crazyswarm2/ros_ws/src/crazyswarm/scripts/sequence_trajectories/1) by extension 'python'
[1.770s] Level 1:colcon.colcon_core.package_identification:_identify(crazyswarm2/ros_ws/src/crazyswarm/scripts/sequence_trajectories/1) by extensions ['python_setup_py']
[1.770s] Level 1:colcon.colcon_core.package_identification:_identify(crazyswarm2/ros_ws/src/crazyswarm/scripts/sequence_trajectories/1) by extension 'python_setup_py'
[1.770s] Level 1:colcon.colcon_core.package_identification:_identify(crazyswarm2/ros_ws/src/crazyswarm/scripts/sequence_trajectories/2) by extensions ['ignore', 'ignore_ament_install']
[1.770s] Level 1:colcon.colcon_core.package_identification:_identify(crazyswarm2/ros_ws/src/crazyswarm/scripts/sequence_trajectories/2) by extension 'ignore'
[1.770s] Level 1:colcon.colcon_core.package_identification:_identify(crazyswarm2/ros_ws/src/crazyswarm/scripts/sequence_trajectories/2) by extension 'ignore_ament_install'
[1.770s] Level 1:colcon.colcon_core.package_identification:_identify(crazyswarm2/ros_ws/src/crazyswarm/scripts/sequence_trajectories/2) by extensions ['colcon_pkg']
[1.770s] Level 1:colcon.colcon_core.package_identification:_identify(crazyswarm2/ros_ws/src/crazyswarm/scripts/sequence_trajectories/2) by extension 'colcon_pkg'
[1.770s] Level 1:colcon.colcon_core.package_identification:_identify(crazyswarm2/ros_ws/src/crazyswarm/scripts/sequence_trajectories/2) by extensions ['colcon_meta']
[1.770s] Level 1:colcon.colcon_core.package_identification:_identify(crazyswarm2/ros_ws/src/crazyswarm/scripts/sequence_trajectories/2) by extension 'colcon_meta'
[1.770s] Level 1:colcon.colcon_core.package_identification:_identify(crazyswarm2/ros_ws/src/crazyswarm/scripts/sequence_trajectories/2) by extensions ['ros']
[1.771s] Level 1:colcon.colcon_core.package_identification:_identify(crazyswarm2/ros_ws/src/crazyswarm/scripts/sequence_trajectories/2) by extension 'ros'
[1.771s] Level 1:colcon.colcon_core.package_identification:_identify(crazyswarm2/ros_ws/src/crazyswarm/scripts/sequence_trajectories/2) by extensions ['cmake', 'python']
[1.771s] Level 1:colcon.colcon_core.package_identification:_identify(crazyswarm2/ros_ws/src/crazyswarm/scripts/sequence_trajectories/2) by extension 'cmake'
[1.771s] Level 1:colcon.colcon_core.package_identification:_identify(crazyswarm2/ros_ws/src/crazyswarm/scripts/sequence_trajectories/2) by extension 'python'
[1.771s] Level 1:colcon.colcon_core.package_identification:_identify(crazyswarm2/ros_ws/src/crazyswarm/scripts/sequence_trajectories/2) by extensions ['python_setup_py']
[1.771s] Level 1:colcon.colcon_core.package_identification:_identify(crazyswarm2/ros_ws/src/crazyswarm/scripts/sequence_trajectories/2) by extension 'python_setup_py'
[1.771s] Level 1:colcon.colcon_core.package_identification:_identify(crazyswarm2/ros_ws/src/crazyswarm/scripts/sequence_trajectories/3) by extensions ['ignore', 'ignore_ament_install']
[1.771s] Level 1:colcon.colcon_core.package_identification:_identify(crazyswarm2/ros_ws/src/crazyswarm/scripts/sequence_trajectories/3) by extension 'ignore'
[1.771s] Level 1:colcon.colcon_core.package_identification:_identify(crazyswarm2/ros_ws/src/crazyswarm/scripts/sequence_trajectories/3) by extension 'ignore_ament_install'
[1.771s] Level 1:colcon.colcon_core.package_identification:_identify(crazyswarm2/ros_ws/src/crazyswarm/scripts/sequence_trajectories/3) by extensions ['colcon_pkg']
[1.771s] Level 1:colcon.colcon_core.package_identification:_identify(crazyswarm2/ros_ws/src/crazyswarm/scripts/sequence_trajectories/3) by extension 'colcon_pkg'
[1.771s] Level 1:colcon.colcon_core.package_identification:_identify(crazyswarm2/ros_ws/src/crazyswarm/scripts/sequence_trajectories/3) by extensions ['colcon_meta']
[1.772s] Level 1:colcon.colcon_core.package_identification:_identify(crazyswarm2/ros_ws/src/crazyswarm/scripts/sequence_trajectories/3) by extension 'colcon_meta'
[1.772s] Level 1:colcon.colcon_core.package_identification:_identify(crazyswarm2/ros_ws/src/crazyswarm/scripts/sequence_trajectories/3) by extensions ['ros']
[1.772s] Level 1:colcon.colcon_core.package_identification:_identify(crazyswarm2/ros_ws/src/crazyswarm/scripts/sequence_trajectories/3) by extension 'ros'
[1.772s] Level 1:colcon.colcon_core.package_identification:_identify(crazyswarm2/ros_ws/src/crazyswarm/scripts/sequence_trajectories/3) by extensions ['cmake', 'python']
[1.772s] Level 1:colcon.colcon_core.package_identification:_identify(crazyswarm2/ros_ws/src/crazyswarm/scripts/sequence_trajectories/3) by extension 'cmake'
[1.772s] Level 1:colcon.colcon_core.package_identification:_identify(crazyswarm2/ros_ws/src/crazyswarm/scripts/sequence_trajectories/3) by extension 'python'
[1.772s] Level 1:colcon.colcon_core.package_identification:_identify(crazyswarm2/ros_ws/src/crazyswarm/scripts/sequence_trajectories/3) by extensions ['python_setup_py']
[1.772s] Level 1:colcon.colcon_core.package_identification:_identify(crazyswarm2/ros_ws/src/crazyswarm/scripts/sequence_trajectories/3) by extension 'python_setup_py'
[1.772s] Level 1:colcon.colcon_core.package_identification:_identify(crazyswarm2/ros_ws/src/crazyswarm/scripts/sequence_trajectories/4) by extensions ['ignore', 'ignore_ament_install']
[1.772s] Level 1:colcon.colcon_core.package_identification:_identify(crazyswarm2/ros_ws/src/crazyswarm/scripts/sequence_trajectories/4) by extension 'ignore'
[1.772s] Level 1:colcon.colcon_core.package_identification:_identify(crazyswarm2/ros_ws/src/crazyswarm/scripts/sequence_trajectories/4) by extension 'ignore_ament_install'
[1.773s] Level 1:colcon.colcon_core.package_identification:_identify(crazyswarm2/ros_ws/src/crazyswarm/scripts/sequence_trajectories/4) by extensions ['colcon_pkg']
[1.773s] Level 1:colcon.colcon_core.package_identification:_identify(crazyswarm2/ros_ws/src/crazyswarm/scripts/sequence_trajectories/4) by extension 'colcon_pkg'
[1.773s] Level 1:colcon.colcon_core.package_identification:_identify(crazyswarm2/ros_ws/src/crazyswarm/scripts/sequence_trajectories/4) by extensions ['colcon_meta']
[1.773s] Level 1:colcon.colcon_core.package_identification:_identify(crazyswarm2/ros_ws/src/crazyswarm/scripts/sequence_trajectories/4) by extension 'colcon_meta'
[1.773s] Level 1:colcon.colcon_core.package_identification:_identify(crazyswarm2/ros_ws/src/crazyswarm/scripts/sequence_trajectories/4) by extensions ['ros']
[1.773s] Level 1:colcon.colcon_core.package_identification:_identify(crazyswarm2/ros_ws/src/crazyswarm/scripts/sequence_trajectories/4) by extension 'ros'
[1.773s] Level 1:colcon.colcon_core.package_identification:_identify(crazyswarm2/ros_ws/src/crazyswarm/scripts/sequence_trajectories/4) by extensions ['cmake', 'python']
[1.773s] Level 1:colcon.colcon_core.package_identification:_identify(crazyswarm2/ros_ws/src/crazyswarm/scripts/sequence_trajectories/4) by extension 'cmake'
[1.773s] Level 1:colcon.colcon_core.package_identification:_identify(crazyswarm2/ros_ws/src/crazyswarm/scripts/sequence_trajectories/4) by extension 'python'
[1.773s] Level 1:colcon.colcon_core.package_identification:_identify(crazyswarm2/ros_ws/src/crazyswarm/scripts/sequence_trajectories/4) by extensions ['python_setup_py']
[1.773s] Level 1:colcon.colcon_core.package_identification:_identify(crazyswarm2/ros_ws/src/crazyswarm/scripts/sequence_trajectories/4) by extension 'python_setup_py'
[1.773s] Level 1:colcon.colcon_core.package_identification:_identify(crazyswarm2/ros_ws/src/crazyswarm/scripts/sequence_trajectories/5) by extensions ['ignore', 'ignore_ament_install']
[1.774s] Level 1:colcon.colcon_core.package_identification:_identify(crazyswarm2/ros_ws/src/crazyswarm/scripts/sequence_trajectories/5) by extension 'ignore'
[1.774s] Level 1:colcon.colcon_core.package_identification:_identify(crazyswarm2/ros_ws/src/crazyswarm/scripts/sequence_trajectories/5) by extension 'ignore_ament_install'
[1.774s] Level 1:colcon.colcon_core.package_identification:_identify(crazyswarm2/ros_ws/src/crazyswarm/scripts/sequence_trajectories/5) by extensions ['colcon_pkg']
[1.774s] Level 1:colcon.colcon_core.package_identification:_identify(crazyswarm2/ros_ws/src/crazyswarm/scripts/sequence_trajectories/5) by extension 'colcon_pkg'
[1.774s] Level 1:colcon.colcon_core.package_identification:_identify(crazyswarm2/ros_ws/src/crazyswarm/scripts/sequence_trajectories/5) by extensions ['colcon_meta']
[1.774s] Level 1:colcon.colcon_core.package_identification:_identify(crazyswarm2/ros_ws/src/crazyswarm/scripts/sequence_trajectories/5) by extension 'colcon_meta'
[1.774s] Level 1:colcon.colcon_core.package_identification:_identify(crazyswarm2/ros_ws/src/crazyswarm/scripts/sequence_trajectories/5) by extensions ['ros']
[1.774s] Level 1:colcon.colcon_core.package_identification:_identify(crazyswarm2/ros_ws/src/crazyswarm/scripts/sequence_trajectories/5) by extension 'ros'
[1.774s] Level 1:colcon.colcon_core.package_identification:_identify(crazyswarm2/ros_ws/src/crazyswarm/scripts/sequence_trajectories/5) by extensions ['cmake', 'python']
[1.774s] Level 1:colcon.colcon_core.package_identification:_identify(crazyswarm2/ros_ws/src/crazyswarm/scripts/sequence_trajectories/5) by extension 'cmake'
[1.774s] Level 1:colcon.colcon_core.package_identification:_identify(crazyswarm2/ros_ws/src/crazyswarm/scripts/sequence_trajectories/5) by extension 'python'
[1.774s] Level 1:colcon.colcon_core.package_identification:_identify(crazyswarm2/ros_ws/src/crazyswarm/scripts/sequence_trajectories/5) by extensions ['python_setup_py']
[1.774s] Level 1:colcon.colcon_core.package_identification:_identify(crazyswarm2/ros_ws/src/crazyswarm/scripts/sequence_trajectories/5) by extension 'python_setup_py'
[1.775s] Level 1:colcon.colcon_core.package_identification:_identify(crazyswarm2/ros_ws/src/crazyswarm/scripts/sequence_trajectories/6) by extensions ['ignore', 'ignore_ament_install']
[1.775s] Level 1:colcon.colcon_core.package_identification:_identify(crazyswarm2/ros_ws/src/crazyswarm/scripts/sequence_trajectories/6) by extension 'ignore'
[1.775s] Level 1:colcon.colcon_core.package_identification:_identify(crazyswarm2/ros_ws/src/crazyswarm/scripts/sequence_trajectories/6) by extension 'ignore_ament_install'
[1.775s] Level 1:colcon.colcon_core.package_identification:_identify(crazyswarm2/ros_ws/src/crazyswarm/scripts/sequence_trajectories/6) by extensions ['colcon_pkg']
[1.775s] Level 1:colcon.colcon_core.package_identification:_identify(crazyswarm2/ros_ws/src/crazyswarm/scripts/sequence_trajectories/6) by extension 'colcon_pkg'
[1.775s] Level 1:colcon.colcon_core.package_identification:_identify(crazyswarm2/ros_ws/src/crazyswarm/scripts/sequence_trajectories/6) by extensions ['colcon_meta']
[1.775s] Level 1:colcon.colcon_core.package_identification:_identify(crazyswarm2/ros_ws/src/crazyswarm/scripts/sequence_trajectories/6) by extension 'colcon_meta'
[1.775s] Level 1:colcon.colcon_core.package_identification:_identify(crazyswarm2/ros_ws/src/crazyswarm/scripts/sequence_trajectories/6) by extensions ['ros']
[1.775s] Level 1:colcon.colcon_core.package_identification:_identify(crazyswarm2/ros_ws/src/crazyswarm/scripts/sequence_trajectories/6) by extension 'ros'
[1.775s] Level 1:colcon.colcon_core.package_identification:_identify(crazyswarm2/ros_ws/src/crazyswarm/scripts/sequence_trajectories/6) by extensions ['cmake', 'python']
[1.775s] Level 1:colcon.colcon_core.package_identification:_identify(crazyswarm2/ros_ws/src/crazyswarm/scripts/sequence_trajectories/6) by extension 'cmake'
[1.775s] Level 1:colcon.colcon_core.package_identification:_identify(crazyswarm2/ros_ws/src/crazyswarm/scripts/sequence_trajectories/6) by extension 'python'
[1.775s] Level 1:colcon.colcon_core.package_identification:_identify(crazyswarm2/ros_ws/src/crazyswarm/scripts/sequence_trajectories/6) by extensions ['python_setup_py']
[1.775s] Level 1:colcon.colcon_core.package_identification:_identify(crazyswarm2/ros_ws/src/crazyswarm/scripts/sequence_trajectories/6) by extension 'python_setup_py'
[1.776s] Level 1:colcon.colcon_core.package_identification:_identify(crazyswarm2/ros_ws/src/crazyswarm/scripts/sequence_trajectories/7) by extensions ['ignore', 'ignore_ament_install']
[1.776s] Level 1:colcon.colcon_core.package_identification:_identify(crazyswarm2/ros_ws/src/crazyswarm/scripts/sequence_trajectories/7) by extension 'ignore'
[1.776s] Level 1:colcon.colcon_core.package_identification:_identify(crazyswarm2/ros_ws/src/crazyswarm/scripts/sequence_trajectories/7) by extension 'ignore_ament_install'
[1.776s] Level 1:colcon.colcon_core.package_identification:_identify(crazyswarm2/ros_ws/src/crazyswarm/scripts/sequence_trajectories/7) by extensions ['colcon_pkg']
[1.776s] Level 1:colcon.colcon_core.package_identification:_identify(crazyswarm2/ros_ws/src/crazyswarm/scripts/sequence_trajectories/7) by extension 'colcon_pkg'
[1.776s] Level 1:colcon.colcon_core.package_identification:_identify(crazyswarm2/ros_ws/src/crazyswarm/scripts/sequence_trajectories/7) by extensions ['colcon_meta']
[1.776s] Level 1:colcon.colcon_core.package_identification:_identify(crazyswarm2/ros_ws/src/crazyswarm/scripts/sequence_trajectories/7) by extension 'colcon_meta'
[1.776s] Level 1:colcon.colcon_core.package_identification:_identify(crazyswarm2/ros_ws/src/crazyswarm/scripts/sequence_trajectories/7) by extensions ['ros']
[1.776s] Level 1:colcon.colcon_core.package_identification:_identify(crazyswarm2/ros_ws/src/crazyswarm/scripts/sequence_trajectories/7) by extension 'ros'
[1.776s] Level 1:colcon.colcon_core.package_identification:_identify(crazyswarm2/ros_ws/src/crazyswarm/scripts/sequence_trajectories/7) by extensions ['cmake', 'python']
[1.777s] Level 1:colcon.colcon_core.package_identification:_identify(crazyswarm2/ros_ws/src/crazyswarm/scripts/sequence_trajectories/7) by extension 'cmake'
[1.777s] Level 1:colcon.colcon_core.package_identification:_identify(crazyswarm2/ros_ws/src/crazyswarm/scripts/sequence_trajectories/7) by extension 'python'
[1.777s] Level 1:colcon.colcon_core.package_identification:_identify(crazyswarm2/ros_ws/src/crazyswarm/scripts/sequence_trajectories/7) by extensions ['python_setup_py']
[1.777s] Level 1:colcon.colcon_core.package_identification:_identify(crazyswarm2/ros_ws/src/crazyswarm/scripts/sequence_trajectories/7) by extension 'python_setup_py'
[1.777s] Level 1:colcon.colcon_core.package_identification:_identify(crazyswarm2/ros_ws/src/crazyswarm/scripts/swap6v_pps) by extensions ['ignore', 'ignore_ament_install']
[1.777s] Level 1:colcon.colcon_core.package_identification:_identify(crazyswarm2/ros_ws/src/crazyswarm/scripts/swap6v_pps) by extension 'ignore'
[1.777s] Level 1:colcon.colcon_core.package_identification:_identify(crazyswarm2/ros_ws/src/crazyswarm/scripts/swap6v_pps) by extension 'ignore_ament_install'
[1.777s] Level 1:colcon.colcon_core.package_identification:_identify(crazyswarm2/ros_ws/src/crazyswarm/scripts/swap6v_pps) by extensions ['colcon_pkg']
[1.777s] Level 1:colcon.colcon_core.package_identification:_identify(crazyswarm2/ros_ws/src/crazyswarm/scripts/swap6v_pps) by extension 'colcon_pkg'
[1.777s] Level 1:colcon.colcon_core.package_identification:_identify(crazyswarm2/ros_ws/src/crazyswarm/scripts/swap6v_pps) by extensions ['colcon_meta']
[1.777s] Level 1:colcon.colcon_core.package_identification:_identify(crazyswarm2/ros_ws/src/crazyswarm/scripts/swap6v_pps) by extension 'colcon_meta'
[1.778s] Level 1:colcon.colcon_core.package_identification:_identify(crazyswarm2/ros_ws/src/crazyswarm/scripts/swap6v_pps) by extensions ['ros']
[1.778s] Level 1:colcon.colcon_core.package_identification:_identify(crazyswarm2/ros_ws/src/crazyswarm/scripts/swap6v_pps) by extension 'ros'
[1.778s] Level 1:colcon.colcon_core.package_identification:_identify(crazyswarm2/ros_ws/src/crazyswarm/scripts/swap6v_pps) by extensions ['cmake', 'python']
[1.778s] Level 1:colcon.colcon_core.package_identification:_identify(crazyswarm2/ros_ws/src/crazyswarm/scripts/swap6v_pps) by extension 'cmake'
[1.778s] Level 1:colcon.colcon_core.package_identification:_identify(crazyswarm2/ros_ws/src/crazyswarm/scripts/swap6v_pps) by extension 'python'
[1.778s] Level 1:colcon.colcon_core.package_identification:_identify(crazyswarm2/ros_ws/src/crazyswarm/scripts/swap6v_pps) by extensions ['python_setup_py']
[1.778s] Level 1:colcon.colcon_core.package_identification:_identify(crazyswarm2/ros_ws/src/crazyswarm/scripts/swap6v_pps) by extension 'python_setup_py'
[1.778s] Level 1:colcon.colcon_core.package_identification:_identify(crazyswarm2/systemtests) by extensions ['ignore', 'ignore_ament_install']
[1.778s] Level 1:colcon.colcon_core.package_identification:_identify(crazyswarm2/systemtests) by extension 'ignore'
[1.778s] Level 1:colcon.colcon_core.package_identification:_identify(crazyswarm2/systemtests) by extension 'ignore_ament_install'
[1.778s] Level 1:colcon.colcon_core.package_identification:_identify(crazyswarm2/systemtests) by extensions ['colcon_pkg']
[1.778s] Level 1:colcon.colcon_core.package_identification:_identify(crazyswarm2/systemtests) by extension 'colcon_pkg'
[1.778s] Level 1:colcon.colcon_core.package_identification:_identify(crazyswarm2/systemtests) by extensions ['colcon_meta']
[1.778s] Level 1:colcon.colcon_core.package_identification:_identify(crazyswarm2/systemtests) by extension 'colcon_meta'
[1.778s] Level 1:colcon.colcon_core.package_identification:_identify(crazyswarm2/systemtests) by extensions ['ros']
[1.779s] Level 1:colcon.colcon_core.package_identification:_identify(crazyswarm2/systemtests) by extension 'ros'
[1.779s] Level 1:colcon.colcon_core.package_identification:_identify(crazyswarm2/systemtests) by extensions ['cmake', 'python']
[1.779s] Level 1:colcon.colcon_core.package_identification:_identify(crazyswarm2/systemtests) by extension 'cmake'
[1.779s] Level 1:colcon.colcon_core.package_identification:_identify(crazyswarm2/systemtests) by extension 'python'
[1.779s] Level 1:colcon.colcon_core.package_identification:_identify(crazyswarm2/systemtests) by extensions ['python_setup_py']
[1.779s] Level 1:colcon.colcon_core.package_identification:_identify(crazyswarm2/systemtests) by extension 'python_setup_py'
[1.779s] Level 1:colcon.colcon_core.package_identification:_identify(install) by extensions ['ignore', 'ignore_ament_install']
[1.779s] Level 1:colcon.colcon_core.package_identification:_identify(install) by extension 'ignore'
[1.779s] Level 1:colcon.colcon_core.package_identification:_identify(install) ignored
[1.779s] Level 1:colcon.colcon_core.package_identification:_identify(log) by extensions ['ignore', 'ignore_ament_install']
[1.779s] Level 1:colcon.colcon_core.package_identification:_identify(log) by extension 'ignore'
[1.779s] Level 1:colcon.colcon_core.package_identification:_identify(log) ignored
[1.780s] Level 1:colcon.colcon_core.package_identification:_identify(motion_capture_tracking) by extensions ['ignore', 'ignore_ament_install']
[1.780s] Level 1:colcon.colcon_core.package_identification:_identify(motion_capture_tracking) by extension 'ignore'
[1.780s] Level 1:colcon.colcon_core.package_identification:_identify(motion_capture_tracking) by extension 'ignore_ament_install'
[1.780s] Level 1:colcon.colcon_core.package_identification:_identify(motion_capture_tracking) by extensions ['colcon_pkg']
[1.780s] Level 1:colcon.colcon_core.package_identification:_identify(motion_capture_tracking) by extension 'colcon_pkg'
[1.780s] Level 1:colcon.colcon_core.package_identification:_identify(motion_capture_tracking) by extensions ['colcon_meta']
[1.780s] Level 1:colcon.colcon_core.package_identification:_identify(motion_capture_tracking) by extension 'colcon_meta'
[1.780s] Level 1:colcon.colcon_core.package_identification:_identify(motion_capture_tracking) by extensions ['ros']
[1.780s] Level 1:colcon.colcon_core.package_identification:_identify(motion_capture_tracking) by extension 'ros'
[1.780s] Level 1:colcon.colcon_core.package_identification:_identify(motion_capture_tracking) by extensions ['cmake', 'python']
[1.780s] Level 1:colcon.colcon_core.package_identification:_identify(motion_capture_tracking) by extension 'cmake'
[1.780s] Level 1:colcon.colcon_core.package_identification:_identify(motion_capture_tracking) by extension 'python'
[1.780s] Level 1:colcon.colcon_core.package_identification:_identify(motion_capture_tracking) by extensions ['python_setup_py']
[1.780s] Level 1:colcon.colcon_core.package_identification:_identify(motion_capture_tracking) by extension 'python_setup_py'
[1.781s] Level 1:colcon.colcon_core.package_identification:_identify(motion_capture_tracking/motion_capture_tracking) by extensions ['ignore', 'ignore_ament_install']
[1.781s] Level 1:colcon.colcon_core.package_identification:_identify(motion_capture_tracking/motion_capture_tracking) by extension 'ignore'
[1.781s] Level 1:colcon.colcon_core.package_identification:_identify(motion_capture_tracking/motion_capture_tracking) by extension 'ignore_ament_install'
[1.781s] Level 1:colcon.colcon_core.package_identification:_identify(motion_capture_tracking/motion_capture_tracking) by extensions ['colcon_pkg']
[1.781s] Level 1:colcon.colcon_core.package_identification:_identify(motion_capture_tracking/motion_capture_tracking) by extension 'colcon_pkg'
[1.781s] Level 1:colcon.colcon_core.package_identification:_identify(motion_capture_tracking/motion_capture_tracking) by extensions ['colcon_meta']
[1.781s] Level 1:colcon.colcon_core.package_identification:_identify(motion_capture_tracking/motion_capture_tracking) by extension 'colcon_meta'
[1.781s] Level 1:colcon.colcon_core.package_identification:_identify(motion_capture_tracking/motion_capture_tracking) by extensions ['ros']
[1.781s] Level 1:colcon.colcon_core.package_identification:_identify(motion_capture_tracking/motion_capture_tracking) by extension 'ros'
[1.782s] DEBUG:colcon.colcon_core.package_identification:Package 'motion_capture_tracking/motion_capture_tracking' with type 'ros.ament_cmake' and name 'motion_capture_tracking'
[1.783s] Level 1:colcon.colcon_core.package_identification:_identify(motion_capture_tracking/motion_capture_tracking_interfaces) by extensions ['ignore', 'ignore_ament_install']
[1.783s] Level 1:colcon.colcon_core.package_identification:_identify(motion_capture_tracking/motion_capture_tracking_interfaces) by extension 'ignore'
[1.783s] Level 1:colcon.colcon_core.package_identification:_identify(motion_capture_tracking/motion_capture_tracking_interfaces) by extension 'ignore_ament_install'
[1.783s] Level 1:colcon.colcon_core.package_identification:_identify(motion_capture_tracking/motion_capture_tracking_interfaces) by extensions ['colcon_pkg']
[1.783s] Level 1:colcon.colcon_core.package_identification:_identify(motion_capture_tracking/motion_capture_tracking_interfaces) by extension 'colcon_pkg'
[1.783s] Level 1:colcon.colcon_core.package_identification:_identify(motion_capture_tracking/motion_capture_tracking_interfaces) by extensions ['colcon_meta']
[1.783s] Level 1:colcon.colcon_core.package_identification:_identify(motion_capture_tracking/motion_capture_tracking_interfaces) by extension 'colcon_meta'
[1.783s] Level 1:colcon.colcon_core.package_identification:_identify(motion_capture_tracking/motion_capture_tracking_interfaces) by extensions ['ros']
[1.783s] Level 1:colcon.colcon_core.package_identification:_identify(motion_capture_tracking/motion_capture_tracking_interfaces) by extension 'ros'
[1.784s] DEBUG:colcon.colcon_core.package_identification:Package 'motion_capture_tracking/motion_capture_tracking_interfaces' with type 'ros.ament_cmake' and name 'motion_capture_tracking_interfaces'
[1.784s] Level 1:colcon.colcon_core.package_discovery:discover_packages(recursive) using defaults
[1.784s] Level 1:colcon.colcon_core.package_discovery:discover_packages(ignore) discover
[1.784s] Level 1:colcon.colcon_core.package_discovery:discover_packages(ignore) using defaults
[1.784s] Level 1:colcon.colcon_core.package_discovery:discover_packages(path) discover
[1.784s] Level 1:colcon.colcon_core.package_discovery:discover_packages(path) using defaults
[1.921s] Level 1:colcon.colcon_core.package_discovery:discover_packages(prefix_path) check parameters
[1.921s] Level 1:colcon.colcon_core.package_discovery:discover_packages(prefix_path) discover
[1.965s] DEBUG:colcon.colcon_installed_package_information.package_discovery:Found 303 installed packages in /opt/ros/humble
[1.967s] Level 1:colcon.colcon_core.package_discovery:discover_packages(prefix_path) using defaults
[2.113s] Level 5:colcon.colcon_core.verb:set package 'crazyflie_interfaces' build argument 'cmake_args' from command line to 'None'
[2.113s] Level 5:colcon.colcon_core.verb:set package 'crazyflie_interfaces' build argument 'cmake_target' from command line to 'None'
[2.113s] Level 5:colcon.colcon_core.verb:set package 'crazyflie_interfaces' build argument 'cmake_target_skip_unavailable' from command line to 'False'
[2.113s] Level 5:colcon.colcon_core.verb:set package 'crazyflie_interfaces' build argument 'cmake_clean_cache' from command line to 'False'
[2.113s] Level 5:colcon.colcon_core.verb:set package 'crazyflie_interfaces' build argument 'cmake_clean_first' from command line to 'False'
[2.113s] Level 5:colcon.colcon_core.verb:set package 'crazyflie_interfaces' build argument 'cmake_force_configure' from command line to 'False'
[2.113s] Level 5:colcon.colcon_core.verb:set package 'crazyflie_interfaces' build argument 'ament_cmake_args' from command line to 'None'
[2.113s] Level 5:colcon.colcon_core.verb:set package 'crazyflie_interfaces' build argument 'catkin_cmake_args' from command line to 'None'
[2.113s] Level 5:colcon.colcon_core.verb:set package 'crazyflie_interfaces' build argument 'catkin_skip_building_tests' from command line to 'False'
[2.113s] DEBUG:colcon.colcon_core.verb:Building package 'crazyflie_interfaces' with the following arguments: {'ament_cmake_args': None, 'build_base': '/home/abd/exp_ws/src/build/crazyflie_interfaces', 'catkin_cmake_args': None, 'catkin_skip_building_tests': False, 'cmake_args': None, 'cmake_clean_cache': False, 'cmake_clean_first': False, 'cmake_force_configure': False, 'cmake_target': None, 'cmake_target_skip_unavailable': False, 'install_base': '/home/abd/exp_ws/src/install/crazyflie_interfaces', 'merge_install': False, 'path': '/home/abd/exp_ws/src/crazyswarm2/crazyflie_interfaces', 'symlink_install': False, 'test_result_base': None}
[2.133s] Level 5:colcon.colcon_core.verb:set package 'motion_capture_tracking_interfaces' build argument 'cmake_args' from command line to 'None'
[2.133s] Level 5:colcon.colcon_core.verb:set package 'motion_capture_tracking_interfaces' build argument 'cmake_target' from command line to 'None'
[2.133s] Level 5:colcon.colcon_core.verb:set package 'motion_capture_tracking_interfaces' build argument 'cmake_target_skip_unavailable' from command line to 'False'
[2.133s] Level 5:colcon.colcon_core.verb:set package 'motion_capture_tracking_interfaces' build argument 'cmake_clean_cache' from command line to 'False'
[2.134s] Level 5:colcon.colcon_core.verb:set package 'motion_capture_tracking_interfaces' build argument 'cmake_clean_first' from command line to 'False'
[2.134s] Level 5:colcon.colcon_core.verb:set package 'motion_capture_tracking_interfaces' build argument 'cmake_force_configure' from command line to 'False'
[2.134s] Level 5:colcon.colcon_core.verb:set package 'motion_capture_tracking_interfaces' build argument 'ament_cmake_args' from command line to 'None'
[2.134s] Level 5:colcon.colcon_core.verb:set package 'motion_capture_tracking_interfaces' build argument 'catkin_cmake_args' from command line to 'None'
[2.134s] Level 5:colcon.colcon_core.verb:set package 'motion_capture_tracking_interfaces' build argument 'catkin_skip_building_tests' from command line to 'False'
[2.134s] DEBUG:colcon.colcon_core.verb:Building package 'motion_capture_tracking_interfaces' with the following arguments: {'ament_cmake_args': None, 'build_base': '/home/abd/exp_ws/src/build/motion_capture_tracking_interfaces', 'catkin_cmake_args': None, 'catkin_skip_building_tests': False, 'cmake_args': None, 'cmake_clean_cache': False, 'cmake_clean_first': False, 'cmake_force_configure': False, 'cmake_target': None, 'cmake_target_skip_unavailable': False, 'install_base': '/home/abd/exp_ws/src/install/motion_capture_tracking_interfaces', 'merge_install': False, 'path': '/home/abd/exp_ws/src/motion_capture_tracking/motion_capture_tracking_interfaces', 'symlink_install': False, 'test_result_base': None}
[2.154s] Level 5:colcon.colcon_core.verb:set package 'crazyflie' build argument 'cmake_args' from command line to 'None'
[2.154s] Level 5:colcon.colcon_core.verb:set package 'crazyflie' build argument 'cmake_target' from command line to 'None'
[2.154s] Level 5:colcon.colcon_core.verb:set package 'crazyflie' build argument 'cmake_target_skip_unavailable' from command line to 'False'
[2.154s] Level 5:colcon.colcon_core.verb:set package 'crazyflie' build argument 'cmake_clean_cache' from command line to 'False'
[2.154s] Level 5:colcon.colcon_core.verb:set package 'crazyflie' build argument 'cmake_clean_first' from command line to 'False'
[2.154s] Level 5:colcon.colcon_core.verb:set package 'crazyflie' build argument 'cmake_force_configure' from command line to 'False'
[2.154s] Level 5:colcon.colcon_core.verb:set package 'crazyflie' build argument 'ament_cmake_args' from command line to 'None'
[2.154s] Level 5:colcon.colcon_core.verb:set package 'crazyflie' build argument 'catkin_cmake_args' from command line to 'None'
[2.154s] Level 5:colcon.colcon_core.verb:set package 'crazyflie' build argument 'catkin_skip_building_tests' from command line to 'False'
[2.154s] DEBUG:colcon.colcon_core.verb:Building package 'crazyflie' with the following arguments: {'ament_cmake_args': None, 'build_base': '/home/abd/exp_ws/src/build/crazyflie', 'catkin_cmake_args': None, 'catkin_skip_building_tests': False, 'cmake_args': None, 'cmake_clean_cache': False, 'cmake_clean_first': False, 'cmake_force_configure': False, 'cmake_target': None, 'cmake_target_skip_unavailable': False, 'install_base': '/home/abd/exp_ws/src/install/crazyflie', 'merge_install': False, 'path': '/home/abd/exp_ws/src/crazyswarm2/crazyflie', 'symlink_install': False, 'test_result_base': None}
[2.175s] Level 5:colcon.colcon_core.verb:set package 'crazyflie_py' build argument 'cmake_args' from command line to 'None'
[2.175s] Level 5:colcon.colcon_core.verb:set package 'crazyflie_py' build argument 'cmake_target' from command line to 'None'
[2.175s] Level 5:colcon.colcon_core.verb:set package 'crazyflie_py' build argument 'cmake_target_skip_unavailable' from command line to 'False'
[2.175s] Level 5:colcon.colcon_core.verb:set package 'crazyflie_py' build argument 'cmake_clean_cache' from command line to 'False'
[2.175s] Level 5:colcon.colcon_core.verb:set package 'crazyflie_py' build argument 'cmake_clean_first' from command line to 'False'
[2.175s] Level 5:colcon.colcon_core.verb:set package 'crazyflie_py' build argument 'cmake_force_configure' from command line to 'False'
[2.175s] Level 5:colcon.colcon_core.verb:set package 'crazyflie_py' build argument 'ament_cmake_args' from command line to 'None'
[2.175s] Level 5:colcon.colcon_core.verb:set package 'crazyflie_py' build argument 'catkin_cmake_args' from command line to 'None'
[2.175s] Level 5:colcon.colcon_core.verb:set package 'crazyflie_py' build argument 'catkin_skip_building_tests' from command line to 'False'
[2.175s] DEBUG:colcon.colcon_core.verb:Building package 'crazyflie_py' with the following arguments: {'ament_cmake_args': None, 'build_base': '/home/abd/exp_ws/src/build/crazyflie_py', 'catkin_cmake_args': None, 'catkin_skip_building_tests': False, 'cmake_args': None, 'cmake_clean_cache': False, 'cmake_clean_first': False, 'cmake_force_configure': False, 'cmake_target': None, 'cmake_target_skip_unavailable': False, 'install_base': '/home/abd/exp_ws/src/install/crazyflie_py', 'merge_install': False, 'path': '/home/abd/exp_ws/src/crazyswarm2/crazyflie_py', 'symlink_install': False, 'test_result_base': None}
[2.195s] Level 5:colcon.colcon_core.verb:set package 'crazyflie_sim' build argument 'cmake_args' from command line to 'None'
[2.196s] Level 5:colcon.colcon_core.verb:set package 'crazyflie_sim' build argument 'cmake_target' from command line to 'None'
[2.196s] Level 5:colcon.colcon_core.verb:set package 'crazyflie_sim' build argument 'cmake_target_skip_unavailable' from command line to 'False'
[2.196s] Level 5:colcon.colcon_core.verb:set package 'crazyflie_sim' build argument 'cmake_clean_cache' from command line to 'False'
[2.196s] Level 5:colcon.colcon_core.verb:set package 'crazyflie_sim' build argument 'cmake_clean_first' from command line to 'False'
[2.196s] Level 5:colcon.colcon_core.verb:set package 'crazyflie_sim' build argument 'cmake_force_configure' from command line to 'False'
[2.196s] Level 5:colcon.colcon_core.verb:set package 'crazyflie_sim' build argument 'ament_cmake_args' from command line to 'None'
[2.196s] Level 5:colcon.colcon_core.verb:set package 'crazyflie_sim' build argument 'catkin_cmake_args' from command line to 'None'
[2.196s] Level 5:colcon.colcon_core.verb:set package 'crazyflie_sim' build argument 'catkin_skip_building_tests' from command line to 'False'
[2.196s] DEBUG:colcon.colcon_core.verb:Building package 'crazyflie_sim' with the following arguments: {'ament_cmake_args': None, 'build_base': '/home/abd/exp_ws/src/build/crazyflie_sim', 'catkin_cmake_args': None, 'catkin_skip_building_tests': False, 'cmake_args': None, 'cmake_clean_cache': False, 'cmake_clean_first': False, 'cmake_force_configure': False, 'cmake_target': None, 'cmake_target_skip_unavailable': False, 'install_base': '/home/abd/exp_ws/src/install/crazyflie_sim', 'merge_install': False, 'path': '/home/abd/exp_ws/src/crazyswarm2/crazyflie_sim', 'symlink_install': False, 'test_result_base': None}
[2.216s] Level 5:colcon.colcon_core.verb:set package 'motion_capture_tracking' build argument 'cmake_args' from command line to 'None'
[2.216s] Level 5:colcon.colcon_core.verb:set package 'motion_capture_tracking' build argument 'cmake_target' from command line to 'None'
[2.216s] Level 5:colcon.colcon_core.verb:set package 'motion_capture_tracking' build argument 'cmake_target_skip_unavailable' from command line to 'False'
[2.216s] Level 5:colcon.colcon_core.verb:set package 'motion_capture_tracking' build argument 'cmake_clean_cache' from command line to 'False'
[2.216s] Level 5:colcon.colcon_core.verb:set package 'motion_capture_tracking' build argument 'cmake_clean_first' from command line to 'False'
[2.216s] Level 5:colcon.colcon_core.verb:set package 'motion_capture_tracking' build argument 'cmake_force_configure' from command line to 'False'
[2.216s] Level 5:colcon.colcon_core.verb:set package 'motion_capture_tracking' build argument 'ament_cmake_args' from command line to 'None'
[2.216s] Level 5:colcon.colcon_core.verb:set package 'motion_capture_tracking' build argument 'catkin_cmake_args' from command line to 'None'
[2.216s] Level 5:colcon.colcon_core.verb:set package 'motion_capture_tracking' build argument 'catkin_skip_building_tests' from command line to 'False'
[2.217s] DEBUG:colcon.colcon_core.verb:Building package 'motion_capture_tracking' with the following arguments: {'ament_cmake_args': None, 'build_base': '/home/abd/exp_ws/src/build/motion_capture_tracking', 'catkin_cmake_args': None, 'catkin_skip_building_tests': False, 'cmake_args': None, 'cmake_clean_cache': False, 'cmake_clean_first': False, 'cmake_force_configure': False, 'cmake_target': None, 'cmake_target_skip_unavailable': False, 'install_base': '/home/abd/exp_ws/src/install/motion_capture_tracking', 'merge_install': False, 'path': '/home/abd/exp_ws/src/motion_capture_tracking/motion_capture_tracking', 'symlink_install': False, 'test_result_base': None}
[2.237s] Level 5:colcon.colcon_core.verb:set package 'crazyflie_examples' build argument 'cmake_args' from command line to 'None'
[2.237s] Level 5:colcon.colcon_core.verb:set package 'crazyflie_examples' build argument 'cmake_target' from command line to 'None'
[2.237s] Level 5:colcon.colcon_core.verb:set package 'crazyflie_examples' build argument 'cmake_target_skip_unavailable' from command line to 'False'
[2.237s] Level 5:colcon.colcon_core.verb:set package 'crazyflie_examples' build argument 'cmake_clean_cache' from command line to 'False'
[2.237s] Level 5:colcon.colcon_core.verb:set package 'crazyflie_examples' build argument 'cmake_clean_first' from command line to 'False'
[2.237s] Level 5:colcon.colcon_core.verb:set package 'crazyflie_examples' build argument 'cmake_force_configure' from command line to 'False'
[2.237s] Level 5:colcon.colcon_core.verb:set package 'crazyflie_examples' build argument 'ament_cmake_args' from command line to 'None'
[2.237s] Level 5:colcon.colcon_core.verb:set package 'crazyflie_examples' build argument 'catkin_cmake_args' from command line to 'None'
[2.237s] Level 5:colcon.colcon_core.verb:set package 'crazyflie_examples' build argument 'catkin_skip_building_tests' from command line to 'False'
[2.237s] DEBUG:colcon.colcon_core.verb:Building package 'crazyflie_examples' with the following arguments: {'ament_cmake_args': None, 'build_base': '/home/abd/exp_ws/src/build/crazyflie_examples', 'catkin_cmake_args': None, 'catkin_skip_building_tests': False, 'cmake_args': None, 'cmake_clean_cache': False, 'cmake_clean_first': False, 'cmake_force_configure': False, 'cmake_target': None, 'cmake_target_skip_unavailable': False, 'install_base': '/home/abd/exp_ws/src/install/crazyflie_examples', 'merge_install': False, 'path': '/home/abd/exp_ws/src/crazyswarm2/crazyflie_examples', 'symlink_install': False, 'test_result_base': None}
[2.257s] INFO:colcon.colcon_core.executor:Executing jobs using 'parallel' executor
[2.278s] DEBUG:colcon.colcon_parallel_executor.executor.parallel:run_until_complete
[2.279s] INFO:colcon.colcon_ros.task.ament_cmake.build:Building ROS package in '/home/abd/exp_ws/src/crazyswarm2/crazyflie_interfaces' with build type 'ament_cmake'
[2.279s] INFO:colcon.colcon_cmake.task.cmake.build:Building CMake package in '/home/abd/exp_ws/src/crazyswarm2/crazyflie_interfaces'
[2.305s] INFO:colcon.colcon_core.plugin_system:Skipping extension 'colcon_core.shell.bat': Not used on non-Windows systems
[2.305s] INFO:colcon.colcon_core.shell:Skip shell extension 'powershell' for command environment: Not usable outside of PowerShell
[2.305s] DEBUG:colcon.colcon_core.shell:Skip shell extension 'dsv' for command environment
[2.350s] INFO:colcon.colcon_ros.task.ament_cmake.build:Building ROS package in '/home/abd/exp_ws/src/motion_capture_tracking/motion_capture_tracking_interfaces' with build type 'ament_cmake'
[2.350s] INFO:colcon.colcon_cmake.task.cmake.build:Building CMake package in '/home/abd/exp_ws/src/motion_capture_tracking/motion_capture_tracking_interfaces'
[2.372s] INFO:colcon.colcon_core.shell:Skip shell extension 'powershell' for command environment: Not usable outside of PowerShell
[2.372s] DEBUG:colcon.colcon_core.shell:Skip shell extension 'dsv' for command environment
[2.432s] DEBUG:colcon.colcon_core.event_handler.log_command:Invoking command in '/home/abd/exp_ws/src/build/crazyflie_interfaces': CMAKE_PREFIX_PATH=/opt/ros/humble /usr/bin/cmake /home/abd/exp_ws/src/crazyswarm2/crazyflie_interfaces -DCMAKE_INSTALL_PREFIX=/home/abd/exp_ws/src/install/crazyflie_interfaces
[2.442s] DEBUG:colcon.colcon_core.event_handler.log_command:Invoking command in '/home/abd/exp_ws/src/build/motion_capture_tracking_interfaces': CMAKE_PREFIX_PATH=/opt/ros/humble /usr/bin/cmake /home/abd/exp_ws/src/motion_capture_tracking/motion_capture_tracking_interfaces -DCMAKE_INSTALL_PREFIX=/home/abd/exp_ws/src/install/motion_capture_tracking_interfaces
[5.688s] DEBUG:colcon.colcon_core.event_handler.log_command:Invoked command in '/home/abd/exp_ws/src/build/motion_capture_tracking_interfaces' returned '0': CMAKE_PREFIX_PATH=/opt/ros/humble /usr/bin/cmake /home/abd/exp_ws/src/motion_capture_tracking/motion_capture_tracking_interfaces -DCMAKE_INSTALL_PREFIX=/home/abd/exp_ws/src/install/motion_capture_tracking_interfaces
[5.691s] DEBUG:colcon.colcon_core.event_handler.log_command:Invoking command in '/home/abd/exp_ws/src/build/motion_capture_tracking_interfaces': CMAKE_PREFIX_PATH=/opt/ros/humble /usr/bin/cmake --build /home/abd/exp_ws/src/build/motion_capture_tracking_interfaces -- -j12 -l12
[5.953s] DEBUG:colcon.colcon_core.event_handler.log_command:Invoked command in '/home/abd/exp_ws/src/build/crazyflie_interfaces' returned '0': CMAKE_PREFIX_PATH=/opt/ros/humble /usr/bin/cmake /home/abd/exp_ws/src/crazyswarm2/crazyflie_interfaces -DCMAKE_INSTALL_PREFIX=/home/abd/exp_ws/src/install/crazyflie_interfaces
[5.956s] DEBUG:colcon.colcon_core.event_handler.log_command:Invoking command in '/home/abd/exp_ws/src/build/crazyflie_interfaces': CMAKE_PREFIX_PATH=/opt/ros/humble /usr/bin/cmake --build /home/abd/exp_ws/src/build/crazyflie_interfaces -- -j12 -l12
[9.312s] DEBUG:colcon.colcon_core.event_handler.log_command:Invoked command in '/home/abd/exp_ws/src/build/motion_capture_tracking_interfaces' returned '0': CMAKE_PREFIX_PATH=/opt/ros/humble /usr/bin/cmake --build /home/abd/exp_ws/src/build/motion_capture_tracking_interfaces -- -j12 -l12
[9.475s] DEBUG:colcon.colcon_core.event_handler.log_command:Invoking command in '/home/abd/exp_ws/src/build/motion_capture_tracking_interfaces': CMAKE_PREFIX_PATH=/opt/ros/humble /usr/bin/cmake --install /home/abd/exp_ws/src/build/motion_capture_tracking_interfaces
[9.608s] Level 1:colcon.colcon_core.environment:create_environment_scripts_only(motion_capture_tracking_interfaces)
[9.613s] DEBUG:colcon.colcon_core.event_handler.log_command:Invoked command in '/home/abd/exp_ws/src/build/motion_capture_tracking_interfaces' returned '0': CMAKE_PREFIX_PATH=/opt/ros/humble /usr/bin/cmake --install /home/abd/exp_ws/src/build/motion_capture_tracking_interfaces
[9.654s] Level 1:colcon.colcon_core.environment:checking '/home/abd/exp_ws/src/install/motion_capture_tracking_interfaces' for CMake module files
[9.656s] Level 1:colcon.colcon_core.environment:checking '/home/abd/exp_ws/src/install/motion_capture_tracking_interfaces' for CMake config files
[9.657s] Level 1:colcon.colcon_core.shell:create_environment_hook('motion_capture_tracking_interfaces', 'cmake_prefix_path')
[9.696s] INFO:colcon.colcon_core.shell:Creating environment hook '/home/abd/exp_ws/src/install/motion_capture_tracking_interfaces/share/motion_capture_tracking_interfaces/hook/cmake_prefix_path.ps1'
[9.698s] INFO:colcon.colcon_core.shell:Creating environment descriptor '/home/abd/exp_ws/src/install/motion_capture_tracking_interfaces/share/motion_capture_tracking_interfaces/hook/cmake_prefix_path.dsv'
[9.699s] INFO:colcon.colcon_core.shell:Creating environment hook '/home/abd/exp_ws/src/install/motion_capture_tracking_interfaces/share/motion_capture_tracking_interfaces/hook/cmake_prefix_path.sh'
[9.702s] Level 1:colcon.colcon_core.environment:checking '/home/abd/exp_ws/src/install/motion_capture_tracking_interfaces/lib'
[9.702s] Level 1:colcon.colcon_core.shell:create_environment_hook('motion_capture_tracking_interfaces', 'ld_library_path_lib')
[9.733s] INFO:colcon.colcon_core.shell:Creating environment hook '/home/abd/exp_ws/src/install/motion_capture_tracking_interfaces/share/motion_capture_tracking_interfaces/hook/ld_library_path_lib.ps1'
[9.734s] INFO:colcon.colcon_core.shell:Creating environment descriptor '/home/abd/exp_ws/src/install/motion_capture_tracking_interfaces/share/motion_capture_tracking_interfaces/hook/ld_library_path_lib.dsv'
[9.734s] INFO:colcon.colcon_core.shell:Creating environment hook '/home/abd/exp_ws/src/install/motion_capture_tracking_interfaces/share/motion_capture_tracking_interfaces/hook/ld_library_path_lib.sh'
[9.735s] Level 1:colcon.colcon_core.environment:checking '/home/abd/exp_ws/src/install/motion_capture_tracking_interfaces/bin'
[9.735s] Level 1:colcon.colcon_core.environment:checking '/home/abd/exp_ws/src/install/motion_capture_tracking_interfaces/lib/pkgconfig/motion_capture_tracking_interfaces.pc'
[9.735s] Level 1:colcon.colcon_core.environment:checking '/home/abd/exp_ws/src/install/motion_capture_tracking_interfaces/lib/python3.10/site-packages'
[9.736s] Level 1:colcon.colcon_core.environment:checking '/home/abd/exp_ws/src/install/motion_capture_tracking_interfaces/bin'
[9.777s] INFO:colcon.colcon_core.shell:Creating package script '/home/abd/exp_ws/src/install/motion_capture_tracking_interfaces/share/motion_capture_tracking_interfaces/package.ps1'
[9.778s] INFO:colcon.colcon_core.shell:Creating package descriptor '/home/abd/exp_ws/src/install/motion_capture_tracking_interfaces/share/motion_capture_tracking_interfaces/package.dsv'
[9.779s] INFO:colcon.colcon_core.shell:Creating package script '/home/abd/exp_ws/src/install/motion_capture_tracking_interfaces/share/motion_capture_tracking_interfaces/package.sh'
[9.781s] INFO:colcon.colcon_core.shell:Creating package script '/home/abd/exp_ws/src/install/motion_capture_tracking_interfaces/share/motion_capture_tracking_interfaces/package.bash'
[9.783s] INFO:colcon.colcon_core.shell:Creating package script '/home/abd/exp_ws/src/install/motion_capture_tracking_interfaces/share/motion_capture_tracking_interfaces/package.zsh'
[9.784s] Level 1:colcon.colcon_core.environment:create_file_with_runtime_dependencies(/home/abd/exp_ws/src/install/motion_capture_tracking_interfaces/share/colcon-core/packages/motion_capture_tracking_interfaces)
[10.304s] Level 1:colcon.colcon_core.environment:create_environment_scripts_only(motion_capture_tracking_interfaces)
[10.357s] Level 1:colcon.colcon_core.environment:checking '/home/abd/exp_ws/src/install/motion_capture_tracking_interfaces' for CMake module files
[10.358s] Level 1:colcon.colcon_core.environment:checking '/home/abd/exp_ws/src/install/motion_capture_tracking_interfaces' for CMake config files
[10.359s] Level 1:colcon.colcon_core.shell:create_environment_hook('motion_capture_tracking_interfaces', 'cmake_prefix_path')
[10.401s] INFO:colcon.colcon_core.shell:Creating environment hook '/home/abd/exp_ws/src/install/motion_capture_tracking_interfaces/share/motion_capture_tracking_interfaces/hook/cmake_prefix_path.ps1'
[10.401s] INFO:colcon.colcon_core.shell:Creating environment descriptor '/home/abd/exp_ws/src/install/motion_capture_tracking_interfaces/share/motion_capture_tracking_interfaces/hook/cmake_prefix_path.dsv'
[10.402s] INFO:colcon.colcon_core.shell:Creating environment hook '/home/abd/exp_ws/src/install/motion_capture_tracking_interfaces/share/motion_capture_tracking_interfaces/hook/cmake_prefix_path.sh'
[10.417s] Level 1:colcon.colcon_core.environment:checking '/home/abd/exp_ws/src/install/motion_capture_tracking_interfaces/lib'
[10.417s] Level 1:colcon.colcon_core.shell:create_environment_hook('motion_capture_tracking_interfaces', 'ld_library_path_lib')
[10.451s] INFO:colcon.colcon_core.shell:Creating environment hook '/home/abd/exp_ws/src/install/motion_capture_tracking_interfaces/share/motion_capture_tracking_interfaces/hook/ld_library_path_lib.ps1'
[10.452s] INFO:colcon.colcon_core.shell:Creating environment descriptor '/home/abd/exp_ws/src/install/motion_capture_tracking_interfaces/share/motion_capture_tracking_interfaces/hook/ld_library_path_lib.dsv'
[10.453s] INFO:colcon.colcon_core.shell:Creating environment hook '/home/abd/exp_ws/src/install/motion_capture_tracking_interfaces/share/motion_capture_tracking_interfaces/hook/ld_library_path_lib.sh'
[10.454s] Level 1:colcon.colcon_core.environment:checking '/home/abd/exp_ws/src/install/motion_capture_tracking_interfaces/bin'
[10.454s] Level 1:colcon.colcon_core.environment:checking '/home/abd/exp_ws/src/install/motion_capture_tracking_interfaces/lib/pkgconfig/motion_capture_tracking_interfaces.pc'
[10.454s] Level 1:colcon.colcon_core.environment:checking '/home/abd/exp_ws/src/install/motion_capture_tracking_interfaces/lib/python3.10/site-packages'
[10.455s] Level 1:colcon.colcon_core.environment:checking '/home/abd/exp_ws/src/install/motion_capture_tracking_interfaces/bin'
[10.483s] INFO:colcon.colcon_core.shell:Creating package script '/home/abd/exp_ws/src/install/motion_capture_tracking_interfaces/share/motion_capture_tracking_interfaces/package.ps1'
[10.485s] INFO:colcon.colcon_core.shell:Creating package descriptor '/home/abd/exp_ws/src/install/motion_capture_tracking_interfaces/share/motion_capture_tracking_interfaces/package.dsv'
[10.486s] INFO:colcon.colcon_core.shell:Creating package script '/home/abd/exp_ws/src/install/motion_capture_tracking_interfaces/share/motion_capture_tracking_interfaces/package.sh'
[10.487s] INFO:colcon.colcon_core.shell:Creating package script '/home/abd/exp_ws/src/install/motion_capture_tracking_interfaces/share/motion_capture_tracking_interfaces/package.bash'
[10.488s] INFO:colcon.colcon_core.shell:Creating package script '/home/abd/exp_ws/src/install/motion_capture_tracking_interfaces/share/motion_capture_tracking_interfaces/package.zsh'
[10.489s] Level 1:colcon.colcon_core.environment:create_file_with_runtime_dependencies(/home/abd/exp_ws/src/install/motion_capture_tracking_interfaces/share/colcon-core/packages/motion_capture_tracking_interfaces)
[10.491s] INFO:colcon.colcon_ros.task.ament_cmake.build:Building ROS package in '/home/abd/exp_ws/src/motion_capture_tracking/motion_capture_tracking' with build type 'ament_cmake'
[10.492s] INFO:colcon.colcon_cmake.task.cmake.build:Building CMake package in '/home/abd/exp_ws/src/motion_capture_tracking/motion_capture_tracking'
[10.524s] INFO:colcon.colcon_core.shell:Skip shell extension 'powershell' for command environment: Not usable outside of PowerShell
[10.524s] DEBUG:colcon.colcon_core.shell:Skip shell extension 'dsv' for command environment
[10.624s] DEBUG:colcon.colcon_core.event_handler.log_command:Invoking command in '/home/abd/exp_ws/src/build/motion_capture_tracking': AMENT_PREFIX_PATH=/home/abd/exp_ws/src/install/motion_capture_tracking_interfaces:${AMENT_PREFIX_PATH} CMAKE_PREFIX_PATH=/home/abd/exp_ws/src/install/motion_capture_tracking_interfaces:/opt/ros/humble LD_LIBRARY_PATH=/home/abd/exp_ws/src/install/motion_capture_tracking_interfaces/lib:${LD_LIBRARY_PATH} PYTHONPATH=/home/abd/exp_ws/src/install/motion_capture_tracking_interfaces/local/lib/python3.10/dist-packages:${PYTHONPATH} /usr/bin/cmake /home/abd/exp_ws/src/motion_capture_tracking/motion_capture_tracking -DCMAKE_INSTALL_PREFIX=/home/abd/exp_ws/src/install/motion_capture_tracking
[18.440s] DEBUG:colcon.colcon_core.event_handler.log_command:Invoked command in '/home/abd/exp_ws/src/build/crazyflie_interfaces' returned '0': CMAKE_PREFIX_PATH=/opt/ros/humble /usr/bin/cmake --build /home/abd/exp_ws/src/build/crazyflie_interfaces -- -j12 -l12
[19.116s] DEBUG:colcon.colcon_core.event_handler.log_command:Invoking command in '/home/abd/exp_ws/src/build/crazyflie_interfaces': CMAKE_PREFIX_PATH=/opt/ros/humble /usr/bin/cmake --install /home/abd/exp_ws/src/build/crazyflie_interfaces
[19.309s] Level 1:colcon.colcon_core.environment:create_environment_scripts_only(crazyflie_interfaces)
[19.310s] DEBUG:colcon.colcon_core.event_handler.log_command:Invoked command in '/home/abd/exp_ws/src/build/crazyflie_interfaces' returned '0': CMAKE_PREFIX_PATH=/opt/ros/humble /usr/bin/cmake --install /home/abd/exp_ws/src/build/crazyflie_interfaces
[19.344s] Level 1:colcon.colcon_core.environment:checking '/home/abd/exp_ws/src/install/crazyflie_interfaces' for CMake module files
[19.345s] Level 1:colcon.colcon_core.environment:checking '/home/abd/exp_ws/src/install/crazyflie_interfaces' for CMake config files
[19.346s] Level 1:colcon.colcon_core.shell:create_environment_hook('crazyflie_interfaces', 'cmake_prefix_path')
[19.380s] INFO:colcon.colcon_core.shell:Creating environment hook '/home/abd/exp_ws/src/install/crazyflie_interfaces/share/crazyflie_interfaces/hook/cmake_prefix_path.ps1'
[19.381s] INFO:colcon.colcon_core.shell:Creating environment descriptor '/home/abd/exp_ws/src/install/crazyflie_interfaces/share/crazyflie_interfaces/hook/cmake_prefix_path.dsv'
[19.382s] INFO:colcon.colcon_core.shell:Creating environment hook '/home/abd/exp_ws/src/install/crazyflie_interfaces/share/crazyflie_interfaces/hook/cmake_prefix_path.sh'
[19.383s] Level 1:colcon.colcon_core.environment:checking '/home/abd/exp_ws/src/install/crazyflie_interfaces/lib'
[19.383s] Level 1:colcon.colcon_core.shell:create_environment_hook('crazyflie_interfaces', 'ld_library_path_lib')
[19.402s] INFO:colcon.colcon_core.shell:Creating environment hook '/home/abd/exp_ws/src/install/crazyflie_interfaces/share/crazyflie_interfaces/hook/ld_library_path_lib.ps1'
[19.402s] INFO:colcon.colcon_core.shell:Creating environment descriptor '/home/abd/exp_ws/src/install/crazyflie_interfaces/share/crazyflie_interfaces/hook/ld_library_path_lib.dsv'
[19.402s] INFO:colcon.colcon_core.shell:Creating environment hook '/home/abd/exp_ws/src/install/crazyflie_interfaces/share/crazyflie_interfaces/hook/ld_library_path_lib.sh'
[19.402s] Level 1:colcon.colcon_core.environment:checking '/home/abd/exp_ws/src/install/crazyflie_interfaces/bin'
[19.402s] Level 1:colcon.colcon_core.environment:checking '/home/abd/exp_ws/src/install/crazyflie_interfaces/lib/pkgconfig/crazyflie_interfaces.pc'
[19.403s] Level 1:colcon.colcon_core.environment:checking '/home/abd/exp_ws/src/install/crazyflie_interfaces/lib/python3.10/site-packages'
[19.403s] Level 1:colcon.colcon_core.environment:checking '/home/abd/exp_ws/src/install/crazyflie_interfaces/bin'
[19.416s] INFO:colcon.colcon_core.shell:Creating package script '/home/abd/exp_ws/src/install/crazyflie_interfaces/share/crazyflie_interfaces/package.ps1'
[19.416s] INFO:colcon.colcon_core.shell:Creating package descriptor '/home/abd/exp_ws/src/install/crazyflie_interfaces/share/crazyflie_interfaces/package.dsv'
[19.416s] INFO:colcon.colcon_core.shell:Creating package script '/home/abd/exp_ws/src/install/crazyflie_interfaces/share/crazyflie_interfaces/package.sh'
[19.417s] INFO:colcon.colcon_core.shell:Creating package script '/home/abd/exp_ws/src/install/crazyflie_interfaces/share/crazyflie_interfaces/package.bash'
[19.417s] INFO:colcon.colcon_core.shell:Creating package script '/home/abd/exp_ws/src/install/crazyflie_interfaces/share/crazyflie_interfaces/package.zsh'
[19.417s] Level 1:colcon.colcon_core.environment:create_file_with_runtime_dependencies(/home/abd/exp_ws/src/install/crazyflie_interfaces/share/colcon-core/packages/crazyflie_interfaces)
[20.025s] Level 1:colcon.colcon_core.environment:create_environment_scripts_only(crazyflie_interfaces)
[20.056s] Level 1:colcon.colcon_core.environment:checking '/home/abd/exp_ws/src/install/crazyflie_interfaces' for CMake module files
[20.058s] Level 1:colcon.colcon_core.environment:checking '/home/abd/exp_ws/src/install/crazyflie_interfaces' for CMake config files
[20.059s] Level 1:colcon.colcon_core.shell:create_environment_hook('crazyflie_interfaces', 'cmake_prefix_path')
[20.084s] INFO:colcon.colcon_core.shell:Creating environment hook '/home/abd/exp_ws/src/install/crazyflie_interfaces/share/crazyflie_interfaces/hook/cmake_prefix_path.ps1'
[20.084s] INFO:colcon.colcon_core.shell:Creating environment descriptor '/home/abd/exp_ws/src/install/crazyflie_interfaces/share/crazyflie_interfaces/hook/cmake_prefix_path.dsv'
[20.084s] INFO:colcon.colcon_core.shell:Creating environment hook '/home/abd/exp_ws/src/install/crazyflie_interfaces/share/crazyflie_interfaces/hook/cmake_prefix_path.sh'
[20.085s] Level 1:colcon.colcon_core.environment:checking '/home/abd/exp_ws/src/install/crazyflie_interfaces/lib'
[20.085s] Level 1:colcon.colcon_core.shell:create_environment_hook('crazyflie_interfaces', 'ld_library_path_lib')
[20.098s] INFO:colcon.colcon_core.shell:Creating environment hook '/home/abd/exp_ws/src/install/crazyflie_interfaces/share/crazyflie_interfaces/hook/ld_library_path_lib.ps1'
[20.098s] INFO:colcon.colcon_core.shell:Creating environment descriptor '/home/abd/exp_ws/src/install/crazyflie_interfaces/share/crazyflie_interfaces/hook/ld_library_path_lib.dsv'
[20.099s] INFO:colcon.colcon_core.shell:Creating environment hook '/home/abd/exp_ws/src/install/crazyflie_interfaces/share/crazyflie_interfaces/hook/ld_library_path_lib.sh'
[20.099s] Level 1:colcon.colcon_core.environment:checking '/home/abd/exp_ws/src/install/crazyflie_interfaces/bin'
[20.099s] Level 1:colcon.colcon_core.environment:checking '/home/abd/exp_ws/src/install/crazyflie_interfaces/lib/pkgconfig/crazyflie_interfaces.pc'
[20.099s] Level 1:colcon.colcon_core.environment:checking '/home/abd/exp_ws/src/install/crazyflie_interfaces/lib/python3.10/site-packages'
[20.099s] Level 1:colcon.colcon_core.environment:checking '/home/abd/exp_ws/src/install/crazyflie_interfaces/bin'
[20.112s] INFO:colcon.colcon_core.shell:Creating package script '/home/abd/exp_ws/src/install/crazyflie_interfaces/share/crazyflie_interfaces/package.ps1'
[20.113s] INFO:colcon.colcon_core.shell:Creating package descriptor '/home/abd/exp_ws/src/install/crazyflie_interfaces/share/crazyflie_interfaces/package.dsv'
[20.113s] INFO:colcon.colcon_core.shell:Creating package script '/home/abd/exp_ws/src/install/crazyflie_interfaces/share/crazyflie_interfaces/package.sh'
[20.114s] INFO:colcon.colcon_core.shell:Creating package script '/home/abd/exp_ws/src/install/crazyflie_interfaces/share/crazyflie_interfaces/package.bash'
[20.114s] INFO:colcon.colcon_core.shell:Creating package script '/home/abd/exp_ws/src/install/crazyflie_interfaces/share/crazyflie_interfaces/package.zsh'
[20.114s] Level 1:colcon.colcon_core.environment:create_file_with_runtime_dependencies(/home/abd/exp_ws/src/install/crazyflie_interfaces/share/colcon-core/packages/crazyflie_interfaces)
[20.114s] INFO:colcon.colcon_ros.task.ament_python.build:Building ROS package in '/home/abd/exp_ws/src/crazyswarm2/crazyflie_py' with build type 'ament_python'
[20.115s] Level 1:colcon.colcon_core.shell:create_environment_hook('crazyflie_py', 'ament_prefix_path')
[20.128s] INFO:colcon.colcon_core.shell:Creating environment hook '/home/abd/exp_ws/src/install/crazyflie_py/share/crazyflie_py/hook/ament_prefix_path.ps1'
[20.129s] INFO:colcon.colcon_core.shell:Creating environment descriptor '/home/abd/exp_ws/src/install/crazyflie_py/share/crazyflie_py/hook/ament_prefix_path.dsv'
[20.129s] INFO:colcon.colcon_core.shell:Creating environment hook '/home/abd/exp_ws/src/install/crazyflie_py/share/crazyflie_py/hook/ament_prefix_path.sh'
[20.143s] INFO:colcon.colcon_core.shell:Skip shell extension 'powershell' for command environment: Not usable outside of PowerShell
[20.143s] DEBUG:colcon.colcon_core.shell:Skip shell extension 'dsv' for command environment
[20.176s] INFO:colcon.colcon_ros.task.ament_cmake.build:Building ROS package in '/home/abd/exp_ws/src/crazyswarm2/crazyflie' with build type 'ament_cmake'
[20.177s] INFO:colcon.colcon_cmake.task.cmake.build:Building CMake package in '/home/abd/exp_ws/src/crazyswarm2/crazyflie'
[20.193s] INFO:colcon.colcon_core.shell:Skip shell extension 'powershell' for command environment: Not usable outside of PowerShell
[20.193s] DEBUG:colcon.colcon_core.shell:Skip shell extension 'dsv' for command environment
[20.225s] INFO:colcon.colcon_ros.task.ament_cmake.build:Building ROS package in '/home/abd/exp_ws/src/crazyswarm2/crazyflie_sim' with build type 'ament_cmake'
[20.225s] INFO:colcon.colcon_cmake.task.cmake.build:Building CMake package in '/home/abd/exp_ws/src/crazyswarm2/crazyflie_sim'
[20.240s] INFO:colcon.colcon_core.shell:Skip shell extension 'powershell' for command environment: Not usable outside of PowerShell
[20.240s] DEBUG:colcon.colcon_core.shell:Skip shell extension 'dsv' for command environment
[20.523s] INFO:colcon.colcon_core.task.python.build:Building Python package in '/home/abd/exp_ws/src/crazyswarm2/crazyflie_py'
[20.559s] INFO:colcon.colcon_core.shell:Skip shell extension 'powershell' for command environment: Not usable outside of PowerShell
[20.559s] DEBUG:colcon.colcon_core.shell:Skip shell extension 'dsv' for command environment
[20.607s] DEBUG:colcon.colcon_core.event_handler.log_command:Invoking command in '/home/abd/exp_ws/src/build/crazyflie': AMENT_PREFIX_PATH=/home/abd/exp_ws/src/install/motion_capture_tracking_interfaces:/home/abd/exp_ws/src/install/crazyflie_interfaces:${AMENT_PREFIX_PATH} CMAKE_PREFIX_PATH=/home/abd/exp_ws/src/install/motion_capture_tracking_interfaces:/home/abd/exp_ws/src/install/crazyflie_interfaces:/opt/ros/humble LD_LIBRARY_PATH=/home/abd/exp_ws/src/install/motion_capture_tracking_interfaces/lib:/home/abd/exp_ws/src/install/crazyflie_interfaces/lib:${LD_LIBRARY_PATH} PYTHONPATH=/home/abd/exp_ws/src/install/motion_capture_tracking_interfaces/local/lib/python3.10/dist-packages:/home/abd/exp_ws/src/install/crazyflie_interfaces/local/lib/python3.10/dist-packages:${PYTHONPATH} /usr/bin/cmake /home/abd/exp_ws/src/crazyswarm2/crazyflie -DCMAKE_INSTALL_PREFIX=/home/abd/exp_ws/src/install/crazyflie
[20.611s] DEBUG:colcon.colcon_core.event_handler.log_command:Invoking command in '/home/abd/exp_ws/src/build/crazyflie_sim': AMENT_PREFIX_PATH=/home/abd/exp_ws/src/install/crazyflie_interfaces:${AMENT_PREFIX_PATH} CMAKE_PREFIX_PATH=/home/abd/exp_ws/src/install/crazyflie_interfaces:/opt/ros/humble LD_LIBRARY_PATH=/home/abd/exp_ws/src/install/crazyflie_interfaces/lib:${LD_LIBRARY_PATH} PYTHONPATH=/home/abd/exp_ws/src/install/crazyflie_interfaces/local/lib/python3.10/dist-packages:${PYTHONPATH} /usr/bin/cmake /home/abd/exp_ws/src/crazyswarm2/crazyflie_sim -DCMAKE_INSTALL_PREFIX=/home/abd/exp_ws/src/install/crazyflie_sim
[21.055s] DEBUG:colcon.colcon_core.event_handler.log_command:Invoking command in '/home/abd/exp_ws/src/crazyswarm2/crazyflie_py': AMENT_PREFIX_PATH=/home/abd/exp_ws/src/install/crazyflie_interfaces:${AMENT_PREFIX_PATH} CMAKE_PREFIX_PATH=/home/abd/exp_ws/src/install/crazyflie_interfaces LD_LIBRARY_PATH=/home/abd/exp_ws/src/install/crazyflie_interfaces/lib:${LD_LIBRARY_PATH} PYTHONPATH=/home/abd/exp_ws/src/build/crazyflie_py/prefix_override:/home/abd/exp_ws/src/install/crazyflie_py/lib/python3.10/site-packages:/home/abd/exp_ws/src/install/crazyflie_interfaces/local/lib/python3.10/dist-packages:${PYTHONPATH} /usr/bin/python3 setup.py egg_info --egg-base ../../build/crazyflie_py build --build-base /home/abd/exp_ws/src/build/crazyflie_py/build install --record /home/abd/exp_ws/src/build/crazyflie_py/install.log --single-version-externally-managed
[21.383s] DEBUG:colcon.colcon_core.event_handler.log_command:Invoked command in '/home/abd/exp_ws/src/crazyswarm2/crazyflie_py' returned '0': AMENT_PREFIX_PATH=/home/abd/exp_ws/src/install/crazyflie_interfaces:${AMENT_PREFIX_PATH} CMAKE_PREFIX_PATH=/home/abd/exp_ws/src/install/crazyflie_interfaces LD_LIBRARY_PATH=/home/abd/exp_ws/src/install/crazyflie_interfaces/lib:${LD_LIBRARY_PATH} PYTHONPATH=/home/abd/exp_ws/src/build/crazyflie_py/prefix_override:/home/abd/exp_ws/src/install/crazyflie_py/lib/python3.10/site-packages:/home/abd/exp_ws/src/install/crazyflie_interfaces/local/lib/python3.10/dist-packages:${PYTHONPATH} /usr/bin/python3 setup.py egg_info --egg-base ../../build/crazyflie_py build --build-base /home/abd/exp_ws/src/build/crazyflie_py/build install --record /home/abd/exp_ws/src/build/crazyflie_py/install.log --single-version-externally-managed
[21.402s] Level 1:colcon.colcon_core.environment:checking '/home/abd/exp_ws/src/install/crazyflie_py' for CMake module files
[21.402s] Level 1:colcon.colcon_core.environment:checking '/home/abd/exp_ws/src/install/crazyflie_py' for CMake config files
[21.403s] Level 1:colcon.colcon_core.environment:checking '/home/abd/exp_ws/src/install/crazyflie_py/lib'
[21.403s] Level 1:colcon.colcon_core.environment:checking '/home/abd/exp_ws/src/install/crazyflie_py/bin'
[21.403s] Level 1:colcon.colcon_core.environment:checking '/home/abd/exp_ws/src/install/crazyflie_py/lib/pkgconfig/crazyflie_py.pc'
[21.404s] Level 1:colcon.colcon_core.environment:checking '/home/abd/exp_ws/src/install/crazyflie_py/lib/python3.10/site-packages'
[21.404s] Level 1:colcon.colcon_core.shell:create_environment_hook('crazyflie_py', 'pythonpath')
[21.422s] INFO:colcon.colcon_core.shell:Creating environment hook '/home/abd/exp_ws/src/install/crazyflie_py/share/crazyflie_py/hook/pythonpath.ps1'
[21.423s] INFO:colcon.colcon_core.shell:Creating environment descriptor '/home/abd/exp_ws/src/install/crazyflie_py/share/crazyflie_py/hook/pythonpath.dsv'
[21.423s] INFO:colcon.colcon_core.shell:Creating environment hook '/home/abd/exp_ws/src/install/crazyflie_py/share/crazyflie_py/hook/pythonpath.sh'
[21.423s] Level 1:colcon.colcon_core.environment:checking '/home/abd/exp_ws/src/install/crazyflie_py/bin'
[21.423s] Level 1:colcon.colcon_core.environment:create_environment_scripts_only(crazyflie_py)
[21.439s] INFO:colcon.colcon_core.shell:Creating package script '/home/abd/exp_ws/src/install/crazyflie_py/share/crazyflie_py/package.ps1'
[21.439s] INFO:colcon.colcon_core.shell:Creating package descriptor '/home/abd/exp_ws/src/install/crazyflie_py/share/crazyflie_py/package.dsv'
[21.439s] INFO:colcon.colcon_core.shell:Creating package script '/home/abd/exp_ws/src/install/crazyflie_py/share/crazyflie_py/package.sh'
[21.440s] INFO:colcon.colcon_core.shell:Creating package script '/home/abd/exp_ws/src/install/crazyflie_py/share/crazyflie_py/package.bash'
[21.440s] INFO:colcon.colcon_core.shell:Creating package script '/home/abd/exp_ws/src/install/crazyflie_py/share/crazyflie_py/package.zsh'
[21.440s] Level 1:colcon.colcon_core.environment:create_file_with_runtime_dependencies(/home/abd/exp_ws/src/install/crazyflie_py/share/colcon-core/packages/crazyflie_py)
[21.441s] INFO:colcon.colcon_ros.task.ament_cmake.build:Building ROS package in '/home/abd/exp_ws/src/crazyswarm2/crazyflie_examples' with build type 'ament_cmake'
[21.441s] INFO:colcon.colcon_cmake.task.cmake.build:Building CMake package in '/home/abd/exp_ws/src/crazyswarm2/crazyflie_examples'
[21.465s] INFO:colcon.colcon_core.shell:Skip shell extension 'powershell' for command environment: Not usable outside of PowerShell
[21.465s] DEBUG:colcon.colcon_core.shell:Skip shell extension 'dsv' for command environment
[21.526s] DEBUG:colcon.colcon_core.event_handler.log_command:Invoking command in '/home/abd/exp_ws/src/build/crazyflie_examples': AMENT_PREFIX_PATH=/home/abd/exp_ws/src/install/crazyflie_py:/home/abd/exp_ws/src/install/crazyflie_interfaces:${AMENT_PREFIX_PATH} CMAKE_PREFIX_PATH=/home/abd/exp_ws/src/install/crazyflie_interfaces:/opt/ros/humble LD_LIBRARY_PATH=/home/abd/exp_ws/src/install/crazyflie_interfaces/lib:${LD_LIBRARY_PATH} PYTHONPATH=/home/abd/exp_ws/src/install/crazyflie_py/lib/python3.10/site-packages:/home/abd/exp_ws/src/install/crazyflie_interfaces/local/lib/python3.10/dist-packages:${PYTHONPATH} /usr/bin/cmake /home/abd/exp_ws/src/crazyswarm2/crazyflie_examples -DCMAKE_INSTALL_PREFIX=/home/abd/exp_ws/src/install/crazyflie_examples
[21.547s] DEBUG:colcon.colcon_core.event_handler.log_command:Invoked command in '/home/abd/exp_ws/src/build/motion_capture_tracking' returned '0': AMENT_PREFIX_PATH=/home/abd/exp_ws/src/install/motion_capture_tracking_interfaces:${AMENT_PREFIX_PATH} CMAKE_PREFIX_PATH=/home/abd/exp_ws/src/install/motion_capture_tracking_interfaces:/opt/ros/humble LD_LIBRARY_PATH=/home/abd/exp_ws/src/install/motion_capture_tracking_interfaces/lib:${LD_LIBRARY_PATH} PYTHONPATH=/home/abd/exp_ws/src/install/motion_capture_tracking_interfaces/local/lib/python3.10/dist-packages:${PYTHONPATH} /usr/bin/cmake /home/abd/exp_ws/src/motion_capture_tracking/motion_capture_tracking -DCMAKE_INSTALL_PREFIX=/home/abd/exp_ws/src/install/motion_capture_tracking
[21.549s] DEBUG:colcon.colcon_core.event_handler.log_command:Invoking command in '/home/abd/exp_ws/src/build/motion_capture_tracking': AMENT_PREFIX_PATH=/home/abd/exp_ws/src/install/motion_capture_tracking_interfaces:${AMENT_PREFIX_PATH} CMAKE_PREFIX_PATH=/home/abd/exp_ws/src/install/motion_capture_tracking_interfaces:/opt/ros/humble LD_LIBRARY_PATH=/home/abd/exp_ws/src/install/motion_capture_tracking_interfaces/lib:${LD_LIBRARY_PATH} PYTHONPATH=/home/abd/exp_ws/src/install/motion_capture_tracking_interfaces/local/lib/python3.10/dist-packages:${PYTHONPATH} /usr/bin/cmake --build /home/abd/exp_ws/src/build/motion_capture_tracking -- -j12 -l12
[23.141s] DEBUG:colcon.colcon_core.event_handler.log_command:Invoked command in '/home/abd/exp_ws/src/build/crazyflie_sim' returned '0': AMENT_PREFIX_PATH=/home/abd/exp_ws/src/install/crazyflie_interfaces:${AMENT_PREFIX_PATH} CMAKE_PREFIX_PATH=/home/abd/exp_ws/src/install/crazyflie_interfaces:/opt/ros/humble LD_LIBRARY_PATH=/home/abd/exp_ws/src/install/crazyflie_interfaces/lib:${LD_LIBRARY_PATH} PYTHONPATH=/home/abd/exp_ws/src/install/crazyflie_interfaces/local/lib/python3.10/dist-packages:${PYTHONPATH} /usr/bin/cmake /home/abd/exp_ws/src/crazyswarm2/crazyflie_sim -DCMAKE_INSTALL_PREFIX=/home/abd/exp_ws/src/install/crazyflie_sim
[23.150s] DEBUG:colcon.colcon_core.event_handler.log_command:Invoking command in '/home/abd/exp_ws/src/build/crazyflie_sim': AMENT_PREFIX_PATH=/home/abd/exp_ws/src/install/crazyflie_interfaces:${AMENT_PREFIX_PATH} CMAKE_PREFIX_PATH=/home/abd/exp_ws/src/install/crazyflie_interfaces:/opt/ros/humble LD_LIBRARY_PATH=/home/abd/exp_ws/src/install/crazyflie_interfaces/lib:${LD_LIBRARY_PATH} PYTHONPATH=/home/abd/exp_ws/src/install/crazyflie_interfaces/local/lib/python3.10/dist-packages:${PYTHONPATH} /usr/bin/cmake --build /home/abd/exp_ws/src/build/crazyflie_sim -- -j12 -l12
[24.499s] DEBUG:colcon.colcon_core.event_handler.log_command:Invoked command in '/home/abd/exp_ws/src/build/crazyflie_sim' returned '0': AMENT_PREFIX_PATH=/home/abd/exp_ws/src/install/crazyflie_interfaces:${AMENT_PREFIX_PATH} CMAKE_PREFIX_PATH=/home/abd/exp_ws/src/install/crazyflie_interfaces:/opt/ros/humble LD_LIBRARY_PATH=/home/abd/exp_ws/src/install/crazyflie_interfaces/lib:${LD_LIBRARY_PATH} PYTHONPATH=/home/abd/exp_ws/src/install/crazyflie_interfaces/local/lib/python3.10/dist-packages:${PYTHONPATH} /usr/bin/cmake --build /home/abd/exp_ws/src/build/crazyflie_sim -- -j12 -l12
[24.713s] DEBUG:colcon.colcon_core.event_handler.log_command:Invoked command in '/home/abd/exp_ws/src/build/crazyflie' returned '0': AMENT_PREFIX_PATH=/home/abd/exp_ws/src/install/motion_capture_tracking_interfaces:/home/abd/exp_ws/src/install/crazyflie_interfaces:${AMENT_PREFIX_PATH} CMAKE_PREFIX_PATH=/home/abd/exp_ws/src/install/motion_capture_tracking_interfaces:/home/abd/exp_ws/src/install/crazyflie_interfaces:/opt/ros/humble LD_LIBRARY_PATH=/home/abd/exp_ws/src/install/motion_capture_tracking_interfaces/lib:/home/abd/exp_ws/src/install/crazyflie_interfaces/lib:${LD_LIBRARY_PATH} PYTHONPATH=/home/abd/exp_ws/src/install/motion_capture_tracking_interfaces/local/lib/python3.10/dist-packages:/home/abd/exp_ws/src/install/crazyflie_interfaces/local/lib/python3.10/dist-packages:${PYTHONPATH} /usr/bin/cmake /home/abd/exp_ws/src/crazyswarm2/crazyflie -DCMAKE_INSTALL_PREFIX=/home/abd/exp_ws/src/install/crazyflie
[24.714s] DEBUG:colcon.colcon_core.event_handler.log_command:Invoking command in '/home/abd/exp_ws/src/build/crazyflie': AMENT_PREFIX_PATH=/home/abd/exp_ws/src/install/motion_capture_tracking_interfaces:/home/abd/exp_ws/src/install/crazyflie_interfaces:${AMENT_PREFIX_PATH} CMAKE_PREFIX_PATH=/home/abd/exp_ws/src/install/motion_capture_tracking_interfaces:/home/abd/exp_ws/src/install/crazyflie_interfaces:/opt/ros/humble LD_LIBRARY_PATH=/home/abd/exp_ws/src/install/motion_capture_tracking_interfaces/lib:/home/abd/exp_ws/src/install/crazyflie_interfaces/lib:${LD_LIBRARY_PATH} PYTHONPATH=/home/abd/exp_ws/src/install/motion_capture_tracking_interfaces/local/lib/python3.10/dist-packages:/home/abd/exp_ws/src/install/crazyflie_interfaces/local/lib/python3.10/dist-packages:${PYTHONPATH} /usr/bin/cmake --build /home/abd/exp_ws/src/build/crazyflie -- -j12 -l12
[24.730s] DEBUG:colcon.colcon_core.event_handler.log_command:Invoking command in '/home/abd/exp_ws/src/build/crazyflie_sim': AMENT_PREFIX_PATH=/home/abd/exp_ws/src/install/crazyflie_interfaces:${AMENT_PREFIX_PATH} CMAKE_PREFIX_PATH=/home/abd/exp_ws/src/install/crazyflie_interfaces:/opt/ros/humble LD_LIBRARY_PATH=/home/abd/exp_ws/src/install/crazyflie_interfaces/lib:${LD_LIBRARY_PATH} PYTHONPATH=/home/abd/exp_ws/src/install/crazyflie_interfaces/local/lib/python3.10/dist-packages:${PYTHONPATH} /usr/bin/cmake --install /home/abd/exp_ws/src/build/crazyflie_sim
[24.814s] DEBUG:colcon.colcon_core.event_handler.log_command:Invoked command in '/home/abd/exp_ws/src/build/crazyflie_examples' returned '0': AMENT_PREFIX_PATH=/home/abd/exp_ws/src/install/crazyflie_py:/home/abd/exp_ws/src/install/crazyflie_interfaces:${AMENT_PREFIX_PATH} CMAKE_PREFIX_PATH=/home/abd/exp_ws/src/install/crazyflie_interfaces:/opt/ros/humble LD_LIBRARY_PATH=/home/abd/exp_ws/src/install/crazyflie_interfaces/lib:${LD_LIBRARY_PATH} PYTHONPATH=/home/abd/exp_ws/src/install/crazyflie_py/lib/python3.10/site-packages:/home/abd/exp_ws/src/install/crazyflie_interfaces/local/lib/python3.10/dist-packages:${PYTHONPATH} /usr/bin/cmake /home/abd/exp_ws/src/crazyswarm2/crazyflie_examples -DCMAKE_INSTALL_PREFIX=/home/abd/exp_ws/src/install/crazyflie_examples
[24.815s] DEBUG:colcon.colcon_core.event_handler.log_command:Invoking command in '/home/abd/exp_ws/src/build/crazyflie_examples': AMENT_PREFIX_PATH=/home/abd/exp_ws/src/install/crazyflie_py:/home/abd/exp_ws/src/install/crazyflie_interfaces:${AMENT_PREFIX_PATH} CMAKE_PREFIX_PATH=/home/abd/exp_ws/src/install/crazyflie_interfaces:/opt/ros/humble LD_LIBRARY_PATH=/home/abd/exp_ws/src/install/crazyflie_interfaces/lib:${LD_LIBRARY_PATH} PYTHONPATH=/home/abd/exp_ws/src/install/crazyflie_py/lib/python3.10/site-packages:/home/abd/exp_ws/src/install/crazyflie_interfaces/local/lib/python3.10/dist-packages:${PYTHONPATH} /usr/bin/cmake --build /home/abd/exp_ws/src/build/crazyflie_examples -- -j12 -l12
[24.919s] Level 1:colcon.colcon_core.environment:create_environment_scripts_only(crazyflie_sim)
[24.938s] DEBUG:colcon.colcon_core.event_handler.log_command:Invoked command in '/home/abd/exp_ws/src/build/crazyflie_sim' returned '0': AMENT_PREFIX_PATH=/home/abd/exp_ws/src/install/crazyflie_interfaces:${AMENT_PREFIX_PATH} CMAKE_PREFIX_PATH=/home/abd/exp_ws/src/install/crazyflie_interfaces:/opt/ros/humble LD_LIBRARY_PATH=/home/abd/exp_ws/src/install/crazyflie_interfaces/lib:${LD_LIBRARY_PATH} PYTHONPATH=/home/abd/exp_ws/src/install/crazyflie_interfaces/local/lib/python3.10/dist-packages:${PYTHONPATH} /usr/bin/cmake --install /home/abd/exp_ws/src/build/crazyflie_sim
[24.969s] Level 1:colcon.colcon_core.environment:checking '/home/abd/exp_ws/src/install/crazyflie_sim' for CMake module files
[24.975s] Level 1:colcon.colcon_core.environment:checking '/home/abd/exp_ws/src/install/crazyflie_sim' for CMake config files
[24.976s] Level 1:colcon.colcon_core.shell:create_environment_hook('crazyflie_sim', 'cmake_prefix_path')
[25.034s] INFO:colcon.colcon_core.shell:Creating environment hook '/home/abd/exp_ws/src/install/crazyflie_sim/share/crazyflie_sim/hook/cmake_prefix_path.ps1'
[25.035s] INFO:colcon.colcon_core.shell:Creating environment descriptor '/home/abd/exp_ws/src/install/crazyflie_sim/share/crazyflie_sim/hook/cmake_prefix_path.dsv'
[25.035s] INFO:colcon.colcon_core.shell:Creating environment hook '/home/abd/exp_ws/src/install/crazyflie_sim/share/crazyflie_sim/hook/cmake_prefix_path.sh'
[25.036s] Level 1:colcon.colcon_core.environment:checking '/home/abd/exp_ws/src/install/crazyflie_sim/lib'
[25.037s] Level 1:colcon.colcon_core.environment:checking '/home/abd/exp_ws/src/install/crazyflie_sim/bin'
[25.037s] Level 1:colcon.colcon_core.environment:checking '/home/abd/exp_ws/src/install/crazyflie_sim/lib/pkgconfig/crazyflie_sim.pc'
[25.037s] Level 1:colcon.colcon_core.environment:checking '/home/abd/exp_ws/src/install/crazyflie_sim/lib/python3.10/site-packages'
[25.037s] Level 1:colcon.colcon_core.environment:checking '/home/abd/exp_ws/src/install/crazyflie_sim/bin'
[25.105s] INFO:colcon.colcon_core.shell:Creating package script '/home/abd/exp_ws/src/install/crazyflie_sim/share/crazyflie_sim/package.ps1'
[25.106s] INFO:colcon.colcon_core.shell:Creating package descriptor '/home/abd/exp_ws/src/install/crazyflie_sim/share/crazyflie_sim/package.dsv'
[25.137s] INFO:colcon.colcon_core.shell:Creating package script '/home/abd/exp_ws/src/install/crazyflie_sim/share/crazyflie_sim/package.sh'
[25.137s] INFO:colcon.colcon_core.shell:Creating package script '/home/abd/exp_ws/src/install/crazyflie_sim/share/crazyflie_sim/package.bash'
[25.138s] INFO:colcon.colcon_core.shell:Creating package script '/home/abd/exp_ws/src/install/crazyflie_sim/share/crazyflie_sim/package.zsh'
[25.139s] Level 1:colcon.colcon_core.environment:create_file_with_runtime_dependencies(/home/abd/exp_ws/src/install/crazyflie_sim/share/colcon-core/packages/crazyflie_sim)
[25.632s] Level 1:colcon.colcon_core.environment:create_environment_scripts_only(crazyflie_sim)
[25.728s] Level 1:colcon.colcon_core.environment:checking '/home/abd/exp_ws/src/install/crazyflie_sim' for CMake module files
[25.728s] Level 1:colcon.colcon_core.environment:checking '/home/abd/exp_ws/src/install/crazyflie_sim' for CMake config files
[25.729s] Level 1:colcon.colcon_core.shell:create_environment_hook('crazyflie_sim', 'cmake_prefix_path')
[25.840s] INFO:colcon.colcon_core.shell:Creating environment hook '/home/abd/exp_ws/src/install/crazyflie_sim/share/crazyflie_sim/hook/cmake_prefix_path.ps1'
[25.841s] INFO:colcon.colcon_core.shell:Creating environment descriptor '/home/abd/exp_ws/src/install/crazyflie_sim/share/crazyflie_sim/hook/cmake_prefix_path.dsv'
[25.842s] INFO:colcon.colcon_core.shell:Creating environment hook '/home/abd/exp_ws/src/install/crazyflie_sim/share/crazyflie_sim/hook/cmake_prefix_path.sh'
[25.843s] Level 1:colcon.colcon_core.environment:checking '/home/abd/exp_ws/src/install/crazyflie_sim/lib'
[25.843s] Level 1:colcon.colcon_core.environment:checking '/home/abd/exp_ws/src/install/crazyflie_sim/bin'
[25.843s] Level 1:colcon.colcon_core.environment:checking '/home/abd/exp_ws/src/install/crazyflie_sim/lib/pkgconfig/crazyflie_sim.pc'
[25.844s] Level 1:colcon.colcon_core.environment:checking '/home/abd/exp_ws/src/install/crazyflie_sim/lib/python3.10/site-packages'
[25.844s] Level 1:colcon.colcon_core.environment:checking '/home/abd/exp_ws/src/install/crazyflie_sim/bin'
[25.911s] INFO:colcon.colcon_core.shell:Creating package script '/home/abd/exp_ws/src/install/crazyflie_sim/share/crazyflie_sim/package.ps1'
[25.917s] INFO:colcon.colcon_core.shell:Creating package descriptor '/home/abd/exp_ws/src/install/crazyflie_sim/share/crazyflie_sim/package.dsv'
[25.933s] INFO:colcon.colcon_core.shell:Creating package script '/home/abd/exp_ws/src/install/crazyflie_sim/share/crazyflie_sim/package.sh'
[25.934s] INFO:colcon.colcon_core.shell:Creating package script '/home/abd/exp_ws/src/install/crazyflie_sim/share/crazyflie_sim/package.bash'
[25.934s] INFO:colcon.colcon_core.shell:Creating package script '/home/abd/exp_ws/src/install/crazyflie_sim/share/crazyflie_sim/package.zsh'
[25.935s] Level 1:colcon.colcon_core.environment:create_file_with_runtime_dependencies(/home/abd/exp_ws/src/install/crazyflie_sim/share/colcon-core/packages/crazyflie_sim)
[26.613s] DEBUG:colcon.colcon_core.event_handler.log_command:Invoked command in '/home/abd/exp_ws/src/build/crazyflie_examples' returned '0': AMENT_PREFIX_PATH=/home/abd/exp_ws/src/install/crazyflie_py:/home/abd/exp_ws/src/install/crazyflie_interfaces:${AMENT_PREFIX_PATH} CMAKE_PREFIX_PATH=/home/abd/exp_ws/src/install/crazyflie_interfaces:/opt/ros/humble LD_LIBRARY_PATH=/home/abd/exp_ws/src/install/crazyflie_interfaces/lib:${LD_LIBRARY_PATH} PYTHONPATH=/home/abd/exp_ws/src/install/crazyflie_py/lib/python3.10/site-packages:/home/abd/exp_ws/src/install/crazyflie_interfaces/local/lib/python3.10/dist-packages:${PYTHONPATH} /usr/bin/cmake --build /home/abd/exp_ws/src/build/crazyflie_examples -- -j12 -l12
[26.801s] DEBUG:colcon.colcon_core.event_handler.log_command:Invoking command in '/home/abd/exp_ws/src/build/crazyflie_examples': AMENT_PREFIX_PATH=/home/abd/exp_ws/src/install/crazyflie_py:/home/abd/exp_ws/src/install/crazyflie_interfaces:${AMENT_PREFIX_PATH} CMAKE_PREFIX_PATH=/home/abd/exp_ws/src/install/crazyflie_interfaces:/opt/ros/humble LD_LIBRARY_PATH=/home/abd/exp_ws/src/install/crazyflie_interfaces/lib:${LD_LIBRARY_PATH} PYTHONPATH=/home/abd/exp_ws/src/install/crazyflie_py/lib/python3.10/site-packages:/home/abd/exp_ws/src/install/crazyflie_interfaces/local/lib/python3.10/dist-packages:${PYTHONPATH} /usr/bin/cmake --install /home/abd/exp_ws/src/build/crazyflie_examples
[27.054s] Level 1:colcon.colcon_core.environment:create_environment_scripts_only(crazyflie_examples)
[27.055s] DEBUG:colcon.colcon_core.event_handler.log_command:Invoked command in '/home/abd/exp_ws/src/build/crazyflie_examples' returned '0': AMENT_PREFIX_PATH=/home/abd/exp_ws/src/install/crazyflie_py:/home/abd/exp_ws/src/install/crazyflie_interfaces:${AMENT_PREFIX_PATH} CMAKE_PREFIX_PATH=/home/abd/exp_ws/src/install/crazyflie_interfaces:/opt/ros/humble LD_LIBRARY_PATH=/home/abd/exp_ws/src/install/crazyflie_interfaces/lib:${LD_LIBRARY_PATH} PYTHONPATH=/home/abd/exp_ws/src/install/crazyflie_py/lib/python3.10/site-packages:/home/abd/exp_ws/src/install/crazyflie_interfaces/local/lib/python3.10/dist-packages:${PYTHONPATH} /usr/bin/cmake --install /home/abd/exp_ws/src/build/crazyflie_examples
[27.113s] Level 1:colcon.colcon_core.environment:checking '/home/abd/exp_ws/src/install/crazyflie_examples' for CMake module files
[27.114s] Level 1:colcon.colcon_core.environment:checking '/home/abd/exp_ws/src/install/crazyflie_examples' for CMake config files
[27.115s] Level 1:colcon.colcon_core.shell:create_environment_hook('crazyflie_examples', 'cmake_prefix_path')
[27.174s] INFO:colcon.colcon_core.shell:Creating environment hook '/home/abd/exp_ws/src/install/crazyflie_examples/share/crazyflie_examples/hook/cmake_prefix_path.ps1'
[27.175s] INFO:colcon.colcon_core.shell:Creating environment descriptor '/home/abd/exp_ws/src/install/crazyflie_examples/share/crazyflie_examples/hook/cmake_prefix_path.dsv'
[27.176s] INFO:colcon.colcon_core.shell:Creating environment hook '/home/abd/exp_ws/src/install/crazyflie_examples/share/crazyflie_examples/hook/cmake_prefix_path.sh'
[27.178s] Level 1:colcon.colcon_core.environment:checking '/home/abd/exp_ws/src/install/crazyflie_examples/lib'
[27.178s] Level 1:colcon.colcon_core.environment:checking '/home/abd/exp_ws/src/install/crazyflie_examples/bin'
[27.178s] Level 1:colcon.colcon_core.environment:checking '/home/abd/exp_ws/src/install/crazyflie_examples/lib/pkgconfig/crazyflie_examples.pc'
[27.178s] Level 1:colcon.colcon_core.environment:checking '/home/abd/exp_ws/src/install/crazyflie_examples/lib/python3.10/site-packages'
[27.179s] Level 1:colcon.colcon_core.environment:checking '/home/abd/exp_ws/src/install/crazyflie_examples/bin'
[27.241s] INFO:colcon.colcon_core.shell:Creating package script '/home/abd/exp_ws/src/install/crazyflie_examples/share/crazyflie_examples/package.ps1'
[27.242s] INFO:colcon.colcon_core.shell:Creating package descriptor '/home/abd/exp_ws/src/install/crazyflie_examples/share/crazyflie_examples/package.dsv'
[27.243s] INFO:colcon.colcon_core.shell:Creating package script '/home/abd/exp_ws/src/install/crazyflie_examples/share/crazyflie_examples/package.sh'
[27.244s] INFO:colcon.colcon_core.shell:Creating package script '/home/abd/exp_ws/src/install/crazyflie_examples/share/crazyflie_examples/package.bash'
[27.245s] INFO:colcon.colcon_core.shell:Creating package script '/home/abd/exp_ws/src/install/crazyflie_examples/share/crazyflie_examples/package.zsh'
[27.246s] Level 1:colcon.colcon_core.environment:create_file_with_runtime_dependencies(/home/abd/exp_ws/src/install/crazyflie_examples/share/colcon-core/packages/crazyflie_examples)
[27.607s] Level 1:colcon.colcon_core.environment:create_environment_scripts_only(crazyflie_examples)
[27.638s] Level 1:colcon.colcon_core.environment:checking '/home/abd/exp_ws/src/install/crazyflie_examples' for CMake module files
[27.639s] Level 1:colcon.colcon_core.environment:checking '/home/abd/exp_ws/src/install/crazyflie_examples' for CMake config files
[27.639s] Level 1:colcon.colcon_core.shell:create_environment_hook('crazyflie_examples', 'cmake_prefix_path')
[27.667s] INFO:colcon.colcon_core.shell:Creating environment hook '/home/abd/exp_ws/src/install/crazyflie_examples/share/crazyflie_examples/hook/cmake_prefix_path.ps1'
[27.668s] INFO:colcon.colcon_core.shell:Creating environment descriptor '/home/abd/exp_ws/src/install/crazyflie_examples/share/crazyflie_examples/hook/cmake_prefix_path.dsv'
[27.669s] INFO:colcon.colcon_core.shell:Creating environment hook '/home/abd/exp_ws/src/install/crazyflie_examples/share/crazyflie_examples/hook/cmake_prefix_path.sh'
[27.671s] Level 1:colcon.colcon_core.environment:checking '/home/abd/exp_ws/src/install/crazyflie_examples/lib'
[27.671s] Level 1:colcon.colcon_core.environment:checking '/home/abd/exp_ws/src/install/crazyflie_examples/bin'
[27.671s] Level 1:colcon.colcon_core.environment:checking '/home/abd/exp_ws/src/install/crazyflie_examples/lib/pkgconfig/crazyflie_examples.pc'
[27.671s] Level 1:colcon.colcon_core.environment:checking '/home/abd/exp_ws/src/install/crazyflie_examples/lib/python3.10/site-packages'
[27.672s] Level 1:colcon.colcon_core.environment:checking '/home/abd/exp_ws/src/install/crazyflie_examples/bin'
[27.701s] INFO:colcon.colcon_core.shell:Creating package script '/home/abd/exp_ws/src/install/crazyflie_examples/share/crazyflie_examples/package.ps1'
[27.703s] INFO:colcon.colcon_core.shell:Creating package descriptor '/home/abd/exp_ws/src/install/crazyflie_examples/share/crazyflie_examples/package.dsv'
[27.704s] INFO:colcon.colcon_core.shell:Creating package script '/home/abd/exp_ws/src/install/crazyflie_examples/share/crazyflie_examples/package.sh'
[27.705s] INFO:colcon.colcon_core.shell:Creating package script '/home/abd/exp_ws/src/install/crazyflie_examples/share/crazyflie_examples/package.bash'
[27.706s] INFO:colcon.colcon_core.shell:Creating package script '/home/abd/exp_ws/src/install/crazyflie_examples/share/crazyflie_examples/package.zsh'
[27.707s] Level 1:colcon.colcon_core.environment:create_file_with_runtime_dependencies(/home/abd/exp_ws/src/install/crazyflie_examples/share/colcon-core/packages/crazyflie_examples)
[58.496s] DEBUG:colcon.colcon_core.event_handler.log_command:Invoked command in '/home/abd/exp_ws/src/build/motion_capture_tracking' returned '0': AMENT_PREFIX_PATH=/home/abd/exp_ws/src/install/motion_capture_tracking_interfaces:${AMENT_PREFIX_PATH} CMAKE_PREFIX_PATH=/home/abd/exp_ws/src/install/motion_capture_tracking_interfaces:/opt/ros/humble LD_LIBRARY_PATH=/home/abd/exp_ws/src/install/motion_capture_tracking_interfaces/lib:${LD_LIBRARY_PATH} PYTHONPATH=/home/abd/exp_ws/src/install/motion_capture_tracking_interfaces/local/lib/python3.10/dist-packages:${PYTHONPATH} /usr/bin/cmake --build /home/abd/exp_ws/src/build/motion_capture_tracking -- -j12 -l12
[58.594s] DEBUG:colcon.colcon_core.event_handler.log_command:Invoking command in '/home/abd/exp_ws/src/build/motion_capture_tracking': AMENT_PREFIX_PATH=/home/abd/exp_ws/src/install/motion_capture_tracking_interfaces:${AMENT_PREFIX_PATH} CMAKE_PREFIX_PATH=/home/abd/exp_ws/src/install/motion_capture_tracking_interfaces:/opt/ros/humble LD_LIBRARY_PATH=/home/abd/exp_ws/src/install/motion_capture_tracking_interfaces/lib:${LD_LIBRARY_PATH} PYTHONPATH=/home/abd/exp_ws/src/install/motion_capture_tracking_interfaces/local/lib/python3.10/dist-packages:${PYTHONPATH} /usr/bin/cmake --install /home/abd/exp_ws/src/build/motion_capture_tracking
[58.623s] Level 1:colcon.colcon_core.environment:create_environment_scripts_only(motion_capture_tracking)
[58.624s] DEBUG:colcon.colcon_core.event_handler.log_command:Invoked command in '/home/abd/exp_ws/src/build/motion_capture_tracking' returned '0': AMENT_PREFIX_PATH=/home/abd/exp_ws/src/install/motion_capture_tracking_interfaces:${AMENT_PREFIX_PATH} CMAKE_PREFIX_PATH=/home/abd/exp_ws/src/install/motion_capture_tracking_interfaces:/opt/ros/humble LD_LIBRARY_PATH=/home/abd/exp_ws/src/install/motion_capture_tracking_interfaces/lib:${LD_LIBRARY_PATH} PYTHONPATH=/home/abd/exp_ws/src/install/motion_capture_tracking_interfaces/local/lib/python3.10/dist-packages:${PYTHONPATH} /usr/bin/cmake --install /home/abd/exp_ws/src/build/motion_capture_tracking
[58.656s] Level 1:colcon.colcon_core.environment:checking '/home/abd/exp_ws/src/install/motion_capture_tracking' for CMake module files
[58.657s] Level 1:colcon.colcon_core.environment:checking '/home/abd/exp_ws/src/install/motion_capture_tracking' for CMake config files
[58.657s] Level 1:colcon.colcon_core.shell:create_environment_hook('motion_capture_tracking', 'cmake_prefix_path')
[58.691s] INFO:colcon.colcon_core.shell:Creating environment hook '/home/abd/exp_ws/src/install/motion_capture_tracking/share/motion_capture_tracking/hook/cmake_prefix_path.ps1'
[58.691s] INFO:colcon.colcon_core.shell:Creating environment descriptor '/home/abd/exp_ws/src/install/motion_capture_tracking/share/motion_capture_tracking/hook/cmake_prefix_path.dsv'
[58.692s] INFO:colcon.colcon_core.shell:Creating environment hook '/home/abd/exp_ws/src/install/motion_capture_tracking/share/motion_capture_tracking/hook/cmake_prefix_path.sh'
[58.693s] Level 1:colcon.colcon_core.environment:checking '/home/abd/exp_ws/src/install/motion_capture_tracking/lib'
[58.693s] Level 1:colcon.colcon_core.environment:checking '/home/abd/exp_ws/src/install/motion_capture_tracking/bin'
[58.693s] Level 1:colcon.colcon_core.environment:checking '/home/abd/exp_ws/src/install/motion_capture_tracking/lib/pkgconfig/motion_capture_tracking.pc'
[58.694s] Level 1:colcon.colcon_core.environment:checking '/home/abd/exp_ws/src/install/motion_capture_tracking/lib/python3.10/site-packages'
[58.694s] Level 1:colcon.colcon_core.environment:checking '/home/abd/exp_ws/src/install/motion_capture_tracking/bin'
[58.711s] INFO:colcon.colcon_core.shell:Creating package script '/home/abd/exp_ws/src/install/motion_capture_tracking/share/motion_capture_tracking/package.ps1'
[58.711s] INFO:colcon.colcon_core.shell:Creating package descriptor '/home/abd/exp_ws/src/install/motion_capture_tracking/share/motion_capture_tracking/package.dsv'
[58.712s] INFO:colcon.colcon_core.shell:Creating package script '/home/abd/exp_ws/src/install/motion_capture_tracking/share/motion_capture_tracking/package.sh'
[58.712s] INFO:colcon.colcon_core.shell:Creating package script '/home/abd/exp_ws/src/install/motion_capture_tracking/share/motion_capture_tracking/package.bash'
[58.712s] INFO:colcon.colcon_core.shell:Creating package script '/home/abd/exp_ws/src/install/motion_capture_tracking/share/motion_capture_tracking/package.zsh'
[58.712s] Level 1:colcon.colcon_core.environment:create_file_with_runtime_dependencies(/home/abd/exp_ws/src/install/motion_capture_tracking/share/colcon-core/packages/motion_capture_tracking)
[58.871s] Level 1:colcon.colcon_core.environment:create_environment_scripts_only(motion_capture_tracking)
[58.902s] Level 1:colcon.colcon_core.environment:checking '/home/abd/exp_ws/src/install/motion_capture_tracking' for CMake module files
[58.903s] Level 1:colcon.colcon_core.environment:checking '/home/abd/exp_ws/src/install/motion_capture_tracking' for CMake config files
[58.903s] Level 1:colcon.colcon_core.shell:create_environment_hook('motion_capture_tracking', 'cmake_prefix_path')
[58.926s] INFO:colcon.colcon_core.shell:Creating environment hook '/home/abd/exp_ws/src/install/motion_capture_tracking/share/motion_capture_tracking/hook/cmake_prefix_path.ps1'
[58.926s] INFO:colcon.colcon_core.shell:Creating environment descriptor '/home/abd/exp_ws/src/install/motion_capture_tracking/share/motion_capture_tracking/hook/cmake_prefix_path.dsv'
[58.927s] INFO:colcon.colcon_core.shell:Creating environment hook '/home/abd/exp_ws/src/install/motion_capture_tracking/share/motion_capture_tracking/hook/cmake_prefix_path.sh'
[58.927s] Level 1:colcon.colcon_core.environment:checking '/home/abd/exp_ws/src/install/motion_capture_tracking/lib'
[58.927s] Level 1:colcon.colcon_core.environment:checking '/home/abd/exp_ws/src/install/motion_capture_tracking/bin'
[58.927s] Level 1:colcon.colcon_core.environment:checking '/home/abd/exp_ws/src/install/motion_capture_tracking/lib/pkgconfig/motion_capture_tracking.pc'
[58.928s] Level 1:colcon.colcon_core.environment:checking '/home/abd/exp_ws/src/install/motion_capture_tracking/lib/python3.10/site-packages'
[58.928s] Level 1:colcon.colcon_core.environment:checking '/home/abd/exp_ws/src/install/motion_capture_tracking/bin'
[58.942s] INFO:colcon.colcon_core.shell:Creating package script '/home/abd/exp_ws/src/install/motion_capture_tracking/share/motion_capture_tracking/package.ps1'
[58.942s] INFO:colcon.colcon_core.shell:Creating package descriptor '/home/abd/exp_ws/src/install/motion_capture_tracking/share/motion_capture_tracking/package.dsv'
[58.943s] INFO:colcon.colcon_core.shell:Creating package script '/home/abd/exp_ws/src/install/motion_capture_tracking/share/motion_capture_tracking/package.sh'
[58.943s] INFO:colcon.colcon_core.shell:Creating package script '/home/abd/exp_ws/src/install/motion_capture_tracking/share/motion_capture_tracking/package.bash'
[58.943s] INFO:colcon.colcon_core.shell:Creating package script '/home/abd/exp_ws/src/install/motion_capture_tracking/share/motion_capture_tracking/package.zsh'
[58.944s] Level 1:colcon.colcon_core.environment:create_file_with_runtime_dependencies(/home/abd/exp_ws/src/install/motion_capture_tracking/share/colcon-core/packages/motion_capture_tracking)
[66.987s] DEBUG:colcon.colcon_core.event_handler.log_command:Invoked command in '/home/abd/exp_ws/src/build/crazyflie' returned '0': AMENT_PREFIX_PATH=/home/abd/exp_ws/src/install/motion_capture_tracking_interfaces:/home/abd/exp_ws/src/install/crazyflie_interfaces:${AMENT_PREFIX_PATH} CMAKE_PREFIX_PATH=/home/abd/exp_ws/src/install/motion_capture_tracking_interfaces:/home/abd/exp_ws/src/install/crazyflie_interfaces:/opt/ros/humble LD_LIBRARY_PATH=/home/abd/exp_ws/src/install/motion_capture_tracking_interfaces/lib:/home/abd/exp_ws/src/install/crazyflie_interfaces/lib:${LD_LIBRARY_PATH} PYTHONPATH=/home/abd/exp_ws/src/install/motion_capture_tracking_interfaces/local/lib/python3.10/dist-packages:/home/abd/exp_ws/src/install/crazyflie_interfaces/local/lib/python3.10/dist-packages:${PYTHONPATH} /usr/bin/cmake --build /home/abd/exp_ws/src/build/crazyflie -- -j12 -l12
[67.089s] DEBUG:colcon.colcon_core.event_handler.log_command:Invoking command in '/home/abd/exp_ws/src/build/crazyflie': AMENT_PREFIX_PATH=/home/abd/exp_ws/src/install/motion_capture_tracking_interfaces:/home/abd/exp_ws/src/install/crazyflie_interfaces:${AMENT_PREFIX_PATH} CMAKE_PREFIX_PATH=/home/abd/exp_ws/src/install/motion_capture_tracking_interfaces:/home/abd/exp_ws/src/install/crazyflie_interfaces:/opt/ros/humble LD_LIBRARY_PATH=/home/abd/exp_ws/src/install/motion_capture_tracking_interfaces/lib:/home/abd/exp_ws/src/install/crazyflie_interfaces/lib:${LD_LIBRARY_PATH} PYTHONPATH=/home/abd/exp_ws/src/install/motion_capture_tracking_interfaces/local/lib/python3.10/dist-packages:/home/abd/exp_ws/src/install/crazyflie_interfaces/local/lib/python3.10/dist-packages:${PYTHONPATH} /usr/bin/cmake --install /home/abd/exp_ws/src/build/crazyflie
[67.164s] Level 1:colcon.colcon_core.environment:create_environment_scripts_only(crazyflie)
[67.165s] DEBUG:colcon.colcon_core.event_handler.log_command:Invoked command in '/home/abd/exp_ws/src/build/crazyflie' returned '0': AMENT_PREFIX_PATH=/home/abd/exp_ws/src/install/motion_capture_tracking_interfaces:/home/abd/exp_ws/src/install/crazyflie_interfaces:${AMENT_PREFIX_PATH} CMAKE_PREFIX_PATH=/home/abd/exp_ws/src/install/motion_capture_tracking_interfaces:/home/abd/exp_ws/src/install/crazyflie_interfaces:/opt/ros/humble LD_LIBRARY_PATH=/home/abd/exp_ws/src/install/motion_capture_tracking_interfaces/lib:/home/abd/exp_ws/src/install/crazyflie_interfaces/lib:${LD_LIBRARY_PATH} PYTHONPATH=/home/abd/exp_ws/src/install/motion_capture_tracking_interfaces/local/lib/python3.10/dist-packages:/home/abd/exp_ws/src/install/crazyflie_interfaces/local/lib/python3.10/dist-packages:${PYTHONPATH} /usr/bin/cmake --install /home/abd/exp_ws/src/build/crazyflie
[67.198s] Level 1:colcon.colcon_core.environment:checking '/home/abd/exp_ws/src/install/crazyflie' for CMake module files
[67.200s] Level 1:colcon.colcon_core.environment:checking '/home/abd/exp_ws/src/install/crazyflie' for CMake config files
[67.200s] Level 1:colcon.colcon_core.shell:create_environment_hook('crazyflie', 'cmake_prefix_path')
[67.235s] INFO:colcon.colcon_core.shell:Creating environment hook '/home/abd/exp_ws/src/install/crazyflie/share/crazyflie/hook/cmake_prefix_path.ps1'
[67.235s] INFO:colcon.colcon_core.shell:Creating environment descriptor '/home/abd/exp_ws/src/install/crazyflie/share/crazyflie/hook/cmake_prefix_path.dsv'
[67.236s] INFO:colcon.colcon_core.shell:Creating environment hook '/home/abd/exp_ws/src/install/crazyflie/share/crazyflie/hook/cmake_prefix_path.sh'
[67.237s] Level 1:colcon.colcon_core.environment:checking '/home/abd/exp_ws/src/install/crazyflie/lib'
[67.237s] Level 1:colcon.colcon_core.environment:checking '/home/abd/exp_ws/src/install/crazyflie/bin'
[67.237s] Level 1:colcon.colcon_core.environment:checking '/home/abd/exp_ws/src/install/crazyflie/lib/pkgconfig/crazyflie.pc'
[67.238s] Level 1:colcon.colcon_core.environment:checking '/home/abd/exp_ws/src/install/crazyflie/lib/python3.10/site-packages'
[67.238s] Level 1:colcon.colcon_core.environment:checking '/home/abd/exp_ws/src/install/crazyflie/bin'
[67.255s] INFO:colcon.colcon_core.shell:Creating package script '/home/abd/exp_ws/src/install/crazyflie/share/crazyflie/package.ps1'
[67.255s] INFO:colcon.colcon_core.shell:Creating package descriptor '/home/abd/exp_ws/src/install/crazyflie/share/crazyflie/package.dsv'
[67.255s] INFO:colcon.colcon_core.shell:Creating package script '/home/abd/exp_ws/src/install/crazyflie/share/crazyflie/package.sh'
[67.255s] INFO:colcon.colcon_core.shell:Creating package script '/home/abd/exp_ws/src/install/crazyflie/share/crazyflie/package.bash'
[67.256s] INFO:colcon.colcon_core.shell:Creating package script '/home/abd/exp_ws/src/install/crazyflie/share/crazyflie/package.zsh'
[67.256s] Level 1:colcon.colcon_core.environment:create_file_with_runtime_dependencies(/home/abd/exp_ws/src/install/crazyflie/share/colcon-core/packages/crazyflie)
[67.333s] Level 1:colcon.colcon_core.environment:create_environment_scripts_only(crazyflie)
[67.346s] Level 1:colcon.colcon_core.environment:checking '/home/abd/exp_ws/src/install/crazyflie' for CMake module files
[67.347s] Level 1:colcon.colcon_core.environment:checking '/home/abd/exp_ws/src/install/crazyflie' for CMake config files
[67.347s] Level 1:colcon.colcon_core.shell:create_environment_hook('crazyflie', 'cmake_prefix_path')
[67.359s] INFO:colcon.colcon_core.shell:Creating environment hook '/home/abd/exp_ws/src/install/crazyflie/share/crazyflie/hook/cmake_prefix_path.ps1'
[67.360s] INFO:colcon.colcon_core.shell:Creating environment descriptor '/home/abd/exp_ws/src/install/crazyflie/share/crazyflie/hook/cmake_prefix_path.dsv'
[67.360s] INFO:colcon.colcon_core.shell:Creating environment hook '/home/abd/exp_ws/src/install/crazyflie/share/crazyflie/hook/cmake_prefix_path.sh'
[67.360s] Level 1:colcon.colcon_core.environment:checking '/home/abd/exp_ws/src/install/crazyflie/lib'
[67.361s] Level 1:colcon.colcon_core.environment:checking '/home/abd/exp_ws/src/install/crazyflie/bin'
[67.361s] Level 1:colcon.colcon_core.environment:checking '/home/abd/exp_ws/src/install/crazyflie/lib/pkgconfig/crazyflie.pc'
[67.361s] Level 1:colcon.colcon_core.environment:checking '/home/abd/exp_ws/src/install/crazyflie/lib/python3.10/site-packages'
[67.361s] Level 1:colcon.colcon_core.environment:checking '/home/abd/exp_ws/src/install/crazyflie/bin'
[67.385s] INFO:colcon.colcon_core.shell:Creating package script '/home/abd/exp_ws/src/install/crazyflie/share/crazyflie/package.ps1'
[67.385s] INFO:colcon.colcon_core.shell:Creating package descriptor '/home/abd/exp_ws/src/install/crazyflie/share/crazyflie/package.dsv'
[67.386s] INFO:colcon.colcon_core.shell:Creating package script '/home/abd/exp_ws/src/install/crazyflie/share/crazyflie/package.sh'
[67.386s] INFO:colcon.colcon_core.shell:Creating package script '/home/abd/exp_ws/src/install/crazyflie/share/crazyflie/package.bash'
[67.386s] INFO:colcon.colcon_core.shell:Creating package script '/home/abd/exp_ws/src/install/crazyflie/share/crazyflie/package.zsh'
[67.387s] Level 1:colcon.colcon_core.environment:create_file_with_runtime_dependencies(/home/abd/exp_ws/src/install/crazyflie/share/colcon-core/packages/crazyflie)
[67.387s] DEBUG:colcon.colcon_parallel_executor.executor.parallel:closing loop
[67.387s] DEBUG:colcon.colcon_parallel_executor.executor.parallel:loop closed
[67.387s] DEBUG:colcon.colcon_parallel_executor.executor.parallel:run_until_complete finished with '0'
[67.387s] DEBUG:colcon.colcon_core.event_reactor:joining thread
[67.432s] INFO:colcon.colcon_core.plugin_system:Skipping extension 'colcon_notification.desktop_notification.terminal_notifier': Not used on non-Darwin systems
[67.433s] INFO:colcon.colcon_core.plugin_system:Skipping extension 'colcon_notification.desktop_notification.win32': Not used on non-Windows systems
[67.433s] INFO:colcon.colcon_notification.desktop_notification:Sending desktop notification using 'notify2'
[67.465s] DEBUG:colcon.colcon_core.event_reactor:joined thread
[67.483s] INFO:colcon.colcon_core.shell:Creating prefix script '/home/abd/exp_ws/src/install/local_setup.ps1'
[67.484s] INFO:colcon.colcon_core.shell:Creating prefix util module '/home/abd/exp_ws/src/install/_local_setup_util_ps1.py'
[67.485s] INFO:colcon.colcon_core.shell:Creating prefix chain script '/home/abd/exp_ws/src/install/setup.ps1'
[67.498s] INFO:colcon.colcon_core.shell:Creating prefix script '/home/abd/exp_ws/src/install/local_setup.sh'
[67.499s] INFO:colcon.colcon_core.shell:Creating prefix util module '/home/abd/exp_ws/src/install/_local_setup_util_sh.py'
[67.499s] INFO:colcon.colcon_core.shell:Creating prefix chain script '/home/abd/exp_ws/src/install/setup.sh'
[67.513s] INFO:colcon.colcon_core.shell:Creating prefix script '/home/abd/exp_ws/src/install/local_setup.bash'
[67.514s] INFO:colcon.colcon_core.shell:Creating prefix chain script '/home/abd/exp_ws/src/install/setup.bash'
[67.527s] INFO:colcon.colcon_core.shell:Creating prefix script '/home/abd/exp_ws/src/install/local_setup.zsh'
[67.527s] INFO:colcon.colcon_core.shell:Creating prefix chain script '/home/abd/exp_ws/src/install/setup.zsh'
