[1.533s] DEBUG:colcon:Command line arguments: ['/usr/bin/colcon', 'build']
[1.534s] DEBUG:colcon:Parsed command line arguments: Namespace(log_base=None, log_level=None, verb_name='build', build_base='build', install_base='install', merge_install=False, symlink_install=False, test_result_base=None, continue_on_error=False, executor='parallel', parallel_workers=12, event_handlers=None, ignore_user_meta=False, metas=['./colcon.meta'], base_paths=['.'], packages_ignore=None, packages_ignore_regex=None, paths=None, packages_up_to=None, packages_up_to_regex=None, packages_above=None, packages_above_and_dependencies=None, packages_above_depth=None, packages_select_by_dep=None, packages_skip_by_dep=None, packages_skip_up_to=None, packages_select_build_failed=False, packages_skip_build_finished=False, packages_select_test_failures=False, packages_skip_test_passed=False, packages_select=None, packages_skip=None, packages_select_regex=None, packages_skip_regex=None, packages_start=None, packages_end=None, allow_overriding=[], cmake_args=None, cmake_target=None, cmake_target_skip_unavailable=False, cmake_clean_cache=False, cmake_clean_first=False, cmake_force_configure=False, ament_cmake_args=None, catkin_cmake_args=None, catkin_skip_building_tests=False, verb_parser=<colcon_defaults.argument_parser.defaults.DefaultArgumentsDecorator object at 0x7f161b8fee60>, verb_extension=<colcon_core.verb.build.BuildVerb object at 0x7f161bcdfd30>, main=<bound method BuildVerb.main of <colcon_core.verb.build.BuildVerb object at 0x7f161bcdfd30>>)
[1.609s] Level 1:colcon.colcon_core.package_discovery:discover_packages(colcon_meta) check parameters
[1.609s] Level 1:colcon.colcon_core.package_discovery:discover_packages(recursive) check parameters
[1.609s] Level 1:colcon.colcon_core.package_discovery:discover_packages(ignore) check parameters
[1.609s] Level 1:colcon.colcon_core.package_discovery:discover_packages(path) check parameters
[1.609s] Level 1:colcon.colcon_core.package_discovery:discover_packages(colcon_meta) discover
[1.609s] Level 1:colcon.colcon_core.package_discovery:discover_packages(recursive) discover
[1.609s] INFO:colcon.colcon_core.package_discovery:Crawling recursively for packages in '/home/abd/exp_ws/src'
[1.609s] Level 1:colcon.colcon_core.package_identification:_identify(.) by extensions ['ignore', 'ignore_ament_install']
[1.609s] Level 1:colcon.colcon_core.package_identification:_identify(.) by extension 'ignore'
[1.609s] Level 1:colcon.colcon_core.package_identification:_identify(.) by extension 'ignore_ament_install'
[1.610s] Level 1:colcon.colcon_core.package_identification:_identify(.) by extensions ['colcon_pkg']
[1.610s] Level 1:colcon.colcon_core.package_identification:_identify(.) by extension 'colcon_pkg'
[1.610s] Level 1:colcon.colcon_core.package_identification:_identify(.) by extensions ['colcon_meta']
[1.610s] Level 1:colcon.colcon_core.package_identification:_identify(.) by extension 'colcon_meta'
[1.610s] Level 1:colcon.colcon_core.package_identification:_identify(.) by extensions ['ros']
[1.610s] Level 1:colcon.colcon_core.package_identification:_identify(.) by extension 'ros'
[1.624s] Level 1:colcon.colcon_core.package_identification:_identify(.) by extensions ['cmake', 'python']
[1.624s] Level 1:colcon.colcon_core.package_identification:_identify(.) by extension 'cmake'
[1.624s] Level 1:colcon.colcon_core.package_identification:_identify(.) by extension 'python'
[1.624s] Level 1:colcon.colcon_core.package_identification:_identify(.) by extensions ['python_setup_py']
[1.624s] Level 1:colcon.colcon_core.package_identification:_identify(.) by extension 'python_setup_py'
[1.625s] Level 1:colcon.colcon_core.package_identification:_identify(build) by extensions ['ignore', 'ignore_ament_install']
[1.625s] Level 1:colcon.colcon_core.package_identification:_identify(build) by extension 'ignore'
[1.625s] Level 1:colcon.colcon_core.package_identification:_identify(build) ignored
[1.625s] Level 1:colcon.colcon_core.package_identification:_identify(cache) by extensions ['ignore', 'ignore_ament_install']
[1.625s] Level 1:colcon.colcon_core.package_identification:_identify(cache) by extension 'ignore'
[1.625s] Level 1:colcon.colcon_core.package_identification:_identify(cache) by extension 'ignore_ament_install'
[1.625s] Level 1:colcon.colcon_core.package_identification:_identify(cache) by extensions ['colcon_pkg']
[1.625s] Level 1:colcon.colcon_core.package_identification:_identify(cache) by extension 'colcon_pkg'
[1.625s] Level 1:colcon.colcon_core.package_identification:_identify(cache) by extensions ['colcon_meta']
[1.625s] Level 1:colcon.colcon_core.package_identification:_identify(cache) by extension 'colcon_meta'
[1.625s] Level 1:colcon.colcon_core.package_identification:_identify(cache) by extensions ['ros']
[1.625s] Level 1:colcon.colcon_core.package_identification:_identify(cache) by extension 'ros'
[1.626s] Level 1:colcon.colcon_core.package_identification:_identify(cache) by extensions ['cmake', 'python']
[1.626s] Level 1:colcon.colcon_core.package_identification:_identify(cache) by extension 'cmake'
[1.626s] Level 1:colcon.colcon_core.package_identification:_identify(cache) by extension 'python'
[1.626s] Level 1:colcon.colcon_core.package_identification:_identify(cache) by extensions ['python_setup_py']
[1.626s] Level 1:colcon.colcon_core.package_identification:_identify(cache) by extension 'python_setup_py'
[1.626s] Level 1:colcon.colcon_core.package_identification:_identify(crazyswarm2) by extensions ['ignore', 'ignore_ament_install']
[1.626s] Level 1:colcon.colcon_core.package_identification:_identify(crazyswarm2) by extension 'ignore'
[1.626s] Level 1:colcon.colcon_core.package_identification:_identify(crazyswarm2) by extension 'ignore_ament_install'
[1.626s] Level 1:colcon.colcon_core.package_identification:_identify(crazyswarm2) by extensions ['colcon_pkg']
[1.626s] Level 1:colcon.colcon_core.package_identification:_identify(crazyswarm2) by extension 'colcon_pkg'
[1.626s] Level 1:colcon.colcon_core.package_identification:_identify(crazyswarm2) by extensions ['colcon_meta']
[1.626s] Level 1:colcon.colcon_core.package_identification:_identify(crazyswarm2) by extension 'colcon_meta'
[1.626s] Level 1:colcon.colcon_core.package_identification:_identify(crazyswarm2) by extensions ['ros']
[1.626s] Level 1:colcon.colcon_core.package_identification:_identify(crazyswarm2) by extension 'ros'
[1.627s] Level 1:colcon.colcon_core.package_identification:_identify(crazyswarm2) by extensions ['cmake', 'python']
[1.627s] Level 1:colcon.colcon_core.package_identification:_identify(crazyswarm2) by extension 'cmake'
[1.627s] Level 1:colcon.colcon_core.package_identification:_identify(crazyswarm2) by extension 'python'
[1.627s] Level 1:colcon.colcon_core.package_identification:_identify(crazyswarm2) by extensions ['python_setup_py']
[1.627s] Level 1:colcon.colcon_core.package_identification:_identify(crazyswarm2) by extension 'python_setup_py'
[1.627s] Level 1:colcon.colcon_core.package_identification:_identify(crazyswarm2/crazyflie) by extensions ['ignore', 'ignore_ament_install']
[1.627s] Level 1:colcon.colcon_core.package_identification:_identify(crazyswarm2/crazyflie) by extension 'ignore'
[1.627s] Level 1:colcon.colcon_core.package_identification:_identify(crazyswarm2/crazyflie) by extension 'ignore_ament_install'
[1.627s] Level 1:colcon.colcon_core.package_identification:_identify(crazyswarm2/crazyflie) by extensions ['colcon_pkg']
[1.627s] Level 1:colcon.colcon_core.package_identification:_identify(crazyswarm2/crazyflie) by extension 'colcon_pkg'
[1.627s] Level 1:colcon.colcon_core.package_identification:_identify(crazyswarm2/crazyflie) by extensions ['colcon_meta']
[1.627s] Level 1:colcon.colcon_core.package_identification:_identify(crazyswarm2/crazyflie) by extension 'colcon_meta'
[1.627s] Level 1:colcon.colcon_core.package_identification:_identify(crazyswarm2/crazyflie) by extensions ['ros']
[1.628s] Level 1:colcon.colcon_core.package_identification:_identify(crazyswarm2/crazyflie) by extension 'ros'
[1.631s] DEBUG:colcon.colcon_core.package_identification:Package 'crazyswarm2/crazyflie' with type 'ros.ament_cmake' and name 'crazyflie'
[1.631s] Level 1:colcon.colcon_core.package_identification:_identify(crazyswarm2/crazyflie_examples) by extensions ['ignore', 'ignore_ament_install']
[1.632s] Level 1:colcon.colcon_core.package_identification:_identify(crazyswarm2/crazyflie_examples) by extension 'ignore'
[1.632s] Level 1:colcon.colcon_core.package_identification:_identify(crazyswarm2/crazyflie_examples) by extension 'ignore_ament_install'
[1.632s] Level 1:colcon.colcon_core.package_identification:_identify(crazyswarm2/crazyflie_examples) by extensions ['colcon_pkg']
[1.632s] Level 1:colcon.colcon_core.package_identification:_identify(crazyswarm2/crazyflie_examples) by extension 'colcon_pkg'
[1.632s] Level 1:colcon.colcon_core.package_identification:_identify(crazyswarm2/crazyflie_examples) by extensions ['colcon_meta']
[1.632s] Level 1:colcon.colcon_core.package_identification:_identify(crazyswarm2/crazyflie_examples) by extension 'colcon_meta'
[1.632s] Level 1:colcon.colcon_core.package_identification:_identify(crazyswarm2/crazyflie_examples) by extensions ['ros']
[1.632s] Level 1:colcon.colcon_core.package_identification:_identify(crazyswarm2/crazyflie_examples) by extension 'ros'
[1.633s] DEBUG:colcon.colcon_core.package_identification:Package 'crazyswarm2/crazyflie_examples' with type 'ros.ament_cmake' and name 'crazyflie_examples'
[1.633s] Level 1:colcon.colcon_core.package_identification:_identify(crazyswarm2/crazyflie_interfaces) by extensions ['ignore', 'ignore_ament_install']
[1.634s] Level 1:colcon.colcon_core.package_identification:_identify(crazyswarm2/crazyflie_interfaces) by extension 'ignore'
[1.634s] Level 1:colcon.colcon_core.package_identification:_identify(crazyswarm2/crazyflie_interfaces) by extension 'ignore_ament_install'
[1.634s] Level 1:colcon.colcon_core.package_identification:_identify(crazyswarm2/crazyflie_interfaces) by extensions ['colcon_pkg']
[1.634s] Level 1:colcon.colcon_core.package_identification:_identify(crazyswarm2/crazyflie_interfaces) by extension 'colcon_pkg'
[1.634s] Level 1:colcon.colcon_core.package_identification:_identify(crazyswarm2/crazyflie_interfaces) by extensions ['colcon_meta']
[1.634s] Level 1:colcon.colcon_core.package_identification:_identify(crazyswarm2/crazyflie_interfaces) by extension 'colcon_meta'
[1.634s] Level 1:colcon.colcon_core.package_identification:_identify(crazyswarm2/crazyflie_interfaces) by extensions ['ros']
[1.634s] Level 1:colcon.colcon_core.package_identification:_identify(crazyswarm2/crazyflie_interfaces) by extension 'ros'
[1.635s] DEBUG:colcon.colcon_core.package_identification:Package 'crazyswarm2/crazyflie_interfaces' with type 'ros.ament_cmake' and name 'crazyflie_interfaces'
[1.635s] Level 1:colcon.colcon_core.package_identification:_identify(crazyswarm2/crazyflie_py) by extensions ['ignore', 'ignore_ament_install']
[1.635s] Level 1:colcon.colcon_core.package_identification:_identify(crazyswarm2/crazyflie_py) by extension 'ignore'
[1.635s] Level 1:colcon.colcon_core.package_identification:_identify(crazyswarm2/crazyflie_py) by extension 'ignore_ament_install'
[1.635s] Level 1:colcon.colcon_core.package_identification:_identify(crazyswarm2/crazyflie_py) by extensions ['colcon_pkg']
[1.636s] Level 1:colcon.colcon_core.package_identification:_identify(crazyswarm2/crazyflie_py) by extension 'colcon_pkg'
[1.636s] Level 1:colcon.colcon_core.package_identification:_identify(crazyswarm2/crazyflie_py) by extensions ['colcon_meta']
[1.636s] Level 1:colcon.colcon_core.package_identification:_identify(crazyswarm2/crazyflie_py) by extension 'colcon_meta'
[1.636s] Level 1:colcon.colcon_core.package_identification:_identify(crazyswarm2/crazyflie_py) by extensions ['ros']
[1.636s] Level 1:colcon.colcon_core.package_identification:_identify(crazyswarm2/crazyflie_py) by extension 'ros'
[1.636s] DEBUG:colcon.colcon_core.package_identification:Package 'crazyswarm2/crazyflie_py' with type 'ros.ament_python' and name 'crazyflie_py'
[1.637s] Level 1:colcon.colcon_core.package_identification:_identify(crazyswarm2/crazyflie_sim) by extensions ['ignore', 'ignore_ament_install']
[1.637s] Level 1:colcon.colcon_core.package_identification:_identify(crazyswarm2/crazyflie_sim) by extension 'ignore'
[1.637s] Level 1:colcon.colcon_core.package_identification:_identify(crazyswarm2/crazyflie_sim) by extension 'ignore_ament_install'
[1.637s] Level 1:colcon.colcon_core.package_identification:_identify(crazyswarm2/crazyflie_sim) by extensions ['colcon_pkg']
[1.637s] Level 1:colcon.colcon_core.package_identification:_identify(crazyswarm2/crazyflie_sim) by extension 'colcon_pkg'
[1.637s] Level 1:colcon.colcon_core.package_identification:_identify(crazyswarm2/crazyflie_sim) by extensions ['colcon_meta']
[1.637s] Level 1:colcon.colcon_core.package_identification:_identify(crazyswarm2/crazyflie_sim) by extension 'colcon_meta'
[1.637s] Level 1:colcon.colcon_core.package_identification:_identify(crazyswarm2/crazyflie_sim) by extensions ['ros']
[1.637s] Level 1:colcon.colcon_core.package_identification:_identify(crazyswarm2/crazyflie_sim) by extension 'ros'
[1.638s] DEBUG:colcon.colcon_core.package_identification:Package 'crazyswarm2/crazyflie_sim' with type 'ros.ament_cmake' and name 'crazyflie_sim'
[1.638s] Level 1:colcon.colcon_core.package_identification:_identify(crazyswarm2/docs) by extensions ['ignore', 'ignore_ament_install']
[1.638s] Level 1:colcon.colcon_core.package_identification:_identify(crazyswarm2/docs) by extension 'ignore'
[1.638s] Level 1:colcon.colcon_core.package_identification:_identify(crazyswarm2/docs) by extension 'ignore_ament_install'
[1.638s] Level 1:colcon.colcon_core.package_identification:_identify(crazyswarm2/docs) by extensions ['colcon_pkg']
[1.638s] Level 1:colcon.colcon_core.package_identification:_identify(crazyswarm2/docs) by extension 'colcon_pkg'
[1.638s] Level 1:colcon.colcon_core.package_identification:_identify(crazyswarm2/docs) by extensions ['colcon_meta']
[1.639s] Level 1:colcon.colcon_core.package_identification:_identify(crazyswarm2/docs) by extension 'colcon_meta'
[1.639s] Level 1:colcon.colcon_core.package_identification:_identify(crazyswarm2/docs) by extensions ['ros']
[1.639s] Level 1:colcon.colcon_core.package_identification:_identify(crazyswarm2/docs) by extension 'ros'
[1.639s] Level 1:colcon.colcon_core.package_identification:_identify(crazyswarm2/docs) by extensions ['cmake', 'python']
[1.639s] Level 1:colcon.colcon_core.package_identification:_identify(crazyswarm2/docs) by extension 'cmake'
[1.639s] Level 1:colcon.colcon_core.package_identification:_identify(crazyswarm2/docs) by extension 'python'
[1.639s] Level 1:colcon.colcon_core.package_identification:_identify(crazyswarm2/docs) by extensions ['python_setup_py']
[1.639s] Level 1:colcon.colcon_core.package_identification:_identify(crazyswarm2/docs) by extension 'python_setup_py'
[1.639s] Level 1:colcon.colcon_core.package_identification:_identify(crazyswarm2/docs/generated) by extensions ['ignore', 'ignore_ament_install']
[1.639s] Level 1:colcon.colcon_core.package_identification:_identify(crazyswarm2/docs/generated) by extension 'ignore'
[1.639s] Level 1:colcon.colcon_core.package_identification:_identify(crazyswarm2/docs/generated) by extension 'ignore_ament_install'
[1.639s] Level 1:colcon.colcon_core.package_identification:_identify(crazyswarm2/docs/generated) by extensions ['colcon_pkg']
[1.639s] Level 1:colcon.colcon_core.package_identification:_identify(crazyswarm2/docs/generated) by extension 'colcon_pkg'
[1.640s] Level 1:colcon.colcon_core.package_identification:_identify(crazyswarm2/docs/generated) by extensions ['colcon_meta']
[1.640s] Level 1:colcon.colcon_core.package_identification:_identify(crazyswarm2/docs/generated) by extension 'colcon_meta'
[1.640s] Level 1:colcon.colcon_core.package_identification:_identify(crazyswarm2/docs/generated) by extensions ['ros']
[1.640s] Level 1:colcon.colcon_core.package_identification:_identify(crazyswarm2/docs/generated) by extension 'ros'
[1.640s] Level 1:colcon.colcon_core.package_identification:_identify(crazyswarm2/docs/generated) by extensions ['cmake', 'python']
[1.640s] Level 1:colcon.colcon_core.package_identification:_identify(crazyswarm2/docs/generated) by extension 'cmake'
[1.640s] Level 1:colcon.colcon_core.package_identification:_identify(crazyswarm2/docs/generated) by extension 'python'
[1.640s] Level 1:colcon.colcon_core.package_identification:_identify(crazyswarm2/docs/generated) by extensions ['python_setup_py']
[1.640s] Level 1:colcon.colcon_core.package_identification:_identify(crazyswarm2/docs/generated) by extension 'python_setup_py'
[1.640s] Level 1:colcon.colcon_core.package_identification:_identify(crazyswarm2/docs/howto) by extensions ['ignore', 'ignore_ament_install']
[1.640s] Level 1:colcon.colcon_core.package_identification:_identify(crazyswarm2/docs/howto) by extension 'ignore'
[1.640s] Level 1:colcon.colcon_core.package_identification:_identify(crazyswarm2/docs/howto) by extension 'ignore_ament_install'
[1.640s] Level 1:colcon.colcon_core.package_identification:_identify(crazyswarm2/docs/howto) by extensions ['colcon_pkg']
[1.640s] Level 1:colcon.colcon_core.package_identification:_identify(crazyswarm2/docs/howto) by extension 'colcon_pkg'
[1.640s] Level 1:colcon.colcon_core.package_identification:_identify(crazyswarm2/docs/howto) by extensions ['colcon_meta']
[1.641s] Level 1:colcon.colcon_core.package_identification:_identify(crazyswarm2/docs/howto) by extension 'colcon_meta'
[1.641s] Level 1:colcon.colcon_core.package_identification:_identify(crazyswarm2/docs/howto) by extensions ['ros']
[1.641s] Level 1:colcon.colcon_core.package_identification:_identify(crazyswarm2/docs/howto) by extension 'ros'
[1.641s] Level 1:colcon.colcon_core.package_identification:_identify(crazyswarm2/docs/howto) by extensions ['cmake', 'python']
[1.641s] Level 1:colcon.colcon_core.package_identification:_identify(crazyswarm2/docs/howto) by extension 'cmake'
[1.641s] Level 1:colcon.colcon_core.package_identification:_identify(crazyswarm2/docs/howto) by extension 'python'
[1.641s] Level 1:colcon.colcon_core.package_identification:_identify(crazyswarm2/docs/howto) by extensions ['python_setup_py']
[1.641s] Level 1:colcon.colcon_core.package_identification:_identify(crazyswarm2/docs/howto) by extension 'python_setup_py'
[1.641s] Level 1:colcon.colcon_core.package_identification:_identify(crazyswarm2/docs/images) by extensions ['ignore', 'ignore_ament_install']
[1.641s] Level 1:colcon.colcon_core.package_identification:_identify(crazyswarm2/docs/images) by extension 'ignore'
[1.641s] Level 1:colcon.colcon_core.package_identification:_identify(crazyswarm2/docs/images) by extension 'ignore_ament_install'
[1.641s] Level 1:colcon.colcon_core.package_identification:_identify(crazyswarm2/docs/images) by extensions ['colcon_pkg']
[1.641s] Level 1:colcon.colcon_core.package_identification:_identify(crazyswarm2/docs/images) by extension 'colcon_pkg'
[1.641s] Level 1:colcon.colcon_core.package_identification:_identify(crazyswarm2/docs/images) by extensions ['colcon_meta']
[1.641s] Level 1:colcon.colcon_core.package_identification:_identify(crazyswarm2/docs/images) by extension 'colcon_meta'
[1.642s] Level 1:colcon.colcon_core.package_identification:_identify(crazyswarm2/docs/images) by extensions ['ros']
[1.642s] Level 1:colcon.colcon_core.package_identification:_identify(crazyswarm2/docs/images) by extension 'ros'
[1.642s] Level 1:colcon.colcon_core.package_identification:_identify(crazyswarm2/docs/images) by extensions ['cmake', 'python']
[1.642s] Level 1:colcon.colcon_core.package_identification:_identify(crazyswarm2/docs/images) by extension 'cmake'
[1.642s] Level 1:colcon.colcon_core.package_identification:_identify(crazyswarm2/docs/images) by extension 'python'
[1.642s] Level 1:colcon.colcon_core.package_identification:_identify(crazyswarm2/docs/images) by extensions ['python_setup_py']
[1.642s] Level 1:colcon.colcon_core.package_identification:_identify(crazyswarm2/docs/images) by extension 'python_setup_py'
[1.642s] Level 1:colcon.colcon_core.package_identification:_identify(crazyswarm2/docs/tutorials) by extensions ['ignore', 'ignore_ament_install']
[1.642s] Level 1:colcon.colcon_core.package_identification:_identify(crazyswarm2/docs/tutorials) by extension 'ignore'
[1.642s] Level 1:colcon.colcon_core.package_identification:_identify(crazyswarm2/docs/tutorials) by extension 'ignore_ament_install'
[1.642s] Level 1:colcon.colcon_core.package_identification:_identify(crazyswarm2/docs/tutorials) by extensions ['colcon_pkg']
[1.642s] Level 1:colcon.colcon_core.package_identification:_identify(crazyswarm2/docs/tutorials) by extension 'colcon_pkg'
[1.642s] Level 1:colcon.colcon_core.package_identification:_identify(crazyswarm2/docs/tutorials) by extensions ['colcon_meta']
[1.642s] Level 1:colcon.colcon_core.package_identification:_identify(crazyswarm2/docs/tutorials) by extension 'colcon_meta'
[1.642s] Level 1:colcon.colcon_core.package_identification:_identify(crazyswarm2/docs/tutorials) by extensions ['ros']
[1.643s] Level 1:colcon.colcon_core.package_identification:_identify(crazyswarm2/docs/tutorials) by extension 'ros'
[1.643s] Level 1:colcon.colcon_core.package_identification:_identify(crazyswarm2/docs/tutorials) by extensions ['cmake', 'python']
[1.643s] Level 1:colcon.colcon_core.package_identification:_identify(crazyswarm2/docs/tutorials) by extension 'cmake'
[1.643s] Level 1:colcon.colcon_core.package_identification:_identify(crazyswarm2/docs/tutorials) by extension 'python'
[1.643s] Level 1:colcon.colcon_core.package_identification:_identify(crazyswarm2/docs/tutorials) by extensions ['python_setup_py']
[1.643s] Level 1:colcon.colcon_core.package_identification:_identify(crazyswarm2/docs/tutorials) by extension 'python_setup_py'
[1.643s] Level 1:colcon.colcon_core.package_identification:_identify(crazyswarm2/docs2) by extensions ['ignore', 'ignore_ament_install']
[1.643s] Level 1:colcon.colcon_core.package_identification:_identify(crazyswarm2/docs2) by extension 'ignore'
[1.643s] Level 1:colcon.colcon_core.package_identification:_identify(crazyswarm2/docs2) by extension 'ignore_ament_install'
[1.643s] Level 1:colcon.colcon_core.package_identification:_identify(crazyswarm2/docs2) by extensions ['colcon_pkg']
[1.643s] Level 1:colcon.colcon_core.package_identification:_identify(crazyswarm2/docs2) by extension 'colcon_pkg'
[1.643s] Level 1:colcon.colcon_core.package_identification:_identify(crazyswarm2/docs2) by extensions ['colcon_meta']
[1.643s] Level 1:colcon.colcon_core.package_identification:_identify(crazyswarm2/docs2) by extension 'colcon_meta'
[1.643s] Level 1:colcon.colcon_core.package_identification:_identify(crazyswarm2/docs2) by extensions ['ros']
[1.643s] Level 1:colcon.colcon_core.package_identification:_identify(crazyswarm2/docs2) by extension 'ros'
[1.644s] Level 1:colcon.colcon_core.package_identification:_identify(crazyswarm2/docs2) by extensions ['cmake', 'python']
[1.644s] Level 1:colcon.colcon_core.package_identification:_identify(crazyswarm2/docs2) by extension 'cmake'
[1.644s] Level 1:colcon.colcon_core.package_identification:_identify(crazyswarm2/docs2) by extension 'python'
[1.644s] Level 1:colcon.colcon_core.package_identification:_identify(crazyswarm2/docs2) by extensions ['python_setup_py']
[1.644s] Level 1:colcon.colcon_core.package_identification:_identify(crazyswarm2/docs2) by extension 'python_setup_py'
[1.644s] Level 1:colcon.colcon_core.package_identification:_identify(crazyswarm2/docs2/images) by extensions ['ignore', 'ignore_ament_install']
[1.644s] Level 1:colcon.colcon_core.package_identification:_identify(crazyswarm2/docs2/images) by extension 'ignore'
[1.644s] Level 1:colcon.colcon_core.package_identification:_identify(crazyswarm2/docs2/images) by extension 'ignore_ament_install'
[1.644s] Level 1:colcon.colcon_core.package_identification:_identify(crazyswarm2/docs2/images) by extensions ['colcon_pkg']
[1.644s] Level 1:colcon.colcon_core.package_identification:_identify(crazyswarm2/docs2/images) by extension 'colcon_pkg'
[1.644s] Level 1:colcon.colcon_core.package_identification:_identify(crazyswarm2/docs2/images) by extensions ['colcon_meta']
[1.644s] Level 1:colcon.colcon_core.package_identification:_identify(crazyswarm2/docs2/images) by extension 'colcon_meta'
[1.644s] Level 1:colcon.colcon_core.package_identification:_identify(crazyswarm2/docs2/images) by extensions ['ros']
[1.644s] Level 1:colcon.colcon_core.package_identification:_identify(crazyswarm2/docs2/images) by extension 'ros'
[1.644s] Level 1:colcon.colcon_core.package_identification:_identify(crazyswarm2/docs2/images) by extensions ['cmake', 'python']
[1.645s] Level 1:colcon.colcon_core.package_identification:_identify(crazyswarm2/docs2/images) by extension 'cmake'
[1.645s] Level 1:colcon.colcon_core.package_identification:_identify(crazyswarm2/docs2/images) by extension 'python'
[1.645s] Level 1:colcon.colcon_core.package_identification:_identify(crazyswarm2/docs2/images) by extensions ['python_setup_py']
[1.645s] Level 1:colcon.colcon_core.package_identification:_identify(crazyswarm2/docs2/images) by extension 'python_setup_py'
[1.645s] Level 1:colcon.colcon_core.package_identification:_identify(crazyswarm2/prebuilt) by extensions ['ignore', 'ignore_ament_install']
[1.645s] Level 1:colcon.colcon_core.package_identification:_identify(crazyswarm2/prebuilt) by extension 'ignore'
[1.645s] Level 1:colcon.colcon_core.package_identification:_identify(crazyswarm2/prebuilt) by extension 'ignore_ament_install'
[1.645s] Level 1:colcon.colcon_core.package_identification:_identify(crazyswarm2/prebuilt) by extensions ['colcon_pkg']
[1.645s] Level 1:colcon.colcon_core.package_identification:_identify(crazyswarm2/prebuilt) by extension 'colcon_pkg'
[1.645s] Level 1:colcon.colcon_core.package_identification:_identify(crazyswarm2/prebuilt) by extensions ['colcon_meta']
[1.645s] Level 1:colcon.colcon_core.package_identification:_identify(crazyswarm2/prebuilt) by extension 'colcon_meta'
[1.645s] Level 1:colcon.colcon_core.package_identification:_identify(crazyswarm2/prebuilt) by extensions ['ros']
[1.645s] Level 1:colcon.colcon_core.package_identification:_identify(crazyswarm2/prebuilt) by extension 'ros'
[1.645s] Level 1:colcon.colcon_core.package_identification:_identify(crazyswarm2/prebuilt) by extensions ['cmake', 'python']
[1.645s] Level 1:colcon.colcon_core.package_identification:_identify(crazyswarm2/prebuilt) by extension 'cmake'
[1.646s] Level 1:colcon.colcon_core.package_identification:_identify(crazyswarm2/prebuilt) by extension 'python'
[1.646s] Level 1:colcon.colcon_core.package_identification:_identify(crazyswarm2/prebuilt) by extensions ['python_setup_py']
[1.646s] Level 1:colcon.colcon_core.package_identification:_identify(crazyswarm2/prebuilt) by extension 'python_setup_py'
[1.646s] Level 1:colcon.colcon_core.package_identification:_identify(crazyswarm2/ros_ws) by extensions ['ignore', 'ignore_ament_install']
[1.646s] Level 1:colcon.colcon_core.package_identification:_identify(crazyswarm2/ros_ws) by extension 'ignore'
[1.646s] Level 1:colcon.colcon_core.package_identification:_identify(crazyswarm2/ros_ws) by extension 'ignore_ament_install'
[1.646s] Level 1:colcon.colcon_core.package_identification:_identify(crazyswarm2/ros_ws) by extensions ['colcon_pkg']
[1.646s] Level 1:colcon.colcon_core.package_identification:_identify(crazyswarm2/ros_ws) by extension 'colcon_pkg'
[1.646s] Level 1:colcon.colcon_core.package_identification:_identify(crazyswarm2/ros_ws) by extensions ['colcon_meta']
[1.646s] Level 1:colcon.colcon_core.package_identification:_identify(crazyswarm2/ros_ws) by extension 'colcon_meta'
[1.646s] Level 1:colcon.colcon_core.package_identification:_identify(crazyswarm2/ros_ws) by extensions ['ros']
[1.646s] Level 1:colcon.colcon_core.package_identification:_identify(crazyswarm2/ros_ws) by extension 'ros'
[1.646s] Level 1:colcon.colcon_core.package_identification:_identify(crazyswarm2/ros_ws) by extensions ['cmake', 'python']
[1.646s] Level 1:colcon.colcon_core.package_identification:_identify(crazyswarm2/ros_ws) by extension 'cmake'
[1.646s] Level 1:colcon.colcon_core.package_identification:_identify(crazyswarm2/ros_ws) by extension 'python'
[1.646s] Level 1:colcon.colcon_core.package_identification:_identify(crazyswarm2/ros_ws) by extensions ['python_setup_py']
[1.647s] Level 1:colcon.colcon_core.package_identification:_identify(crazyswarm2/ros_ws) by extension 'python_setup_py'
[1.647s] Level 1:colcon.colcon_core.package_identification:_identify(crazyswarm2/ros_ws/src) by extensions ['ignore', 'ignore_ament_install']
[1.647s] Level 1:colcon.colcon_core.package_identification:_identify(crazyswarm2/ros_ws/src) by extension 'ignore'
[1.647s] Level 1:colcon.colcon_core.package_identification:_identify(crazyswarm2/ros_ws/src) by extension 'ignore_ament_install'
[1.647s] Level 1:colcon.colcon_core.package_identification:_identify(crazyswarm2/ros_ws/src) by extensions ['colcon_pkg']
[1.647s] Level 1:colcon.colcon_core.package_identification:_identify(crazyswarm2/ros_ws/src) by extension 'colcon_pkg'
[1.647s] Level 1:colcon.colcon_core.package_identification:_identify(crazyswarm2/ros_ws/src) by extensions ['colcon_meta']
[1.647s] Level 1:colcon.colcon_core.package_identification:_identify(crazyswarm2/ros_ws/src) by extension 'colcon_meta'
[1.647s] Level 1:colcon.colcon_core.package_identification:_identify(crazyswarm2/ros_ws/src) by extensions ['ros']
[1.647s] Level 1:colcon.colcon_core.package_identification:_identify(crazyswarm2/ros_ws/src) by extension 'ros'
[1.647s] Level 1:colcon.colcon_core.package_identification:_identify(crazyswarm2/ros_ws/src) by extensions ['cmake', 'python']
[1.647s] Level 1:colcon.colcon_core.package_identification:_identify(crazyswarm2/ros_ws/src) by extension 'cmake'
[1.647s] Level 1:colcon.colcon_core.package_identification:_identify(crazyswarm2/ros_ws/src) by extension 'python'
[1.647s] Level 1:colcon.colcon_core.package_identification:_identify(crazyswarm2/ros_ws/src) by extensions ['python_setup_py']
[1.647s] Level 1:colcon.colcon_core.package_identification:_identify(crazyswarm2/ros_ws/src) by extension 'python_setup_py'
[1.648s] Level 1:colcon.colcon_core.package_identification:_identify(crazyswarm2/ros_ws/src/crazyswarm) by extensions ['ignore', 'ignore_ament_install']
[1.648s] Level 1:colcon.colcon_core.package_identification:_identify(crazyswarm2/ros_ws/src/crazyswarm) by extension 'ignore'
[1.648s] Level 1:colcon.colcon_core.package_identification:_identify(crazyswarm2/ros_ws/src/crazyswarm) by extension 'ignore_ament_install'
[1.648s] Level 1:colcon.colcon_core.package_identification:_identify(crazyswarm2/ros_ws/src/crazyswarm) by extensions ['colcon_pkg']
[1.648s] Level 1:colcon.colcon_core.package_identification:_identify(crazyswarm2/ros_ws/src/crazyswarm) by extension 'colcon_pkg'
[1.648s] Level 1:colcon.colcon_core.package_identification:_identify(crazyswarm2/ros_ws/src/crazyswarm) by extensions ['colcon_meta']
[1.648s] Level 1:colcon.colcon_core.package_identification:_identify(crazyswarm2/ros_ws/src/crazyswarm) by extension 'colcon_meta'
[1.648s] Level 1:colcon.colcon_core.package_identification:_identify(crazyswarm2/ros_ws/src/crazyswarm) by extensions ['ros']
[1.648s] Level 1:colcon.colcon_core.package_identification:_identify(crazyswarm2/ros_ws/src/crazyswarm) by extension 'ros'
[1.648s] Level 1:colcon.colcon_core.package_identification:_identify(crazyswarm2/ros_ws/src/crazyswarm) by extensions ['cmake', 'python']
[1.648s] Level 1:colcon.colcon_core.package_identification:_identify(crazyswarm2/ros_ws/src/crazyswarm) by extension 'cmake'
[1.648s] Level 1:colcon.colcon_core.package_identification:_identify(crazyswarm2/ros_ws/src/crazyswarm) by extension 'python'
[1.648s] Level 1:colcon.colcon_core.package_identification:_identify(crazyswarm2/ros_ws/src/crazyswarm) by extensions ['python_setup_py']
[1.648s] Level 1:colcon.colcon_core.package_identification:_identify(crazyswarm2/ros_ws/src/crazyswarm) by extension 'python_setup_py'
[1.649s] Level 1:colcon.colcon_core.package_identification:_identify(crazyswarm2/ros_ws/src/crazyswarm/launch) by extensions ['ignore', 'ignore_ament_install']
[1.649s] Level 1:colcon.colcon_core.package_identification:_identify(crazyswarm2/ros_ws/src/crazyswarm/launch) by extension 'ignore'
[1.649s] Level 1:colcon.colcon_core.package_identification:_identify(crazyswarm2/ros_ws/src/crazyswarm/launch) by extension 'ignore_ament_install'
[1.649s] Level 1:colcon.colcon_core.package_identification:_identify(crazyswarm2/ros_ws/src/crazyswarm/launch) by extensions ['colcon_pkg']
[1.649s] Level 1:colcon.colcon_core.package_identification:_identify(crazyswarm2/ros_ws/src/crazyswarm/launch) by extension 'colcon_pkg'
[1.649s] Level 1:colcon.colcon_core.package_identification:_identify(crazyswarm2/ros_ws/src/crazyswarm/launch) by extensions ['colcon_meta']
[1.649s] Level 1:colcon.colcon_core.package_identification:_identify(crazyswarm2/ros_ws/src/crazyswarm/launch) by extension 'colcon_meta'
[1.649s] Level 1:colcon.colcon_core.package_identification:_identify(crazyswarm2/ros_ws/src/crazyswarm/launch) by extensions ['ros']
[1.649s] Level 1:colcon.colcon_core.package_identification:_identify(crazyswarm2/ros_ws/src/crazyswarm/launch) by extension 'ros'
[1.649s] Level 1:colcon.colcon_core.package_identification:_identify(crazyswarm2/ros_ws/src/crazyswarm/launch) by extensions ['cmake', 'python']
[1.649s] Level 1:colcon.colcon_core.package_identification:_identify(crazyswarm2/ros_ws/src/crazyswarm/launch) by extension 'cmake'
[1.649s] Level 1:colcon.colcon_core.package_identification:_identify(crazyswarm2/ros_ws/src/crazyswarm/launch) by extension 'python'
[1.649s] Level 1:colcon.colcon_core.package_identification:_identify(crazyswarm2/ros_ws/src/crazyswarm/launch) by extensions ['python_setup_py']
[1.649s] Level 1:colcon.colcon_core.package_identification:_identify(crazyswarm2/ros_ws/src/crazyswarm/launch) by extension 'python_setup_py'
[1.650s] Level 1:colcon.colcon_core.package_identification:_identify(crazyswarm2/ros_ws/src/crazyswarm/scripts) by extensions ['ignore', 'ignore_ament_install']
[1.650s] Level 1:colcon.colcon_core.package_identification:_identify(crazyswarm2/ros_ws/src/crazyswarm/scripts) by extension 'ignore'
[1.650s] Level 1:colcon.colcon_core.package_identification:_identify(crazyswarm2/ros_ws/src/crazyswarm/scripts) by extension 'ignore_ament_install'
[1.650s] Level 1:colcon.colcon_core.package_identification:_identify(crazyswarm2/ros_ws/src/crazyswarm/scripts) by extensions ['colcon_pkg']
[1.650s] Level 1:colcon.colcon_core.package_identification:_identify(crazyswarm2/ros_ws/src/crazyswarm/scripts) by extension 'colcon_pkg'
[1.650s] Level 1:colcon.colcon_core.package_identification:_identify(crazyswarm2/ros_ws/src/crazyswarm/scripts) by extensions ['colcon_meta']
[1.650s] Level 1:colcon.colcon_core.package_identification:_identify(crazyswarm2/ros_ws/src/crazyswarm/scripts) by extension 'colcon_meta'
[1.650s] Level 1:colcon.colcon_core.package_identification:_identify(crazyswarm2/ros_ws/src/crazyswarm/scripts) by extensions ['ros']
[1.650s] Level 1:colcon.colcon_core.package_identification:_identify(crazyswarm2/ros_ws/src/crazyswarm/scripts) by extension 'ros'
[1.650s] Level 1:colcon.colcon_core.package_identification:_identify(crazyswarm2/ros_ws/src/crazyswarm/scripts) by extensions ['cmake', 'python']
[1.650s] Level 1:colcon.colcon_core.package_identification:_identify(crazyswarm2/ros_ws/src/crazyswarm/scripts) by extension 'cmake'
[1.650s] Level 1:colcon.colcon_core.package_identification:_identify(crazyswarm2/ros_ws/src/crazyswarm/scripts) by extension 'python'
[1.650s] Level 1:colcon.colcon_core.package_identification:_identify(crazyswarm2/ros_ws/src/crazyswarm/scripts) by extensions ['python_setup_py']
[1.650s] Level 1:colcon.colcon_core.package_identification:_identify(crazyswarm2/ros_ws/src/crazyswarm/scripts) by extension 'python_setup_py'
[1.651s] Level 1:colcon.colcon_core.package_identification:_identify(crazyswarm2/ros_ws/src/crazyswarm/scripts/crossing2_pps) by extensions ['ignore', 'ignore_ament_install']
[1.651s] Level 1:colcon.colcon_core.package_identification:_identify(crazyswarm2/ros_ws/src/crazyswarm/scripts/crossing2_pps) by extension 'ignore'
[1.651s] Level 1:colcon.colcon_core.package_identification:_identify(crazyswarm2/ros_ws/src/crazyswarm/scripts/crossing2_pps) by extension 'ignore_ament_install'
[1.651s] Level 1:colcon.colcon_core.package_identification:_identify(crazyswarm2/ros_ws/src/crazyswarm/scripts/crossing2_pps) by extensions ['colcon_pkg']
[1.651s] Level 1:colcon.colcon_core.package_identification:_identify(crazyswarm2/ros_ws/src/crazyswarm/scripts/crossing2_pps) by extension 'colcon_pkg'
[1.651s] Level 1:colcon.colcon_core.package_identification:_identify(crazyswarm2/ros_ws/src/crazyswarm/scripts/crossing2_pps) by extensions ['colcon_meta']
[1.651s] Level 1:colcon.colcon_core.package_identification:_identify(crazyswarm2/ros_ws/src/crazyswarm/scripts/crossing2_pps) by extension 'colcon_meta'
[1.651s] Level 1:colcon.colcon_core.package_identification:_identify(crazyswarm2/ros_ws/src/crazyswarm/scripts/crossing2_pps) by extensions ['ros']
[1.651s] Level 1:colcon.colcon_core.package_identification:_identify(crazyswarm2/ros_ws/src/crazyswarm/scripts/crossing2_pps) by extension 'ros'
[1.651s] Level 1:colcon.colcon_core.package_identification:_identify(crazyswarm2/ros_ws/src/crazyswarm/scripts/crossing2_pps) by extensions ['cmake', 'python']
[1.651s] Level 1:colcon.colcon_core.package_identification:_identify(crazyswarm2/ros_ws/src/crazyswarm/scripts/crossing2_pps) by extension 'cmake'
[1.651s] Level 1:colcon.colcon_core.package_identification:_identify(crazyswarm2/ros_ws/src/crazyswarm/scripts/crossing2_pps) by extension 'python'
[1.651s] Level 1:colcon.colcon_core.package_identification:_identify(crazyswarm2/ros_ws/src/crazyswarm/scripts/crossing2_pps) by extensions ['python_setup_py']
[1.651s] Level 1:colcon.colcon_core.package_identification:_identify(crazyswarm2/ros_ws/src/crazyswarm/scripts/crossing2_pps) by extension 'python_setup_py'
[1.652s] Level 1:colcon.colcon_core.package_identification:_identify(crazyswarm2/ros_ws/src/crazyswarm/scripts/crossing4_pps) by extensions ['ignore', 'ignore_ament_install']
[1.652s] Level 1:colcon.colcon_core.package_identification:_identify(crazyswarm2/ros_ws/src/crazyswarm/scripts/crossing4_pps) by extension 'ignore'
[1.652s] Level 1:colcon.colcon_core.package_identification:_identify(crazyswarm2/ros_ws/src/crazyswarm/scripts/crossing4_pps) by extension 'ignore_ament_install'
[1.652s] Level 1:colcon.colcon_core.package_identification:_identify(crazyswarm2/ros_ws/src/crazyswarm/scripts/crossing4_pps) by extensions ['colcon_pkg']
[1.652s] Level 1:colcon.colcon_core.package_identification:_identify(crazyswarm2/ros_ws/src/crazyswarm/scripts/crossing4_pps) by extension 'colcon_pkg'
[1.652s] Level 1:colcon.colcon_core.package_identification:_identify(crazyswarm2/ros_ws/src/crazyswarm/scripts/crossing4_pps) by extensions ['colcon_meta']
[1.652s] Level 1:colcon.colcon_core.package_identification:_identify(crazyswarm2/ros_ws/src/crazyswarm/scripts/crossing4_pps) by extension 'colcon_meta'
[1.652s] Level 1:colcon.colcon_core.package_identification:_identify(crazyswarm2/ros_ws/src/crazyswarm/scripts/crossing4_pps) by extensions ['ros']
[1.652s] Level 1:colcon.colcon_core.package_identification:_identify(crazyswarm2/ros_ws/src/crazyswarm/scripts/crossing4_pps) by extension 'ros'
[1.652s] Level 1:colcon.colcon_core.package_identification:_identify(crazyswarm2/ros_ws/src/crazyswarm/scripts/crossing4_pps) by extensions ['cmake', 'python']
[1.652s] Level 1:colcon.colcon_core.package_identification:_identify(crazyswarm2/ros_ws/src/crazyswarm/scripts/crossing4_pps) by extension 'cmake'
[1.652s] Level 1:colcon.colcon_core.package_identification:_identify(crazyswarm2/ros_ws/src/crazyswarm/scripts/crossing4_pps) by extension 'python'
[1.652s] Level 1:colcon.colcon_core.package_identification:_identify(crazyswarm2/ros_ws/src/crazyswarm/scripts/crossing4_pps) by extensions ['python_setup_py']
[1.653s] Level 1:colcon.colcon_core.package_identification:_identify(crazyswarm2/ros_ws/src/crazyswarm/scripts/crossing4_pps) by extension 'python_setup_py'
[1.653s] Level 1:colcon.colcon_core.package_identification:_identify(crazyswarm2/ros_ws/src/crazyswarm/scripts/sequence_trajectories) by extensions ['ignore', 'ignore_ament_install']
[1.653s] Level 1:colcon.colcon_core.package_identification:_identify(crazyswarm2/ros_ws/src/crazyswarm/scripts/sequence_trajectories) by extension 'ignore'
[1.653s] Level 1:colcon.colcon_core.package_identification:_identify(crazyswarm2/ros_ws/src/crazyswarm/scripts/sequence_trajectories) by extension 'ignore_ament_install'
[1.653s] Level 1:colcon.colcon_core.package_identification:_identify(crazyswarm2/ros_ws/src/crazyswarm/scripts/sequence_trajectories) by extensions ['colcon_pkg']
[1.653s] Level 1:colcon.colcon_core.package_identification:_identify(crazyswarm2/ros_ws/src/crazyswarm/scripts/sequence_trajectories) by extension 'colcon_pkg'
[1.653s] Level 1:colcon.colcon_core.package_identification:_identify(crazyswarm2/ros_ws/src/crazyswarm/scripts/sequence_trajectories) by extensions ['colcon_meta']
[1.653s] Level 1:colcon.colcon_core.package_identification:_identify(crazyswarm2/ros_ws/src/crazyswarm/scripts/sequence_trajectories) by extension 'colcon_meta'
[1.653s] Level 1:colcon.colcon_core.package_identification:_identify(crazyswarm2/ros_ws/src/crazyswarm/scripts/sequence_trajectories) by extensions ['ros']
[1.653s] Level 1:colcon.colcon_core.package_identification:_identify(crazyswarm2/ros_ws/src/crazyswarm/scripts/sequence_trajectories) by extension 'ros'
[1.653s] Level 1:colcon.colcon_core.package_identification:_identify(crazyswarm2/ros_ws/src/crazyswarm/scripts/sequence_trajectories) by extensions ['cmake', 'python']
[1.653s] Level 1:colcon.colcon_core.package_identification:_identify(crazyswarm2/ros_ws/src/crazyswarm/scripts/sequence_trajectories) by extension 'cmake'
[1.653s] Level 1:colcon.colcon_core.package_identification:_identify(crazyswarm2/ros_ws/src/crazyswarm/scripts/sequence_trajectories) by extension 'python'
[1.653s] Level 1:colcon.colcon_core.package_identification:_identify(crazyswarm2/ros_ws/src/crazyswarm/scripts/sequence_trajectories) by extensions ['python_setup_py']
[1.654s] Level 1:colcon.colcon_core.package_identification:_identify(crazyswarm2/ros_ws/src/crazyswarm/scripts/sequence_trajectories) by extension 'python_setup_py'
[1.654s] Level 1:colcon.colcon_core.package_identification:_identify(crazyswarm2/ros_ws/src/crazyswarm/scripts/sequence_trajectories/1) by extensions ['ignore', 'ignore_ament_install']
[1.654s] Level 1:colcon.colcon_core.package_identification:_identify(crazyswarm2/ros_ws/src/crazyswarm/scripts/sequence_trajectories/1) by extension 'ignore'
[1.654s] Level 1:colcon.colcon_core.package_identification:_identify(crazyswarm2/ros_ws/src/crazyswarm/scripts/sequence_trajectories/1) by extension 'ignore_ament_install'
[1.654s] Level 1:colcon.colcon_core.package_identification:_identify(crazyswarm2/ros_ws/src/crazyswarm/scripts/sequence_trajectories/1) by extensions ['colcon_pkg']
[1.654s] Level 1:colcon.colcon_core.package_identification:_identify(crazyswarm2/ros_ws/src/crazyswarm/scripts/sequence_trajectories/1) by extension 'colcon_pkg'
[1.654s] Level 1:colcon.colcon_core.package_identification:_identify(crazyswarm2/ros_ws/src/crazyswarm/scripts/sequence_trajectories/1) by extensions ['colcon_meta']
[1.654s] Level 1:colcon.colcon_core.package_identification:_identify(crazyswarm2/ros_ws/src/crazyswarm/scripts/sequence_trajectories/1) by extension 'colcon_meta'
[1.654s] Level 1:colcon.colcon_core.package_identification:_identify(crazyswarm2/ros_ws/src/crazyswarm/scripts/sequence_trajectories/1) by extensions ['ros']
[1.654s] Level 1:colcon.colcon_core.package_identification:_identify(crazyswarm2/ros_ws/src/crazyswarm/scripts/sequence_trajectories/1) by extension 'ros'
[1.654s] Level 1:colcon.colcon_core.package_identification:_identify(crazyswarm2/ros_ws/src/crazyswarm/scripts/sequence_trajectories/1) by extensions ['cmake', 'python']
[1.654s] Level 1:colcon.colcon_core.package_identification:_identify(crazyswarm2/ros_ws/src/crazyswarm/scripts/sequence_trajectories/1) by extension 'cmake'
[1.654s] Level 1:colcon.colcon_core.package_identification:_identify(crazyswarm2/ros_ws/src/crazyswarm/scripts/sequence_trajectories/1) by extension 'python'
[1.655s] Level 1:colcon.colcon_core.package_identification:_identify(crazyswarm2/ros_ws/src/crazyswarm/scripts/sequence_trajectories/1) by extensions ['python_setup_py']
[1.655s] Level 1:colcon.colcon_core.package_identification:_identify(crazyswarm2/ros_ws/src/crazyswarm/scripts/sequence_trajectories/1) by extension 'python_setup_py'
[1.655s] Level 1:colcon.colcon_core.package_identification:_identify(crazyswarm2/ros_ws/src/crazyswarm/scripts/sequence_trajectories/2) by extensions ['ignore', 'ignore_ament_install']
[1.655s] Level 1:colcon.colcon_core.package_identification:_identify(crazyswarm2/ros_ws/src/crazyswarm/scripts/sequence_trajectories/2) by extension 'ignore'
[1.655s] Level 1:colcon.colcon_core.package_identification:_identify(crazyswarm2/ros_ws/src/crazyswarm/scripts/sequence_trajectories/2) by extension 'ignore_ament_install'
[1.655s] Level 1:colcon.colcon_core.package_identification:_identify(crazyswarm2/ros_ws/src/crazyswarm/scripts/sequence_trajectories/2) by extensions ['colcon_pkg']
[1.655s] Level 1:colcon.colcon_core.package_identification:_identify(crazyswarm2/ros_ws/src/crazyswarm/scripts/sequence_trajectories/2) by extension 'colcon_pkg'
[1.655s] Level 1:colcon.colcon_core.package_identification:_identify(crazyswarm2/ros_ws/src/crazyswarm/scripts/sequence_trajectories/2) by extensions ['colcon_meta']
[1.655s] Level 1:colcon.colcon_core.package_identification:_identify(crazyswarm2/ros_ws/src/crazyswarm/scripts/sequence_trajectories/2) by extension 'colcon_meta'
[1.655s] Level 1:colcon.colcon_core.package_identification:_identify(crazyswarm2/ros_ws/src/crazyswarm/scripts/sequence_trajectories/2) by extensions ['ros']
[1.655s] Level 1:colcon.colcon_core.package_identification:_identify(crazyswarm2/ros_ws/src/crazyswarm/scripts/sequence_trajectories/2) by extension 'ros'
[1.655s] Level 1:colcon.colcon_core.package_identification:_identify(crazyswarm2/ros_ws/src/crazyswarm/scripts/sequence_trajectories/2) by extensions ['cmake', 'python']
[1.655s] Level 1:colcon.colcon_core.package_identification:_identify(crazyswarm2/ros_ws/src/crazyswarm/scripts/sequence_trajectories/2) by extension 'cmake'
[1.655s] Level 1:colcon.colcon_core.package_identification:_identify(crazyswarm2/ros_ws/src/crazyswarm/scripts/sequence_trajectories/2) by extension 'python'
[1.656s] Level 1:colcon.colcon_core.package_identification:_identify(crazyswarm2/ros_ws/src/crazyswarm/scripts/sequence_trajectories/2) by extensions ['python_setup_py']
[1.656s] Level 1:colcon.colcon_core.package_identification:_identify(crazyswarm2/ros_ws/src/crazyswarm/scripts/sequence_trajectories/2) by extension 'python_setup_py'
[1.656s] Level 1:colcon.colcon_core.package_identification:_identify(crazyswarm2/ros_ws/src/crazyswarm/scripts/sequence_trajectories/3) by extensions ['ignore', 'ignore_ament_install']
[1.656s] Level 1:colcon.colcon_core.package_identification:_identify(crazyswarm2/ros_ws/src/crazyswarm/scripts/sequence_trajectories/3) by extension 'ignore'
[1.656s] Level 1:colcon.colcon_core.package_identification:_identify(crazyswarm2/ros_ws/src/crazyswarm/scripts/sequence_trajectories/3) by extension 'ignore_ament_install'
[1.656s] Level 1:colcon.colcon_core.package_identification:_identify(crazyswarm2/ros_ws/src/crazyswarm/scripts/sequence_trajectories/3) by extensions ['colcon_pkg']
[1.656s] Level 1:colcon.colcon_core.package_identification:_identify(crazyswarm2/ros_ws/src/crazyswarm/scripts/sequence_trajectories/3) by extension 'colcon_pkg'
[1.656s] Level 1:colcon.colcon_core.package_identification:_identify(crazyswarm2/ros_ws/src/crazyswarm/scripts/sequence_trajectories/3) by extensions ['colcon_meta']
[1.656s] Level 1:colcon.colcon_core.package_identification:_identify(crazyswarm2/ros_ws/src/crazyswarm/scripts/sequence_trajectories/3) by extension 'colcon_meta'
[1.656s] Level 1:colcon.colcon_core.package_identification:_identify(crazyswarm2/ros_ws/src/crazyswarm/scripts/sequence_trajectories/3) by extensions ['ros']
[1.656s] Level 1:colcon.colcon_core.package_identification:_identify(crazyswarm2/ros_ws/src/crazyswarm/scripts/sequence_trajectories/3) by extension 'ros'
[1.656s] Level 1:colcon.colcon_core.package_identification:_identify(crazyswarm2/ros_ws/src/crazyswarm/scripts/sequence_trajectories/3) by extensions ['cmake', 'python']
[1.656s] Level 1:colcon.colcon_core.package_identification:_identify(crazyswarm2/ros_ws/src/crazyswarm/scripts/sequence_trajectories/3) by extension 'cmake'
[1.657s] Level 1:colcon.colcon_core.package_identification:_identify(crazyswarm2/ros_ws/src/crazyswarm/scripts/sequence_trajectories/3) by extension 'python'
[1.657s] Level 1:colcon.colcon_core.package_identification:_identify(crazyswarm2/ros_ws/src/crazyswarm/scripts/sequence_trajectories/3) by extensions ['python_setup_py']
[1.657s] Level 1:colcon.colcon_core.package_identification:_identify(crazyswarm2/ros_ws/src/crazyswarm/scripts/sequence_trajectories/3) by extension 'python_setup_py'
[1.657s] Level 1:colcon.colcon_core.package_identification:_identify(crazyswarm2/ros_ws/src/crazyswarm/scripts/sequence_trajectories/4) by extensions ['ignore', 'ignore_ament_install']
[1.657s] Level 1:colcon.colcon_core.package_identification:_identify(crazyswarm2/ros_ws/src/crazyswarm/scripts/sequence_trajectories/4) by extension 'ignore'
[1.657s] Level 1:colcon.colcon_core.package_identification:_identify(crazyswarm2/ros_ws/src/crazyswarm/scripts/sequence_trajectories/4) by extension 'ignore_ament_install'
[1.657s] Level 1:colcon.colcon_core.package_identification:_identify(crazyswarm2/ros_ws/src/crazyswarm/scripts/sequence_trajectories/4) by extensions ['colcon_pkg']
[1.657s] Level 1:colcon.colcon_core.package_identification:_identify(crazyswarm2/ros_ws/src/crazyswarm/scripts/sequence_trajectories/4) by extension 'colcon_pkg'
[1.657s] Level 1:colcon.colcon_core.package_identification:_identify(crazyswarm2/ros_ws/src/crazyswarm/scripts/sequence_trajectories/4) by extensions ['colcon_meta']
[1.657s] Level 1:colcon.colcon_core.package_identification:_identify(crazyswarm2/ros_ws/src/crazyswarm/scripts/sequence_trajectories/4) by extension 'colcon_meta'
[1.657s] Level 1:colcon.colcon_core.package_identification:_identify(crazyswarm2/ros_ws/src/crazyswarm/scripts/sequence_trajectories/4) by extensions ['ros']
[1.657s] Level 1:colcon.colcon_core.package_identification:_identify(crazyswarm2/ros_ws/src/crazyswarm/scripts/sequence_trajectories/4) by extension 'ros'
[1.657s] Level 1:colcon.colcon_core.package_identification:_identify(crazyswarm2/ros_ws/src/crazyswarm/scripts/sequence_trajectories/4) by extensions ['cmake', 'python']
[1.657s] Level 1:colcon.colcon_core.package_identification:_identify(crazyswarm2/ros_ws/src/crazyswarm/scripts/sequence_trajectories/4) by extension 'cmake'
[1.658s] Level 1:colcon.colcon_core.package_identification:_identify(crazyswarm2/ros_ws/src/crazyswarm/scripts/sequence_trajectories/4) by extension 'python'
[1.658s] Level 1:colcon.colcon_core.package_identification:_identify(crazyswarm2/ros_ws/src/crazyswarm/scripts/sequence_trajectories/4) by extensions ['python_setup_py']
[1.658s] Level 1:colcon.colcon_core.package_identification:_identify(crazyswarm2/ros_ws/src/crazyswarm/scripts/sequence_trajectories/4) by extension 'python_setup_py'
[1.658s] Level 1:colcon.colcon_core.package_identification:_identify(crazyswarm2/ros_ws/src/crazyswarm/scripts/sequence_trajectories/5) by extensions ['ignore', 'ignore_ament_install']
[1.658s] Level 1:colcon.colcon_core.package_identification:_identify(crazyswarm2/ros_ws/src/crazyswarm/scripts/sequence_trajectories/5) by extension 'ignore'
[1.658s] Level 1:colcon.colcon_core.package_identification:_identify(crazyswarm2/ros_ws/src/crazyswarm/scripts/sequence_trajectories/5) by extension 'ignore_ament_install'
[1.658s] Level 1:colcon.colcon_core.package_identification:_identify(crazyswarm2/ros_ws/src/crazyswarm/scripts/sequence_trajectories/5) by extensions ['colcon_pkg']
[1.658s] Level 1:colcon.colcon_core.package_identification:_identify(crazyswarm2/ros_ws/src/crazyswarm/scripts/sequence_trajectories/5) by extension 'colcon_pkg'
[1.658s] Level 1:colcon.colcon_core.package_identification:_identify(crazyswarm2/ros_ws/src/crazyswarm/scripts/sequence_trajectories/5) by extensions ['colcon_meta']
[1.658s] Level 1:colcon.colcon_core.package_identification:_identify(crazyswarm2/ros_ws/src/crazyswarm/scripts/sequence_trajectories/5) by extension 'colcon_meta'
[1.658s] Level 1:colcon.colcon_core.package_identification:_identify(crazyswarm2/ros_ws/src/crazyswarm/scripts/sequence_trajectories/5) by extensions ['ros']
[1.658s] Level 1:colcon.colcon_core.package_identification:_identify(crazyswarm2/ros_ws/src/crazyswarm/scripts/sequence_trajectories/5) by extension 'ros'
[1.658s] Level 1:colcon.colcon_core.package_identification:_identify(crazyswarm2/ros_ws/src/crazyswarm/scripts/sequence_trajectories/5) by extensions ['cmake', 'python']
[1.658s] Level 1:colcon.colcon_core.package_identification:_identify(crazyswarm2/ros_ws/src/crazyswarm/scripts/sequence_trajectories/5) by extension 'cmake'
[1.659s] Level 1:colcon.colcon_core.package_identification:_identify(crazyswarm2/ros_ws/src/crazyswarm/scripts/sequence_trajectories/5) by extension 'python'
[1.659s] Level 1:colcon.colcon_core.package_identification:_identify(crazyswarm2/ros_ws/src/crazyswarm/scripts/sequence_trajectories/5) by extensions ['python_setup_py']
[1.659s] Level 1:colcon.colcon_core.package_identification:_identify(crazyswarm2/ros_ws/src/crazyswarm/scripts/sequence_trajectories/5) by extension 'python_setup_py'
[1.659s] Level 1:colcon.colcon_core.package_identification:_identify(crazyswarm2/ros_ws/src/crazyswarm/scripts/sequence_trajectories/6) by extensions ['ignore', 'ignore_ament_install']
[1.659s] Level 1:colcon.colcon_core.package_identification:_identify(crazyswarm2/ros_ws/src/crazyswarm/scripts/sequence_trajectories/6) by extension 'ignore'
[1.659s] Level 1:colcon.colcon_core.package_identification:_identify(crazyswarm2/ros_ws/src/crazyswarm/scripts/sequence_trajectories/6) by extension 'ignore_ament_install'
[1.659s] Level 1:colcon.colcon_core.package_identification:_identify(crazyswarm2/ros_ws/src/crazyswarm/scripts/sequence_trajectories/6) by extensions ['colcon_pkg']
[1.659s] Level 1:colcon.colcon_core.package_identification:_identify(crazyswarm2/ros_ws/src/crazyswarm/scripts/sequence_trajectories/6) by extension 'colcon_pkg'
[1.659s] Level 1:colcon.colcon_core.package_identification:_identify(crazyswarm2/ros_ws/src/crazyswarm/scripts/sequence_trajectories/6) by extensions ['colcon_meta']
[1.659s] Level 1:colcon.colcon_core.package_identification:_identify(crazyswarm2/ros_ws/src/crazyswarm/scripts/sequence_trajectories/6) by extension 'colcon_meta'
[1.659s] Level 1:colcon.colcon_core.package_identification:_identify(crazyswarm2/ros_ws/src/crazyswarm/scripts/sequence_trajectories/6) by extensions ['ros']
[1.659s] Level 1:colcon.colcon_core.package_identification:_identify(crazyswarm2/ros_ws/src/crazyswarm/scripts/sequence_trajectories/6) by extension 'ros'
[1.659s] Level 1:colcon.colcon_core.package_identification:_identify(crazyswarm2/ros_ws/src/crazyswarm/scripts/sequence_trajectories/6) by extensions ['cmake', 'python']
[1.660s] Level 1:colcon.colcon_core.package_identification:_identify(crazyswarm2/ros_ws/src/crazyswarm/scripts/sequence_trajectories/6) by extension 'cmake'
[1.660s] Level 1:colcon.colcon_core.package_identification:_identify(crazyswarm2/ros_ws/src/crazyswarm/scripts/sequence_trajectories/6) by extension 'python'
[1.660s] Level 1:colcon.colcon_core.package_identification:_identify(crazyswarm2/ros_ws/src/crazyswarm/scripts/sequence_trajectories/6) by extensions ['python_setup_py']
[1.660s] Level 1:colcon.colcon_core.package_identification:_identify(crazyswarm2/ros_ws/src/crazyswarm/scripts/sequence_trajectories/6) by extension 'python_setup_py'
[1.660s] Level 1:colcon.colcon_core.package_identification:_identify(crazyswarm2/ros_ws/src/crazyswarm/scripts/sequence_trajectories/7) by extensions ['ignore', 'ignore_ament_install']
[1.660s] Level 1:colcon.colcon_core.package_identification:_identify(crazyswarm2/ros_ws/src/crazyswarm/scripts/sequence_trajectories/7) by extension 'ignore'
[1.660s] Level 1:colcon.colcon_core.package_identification:_identify(crazyswarm2/ros_ws/src/crazyswarm/scripts/sequence_trajectories/7) by extension 'ignore_ament_install'
[1.660s] Level 1:colcon.colcon_core.package_identification:_identify(crazyswarm2/ros_ws/src/crazyswarm/scripts/sequence_trajectories/7) by extensions ['colcon_pkg']
[1.660s] Level 1:colcon.colcon_core.package_identification:_identify(crazyswarm2/ros_ws/src/crazyswarm/scripts/sequence_trajectories/7) by extension 'colcon_pkg'
[1.660s] Level 1:colcon.colcon_core.package_identification:_identify(crazyswarm2/ros_ws/src/crazyswarm/scripts/sequence_trajectories/7) by extensions ['colcon_meta']
[1.660s] Level 1:colcon.colcon_core.package_identification:_identify(crazyswarm2/ros_ws/src/crazyswarm/scripts/sequence_trajectories/7) by extension 'colcon_meta'
[1.660s] Level 1:colcon.colcon_core.package_identification:_identify(crazyswarm2/ros_ws/src/crazyswarm/scripts/sequence_trajectories/7) by extensions ['ros']
[1.660s] Level 1:colcon.colcon_core.package_identification:_identify(crazyswarm2/ros_ws/src/crazyswarm/scripts/sequence_trajectories/7) by extension 'ros'
[1.660s] Level 1:colcon.colcon_core.package_identification:_identify(crazyswarm2/ros_ws/src/crazyswarm/scripts/sequence_trajectories/7) by extensions ['cmake', 'python']
[1.661s] Level 1:colcon.colcon_core.package_identification:_identify(crazyswarm2/ros_ws/src/crazyswarm/scripts/sequence_trajectories/7) by extension 'cmake'
[1.661s] Level 1:colcon.colcon_core.package_identification:_identify(crazyswarm2/ros_ws/src/crazyswarm/scripts/sequence_trajectories/7) by extension 'python'
[1.661s] Level 1:colcon.colcon_core.package_identification:_identify(crazyswarm2/ros_ws/src/crazyswarm/scripts/sequence_trajectories/7) by extensions ['python_setup_py']
[1.661s] Level 1:colcon.colcon_core.package_identification:_identify(crazyswarm2/ros_ws/src/crazyswarm/scripts/sequence_trajectories/7) by extension 'python_setup_py'
[1.661s] Level 1:colcon.colcon_core.package_identification:_identify(crazyswarm2/ros_ws/src/crazyswarm/scripts/swap6v_pps) by extensions ['ignore', 'ignore_ament_install']
[1.661s] Level 1:colcon.colcon_core.package_identification:_identify(crazyswarm2/ros_ws/src/crazyswarm/scripts/swap6v_pps) by extension 'ignore'
[1.661s] Level 1:colcon.colcon_core.package_identification:_identify(crazyswarm2/ros_ws/src/crazyswarm/scripts/swap6v_pps) by extension 'ignore_ament_install'
[1.661s] Level 1:colcon.colcon_core.package_identification:_identify(crazyswarm2/ros_ws/src/crazyswarm/scripts/swap6v_pps) by extensions ['colcon_pkg']
[1.661s] Level 1:colcon.colcon_core.package_identification:_identify(crazyswarm2/ros_ws/src/crazyswarm/scripts/swap6v_pps) by extension 'colcon_pkg'
[1.661s] Level 1:colcon.colcon_core.package_identification:_identify(crazyswarm2/ros_ws/src/crazyswarm/scripts/swap6v_pps) by extensions ['colcon_meta']
[1.661s] Level 1:colcon.colcon_core.package_identification:_identify(crazyswarm2/ros_ws/src/crazyswarm/scripts/swap6v_pps) by extension 'colcon_meta'
[1.661s] Level 1:colcon.colcon_core.package_identification:_identify(crazyswarm2/ros_ws/src/crazyswarm/scripts/swap6v_pps) by extensions ['ros']
[1.661s] Level 1:colcon.colcon_core.package_identification:_identify(crazyswarm2/ros_ws/src/crazyswarm/scripts/swap6v_pps) by extension 'ros'
[1.661s] Level 1:colcon.colcon_core.package_identification:_identify(crazyswarm2/ros_ws/src/crazyswarm/scripts/swap6v_pps) by extensions ['cmake', 'python']
[1.662s] Level 1:colcon.colcon_core.package_identification:_identify(crazyswarm2/ros_ws/src/crazyswarm/scripts/swap6v_pps) by extension 'cmake'
[1.662s] Level 1:colcon.colcon_core.package_identification:_identify(crazyswarm2/ros_ws/src/crazyswarm/scripts/swap6v_pps) by extension 'python'
[1.662s] Level 1:colcon.colcon_core.package_identification:_identify(crazyswarm2/ros_ws/src/crazyswarm/scripts/swap6v_pps) by extensions ['python_setup_py']
[1.662s] Level 1:colcon.colcon_core.package_identification:_identify(crazyswarm2/ros_ws/src/crazyswarm/scripts/swap6v_pps) by extension 'python_setup_py'
[1.662s] Level 1:colcon.colcon_core.package_identification:_identify(crazyswarm2/systemtests) by extensions ['ignore', 'ignore_ament_install']
[1.662s] Level 1:colcon.colcon_core.package_identification:_identify(crazyswarm2/systemtests) by extension 'ignore'
[1.662s] Level 1:colcon.colcon_core.package_identification:_identify(crazyswarm2/systemtests) by extension 'ignore_ament_install'
[1.662s] Level 1:colcon.colcon_core.package_identification:_identify(crazyswarm2/systemtests) by extensions ['colcon_pkg']
[1.662s] Level 1:colcon.colcon_core.package_identification:_identify(crazyswarm2/systemtests) by extension 'colcon_pkg'
[1.662s] Level 1:colcon.colcon_core.package_identification:_identify(crazyswarm2/systemtests) by extensions ['colcon_meta']
[1.662s] Level 1:colcon.colcon_core.package_identification:_identify(crazyswarm2/systemtests) by extension 'colcon_meta'
[1.662s] Level 1:colcon.colcon_core.package_identification:_identify(crazyswarm2/systemtests) by extensions ['ros']
[1.662s] Level 1:colcon.colcon_core.package_identification:_identify(crazyswarm2/systemtests) by extension 'ros'
[1.662s] Level 1:colcon.colcon_core.package_identification:_identify(crazyswarm2/systemtests) by extensions ['cmake', 'python']
[1.663s] Level 1:colcon.colcon_core.package_identification:_identify(crazyswarm2/systemtests) by extension 'cmake'
[1.663s] Level 1:colcon.colcon_core.package_identification:_identify(crazyswarm2/systemtests) by extension 'python'
[1.663s] Level 1:colcon.colcon_core.package_identification:_identify(crazyswarm2/systemtests) by extensions ['python_setup_py']
[1.663s] Level 1:colcon.colcon_core.package_identification:_identify(crazyswarm2/systemtests) by extension 'python_setup_py'
[1.663s] Level 1:colcon.colcon_core.package_identification:_identify(install) by extensions ['ignore', 'ignore_ament_install']
[1.663s] Level 1:colcon.colcon_core.package_identification:_identify(install) by extension 'ignore'
[1.663s] Level 1:colcon.colcon_core.package_identification:_identify(install) ignored
[1.663s] Level 1:colcon.colcon_core.package_identification:_identify(log) by extensions ['ignore', 'ignore_ament_install']
[1.663s] Level 1:colcon.colcon_core.package_identification:_identify(log) by extension 'ignore'
[1.664s] Level 1:colcon.colcon_core.package_identification:_identify(log) ignored
[1.664s] Level 1:colcon.colcon_core.package_identification:_identify(motion_capture_tracking) by extensions ['ignore', 'ignore_ament_install']
[1.664s] Level 1:colcon.colcon_core.package_identification:_identify(motion_capture_tracking) by extension 'ignore'
[1.664s] Level 1:colcon.colcon_core.package_identification:_identify(motion_capture_tracking) by extension 'ignore_ament_install'
[1.664s] Level 1:colcon.colcon_core.package_identification:_identify(motion_capture_tracking) by extensions ['colcon_pkg']
[1.664s] Level 1:colcon.colcon_core.package_identification:_identify(motion_capture_tracking) by extension 'colcon_pkg'
[1.664s] Level 1:colcon.colcon_core.package_identification:_identify(motion_capture_tracking) by extensions ['colcon_meta']
[1.664s] Level 1:colcon.colcon_core.package_identification:_identify(motion_capture_tracking) by extension 'colcon_meta'
[1.664s] Level 1:colcon.colcon_core.package_identification:_identify(motion_capture_tracking) by extensions ['ros']
[1.664s] Level 1:colcon.colcon_core.package_identification:_identify(motion_capture_tracking) by extension 'ros'
[1.664s] Level 1:colcon.colcon_core.package_identification:_identify(motion_capture_tracking) by extensions ['cmake', 'python']
[1.664s] Level 1:colcon.colcon_core.package_identification:_identify(motion_capture_tracking) by extension 'cmake'
[1.664s] Level 1:colcon.colcon_core.package_identification:_identify(motion_capture_tracking) by extension 'python'
[1.664s] Level 1:colcon.colcon_core.package_identification:_identify(motion_capture_tracking) by extensions ['python_setup_py']
[1.664s] Level 1:colcon.colcon_core.package_identification:_identify(motion_capture_tracking) by extension 'python_setup_py'
[1.665s] Level 1:colcon.colcon_core.package_identification:_identify(motion_capture_tracking/motion_capture_tracking) by extensions ['ignore', 'ignore_ament_install']
[1.665s] Level 1:colcon.colcon_core.package_identification:_identify(motion_capture_tracking/motion_capture_tracking) by extension 'ignore'
[1.665s] Level 1:colcon.colcon_core.package_identification:_identify(motion_capture_tracking/motion_capture_tracking) by extension 'ignore_ament_install'
[1.665s] Level 1:colcon.colcon_core.package_identification:_identify(motion_capture_tracking/motion_capture_tracking) by extensions ['colcon_pkg']
[1.665s] Level 1:colcon.colcon_core.package_identification:_identify(motion_capture_tracking/motion_capture_tracking) by extension 'colcon_pkg'
[1.665s] Level 1:colcon.colcon_core.package_identification:_identify(motion_capture_tracking/motion_capture_tracking) by extensions ['colcon_meta']
[1.665s] Level 1:colcon.colcon_core.package_identification:_identify(motion_capture_tracking/motion_capture_tracking) by extension 'colcon_meta'
[1.665s] Level 1:colcon.colcon_core.package_identification:_identify(motion_capture_tracking/motion_capture_tracking) by extensions ['ros']
[1.665s] Level 1:colcon.colcon_core.package_identification:_identify(motion_capture_tracking/motion_capture_tracking) by extension 'ros'
[1.666s] DEBUG:colcon.colcon_core.package_identification:Package 'motion_capture_tracking/motion_capture_tracking' with type 'ros.ament_cmake' and name 'motion_capture_tracking'
[1.666s] Level 1:colcon.colcon_core.package_identification:_identify(motion_capture_tracking/motion_capture_tracking_interfaces) by extensions ['ignore', 'ignore_ament_install']
[1.666s] Level 1:colcon.colcon_core.package_identification:_identify(motion_capture_tracking/motion_capture_tracking_interfaces) by extension 'ignore'
[1.666s] Level 1:colcon.colcon_core.package_identification:_identify(motion_capture_tracking/motion_capture_tracking_interfaces) by extension 'ignore_ament_install'
[1.667s] Level 1:colcon.colcon_core.package_identification:_identify(motion_capture_tracking/motion_capture_tracking_interfaces) by extensions ['colcon_pkg']
[1.667s] Level 1:colcon.colcon_core.package_identification:_identify(motion_capture_tracking/motion_capture_tracking_interfaces) by extension 'colcon_pkg'
[1.667s] Level 1:colcon.colcon_core.package_identification:_identify(motion_capture_tracking/motion_capture_tracking_interfaces) by extensions ['colcon_meta']
[1.667s] Level 1:colcon.colcon_core.package_identification:_identify(motion_capture_tracking/motion_capture_tracking_interfaces) by extension 'colcon_meta'
[1.667s] Level 1:colcon.colcon_core.package_identification:_identify(motion_capture_tracking/motion_capture_tracking_interfaces) by extensions ['ros']
[1.667s] Level 1:colcon.colcon_core.package_identification:_identify(motion_capture_tracking/motion_capture_tracking_interfaces) by extension 'ros'
[1.667s] DEBUG:colcon.colcon_core.package_identification:Package 'motion_capture_tracking/motion_capture_tracking_interfaces' with type 'ros.ament_cmake' and name 'motion_capture_tracking_interfaces'
[1.667s] Level 1:colcon.colcon_core.package_discovery:discover_packages(recursive) using defaults
[1.668s] Level 1:colcon.colcon_core.package_discovery:discover_packages(ignore) discover
[1.668s] Level 1:colcon.colcon_core.package_discovery:discover_packages(ignore) using defaults
[1.668s] Level 1:colcon.colcon_core.package_discovery:discover_packages(path) discover
[1.668s] Level 1:colcon.colcon_core.package_discovery:discover_packages(path) using defaults
[1.804s] Level 1:colcon.colcon_core.package_discovery:discover_packages(prefix_path) check parameters
[1.804s] Level 1:colcon.colcon_core.package_discovery:discover_packages(prefix_path) discover
[1.848s] DEBUG:colcon.colcon_installed_package_information.package_discovery:Found 7 installed packages in /home/abd/exp_ws/src/install
[1.871s] DEBUG:colcon.colcon_installed_package_information.package_discovery:Found 303 installed packages in /opt/ros/humble
[1.885s] Level 1:colcon.colcon_core.package_discovery:discover_packages(prefix_path) using defaults
[2.018s] Level 5:colcon.colcon_core.verb:set package 'crazyflie_interfaces' build argument 'cmake_args' from command line to 'None'
[2.018s] Level 5:colcon.colcon_core.verb:set package 'crazyflie_interfaces' build argument 'cmake_target' from command line to 'None'
[2.018s] Level 5:colcon.colcon_core.verb:set package 'crazyflie_interfaces' build argument 'cmake_target_skip_unavailable' from command line to 'False'
[2.018s] Level 5:colcon.colcon_core.verb:set package 'crazyflie_interfaces' build argument 'cmake_clean_cache' from command line to 'False'
[2.018s] Level 5:colcon.colcon_core.verb:set package 'crazyflie_interfaces' build argument 'cmake_clean_first' from command line to 'False'
[2.018s] Level 5:colcon.colcon_core.verb:set package 'crazyflie_interfaces' build argument 'cmake_force_configure' from command line to 'False'
[2.018s] Level 5:colcon.colcon_core.verb:set package 'crazyflie_interfaces' build argument 'ament_cmake_args' from command line to 'None'
[2.018s] Level 5:colcon.colcon_core.verb:set package 'crazyflie_interfaces' build argument 'catkin_cmake_args' from command line to 'None'
[2.018s] Level 5:colcon.colcon_core.verb:set package 'crazyflie_interfaces' build argument 'catkin_skip_building_tests' from command line to 'False'
[2.018s] DEBUG:colcon.colcon_core.verb:Building package 'crazyflie_interfaces' with the following arguments: {'ament_cmake_args': None, 'build_base': '/home/abd/exp_ws/src/build/crazyflie_interfaces', 'catkin_cmake_args': None, 'catkin_skip_building_tests': False, 'cmake_args': None, 'cmake_clean_cache': False, 'cmake_clean_first': False, 'cmake_force_configure': False, 'cmake_target': None, 'cmake_target_skip_unavailable': False, 'install_base': '/home/abd/exp_ws/src/install/crazyflie_interfaces', 'merge_install': False, 'path': '/home/abd/exp_ws/src/crazyswarm2/crazyflie_interfaces', 'symlink_install': False, 'test_result_base': None}
[2.040s] Level 5:colcon.colcon_core.verb:set package 'motion_capture_tracking_interfaces' build argument 'cmake_args' from command line to 'None'
[2.040s] Level 5:colcon.colcon_core.verb:set package 'motion_capture_tracking_interfaces' build argument 'cmake_target' from command line to 'None'
[2.040s] Level 5:colcon.colcon_core.verb:set package 'motion_capture_tracking_interfaces' build argument 'cmake_target_skip_unavailable' from command line to 'False'
[2.040s] Level 5:colcon.colcon_core.verb:set package 'motion_capture_tracking_interfaces' build argument 'cmake_clean_cache' from command line to 'False'
[2.040s] Level 5:colcon.colcon_core.verb:set package 'motion_capture_tracking_interfaces' build argument 'cmake_clean_first' from command line to 'False'
[2.040s] Level 5:colcon.colcon_core.verb:set package 'motion_capture_tracking_interfaces' build argument 'cmake_force_configure' from command line to 'False'
[2.040s] Level 5:colcon.colcon_core.verb:set package 'motion_capture_tracking_interfaces' build argument 'ament_cmake_args' from command line to 'None'
[2.040s] Level 5:colcon.colcon_core.verb:set package 'motion_capture_tracking_interfaces' build argument 'catkin_cmake_args' from command line to 'None'
[2.040s] Level 5:colcon.colcon_core.verb:set package 'motion_capture_tracking_interfaces' build argument 'catkin_skip_building_tests' from command line to 'False'
[2.040s] DEBUG:colcon.colcon_core.verb:Building package 'motion_capture_tracking_interfaces' with the following arguments: {'ament_cmake_args': None, 'build_base': '/home/abd/exp_ws/src/build/motion_capture_tracking_interfaces', 'catkin_cmake_args': None, 'catkin_skip_building_tests': False, 'cmake_args': None, 'cmake_clean_cache': False, 'cmake_clean_first': False, 'cmake_force_configure': False, 'cmake_target': None, 'cmake_target_skip_unavailable': False, 'install_base': '/home/abd/exp_ws/src/install/motion_capture_tracking_interfaces', 'merge_install': False, 'path': '/home/abd/exp_ws/src/motion_capture_tracking/motion_capture_tracking_interfaces', 'symlink_install': False, 'test_result_base': None}
[2.062s] Level 5:colcon.colcon_core.verb:set package 'crazyflie' build argument 'cmake_args' from command line to 'None'
[2.062s] Level 5:colcon.colcon_core.verb:set package 'crazyflie' build argument 'cmake_target' from command line to 'None'
[2.062s] Level 5:colcon.colcon_core.verb:set package 'crazyflie' build argument 'cmake_target_skip_unavailable' from command line to 'False'
[2.062s] Level 5:colcon.colcon_core.verb:set package 'crazyflie' build argument 'cmake_clean_cache' from command line to 'False'
[2.062s] Level 5:colcon.colcon_core.verb:set package 'crazyflie' build argument 'cmake_clean_first' from command line to 'False'
[2.062s] Level 5:colcon.colcon_core.verb:set package 'crazyflie' build argument 'cmake_force_configure' from command line to 'False'
[2.062s] Level 5:colcon.colcon_core.verb:set package 'crazyflie' build argument 'ament_cmake_args' from command line to 'None'
[2.062s] Level 5:colcon.colcon_core.verb:set package 'crazyflie' build argument 'catkin_cmake_args' from command line to 'None'
[2.062s] Level 5:colcon.colcon_core.verb:set package 'crazyflie' build argument 'catkin_skip_building_tests' from command line to 'False'
[2.062s] DEBUG:colcon.colcon_core.verb:Building package 'crazyflie' with the following arguments: {'ament_cmake_args': None, 'build_base': '/home/abd/exp_ws/src/build/crazyflie', 'catkin_cmake_args': None, 'catkin_skip_building_tests': False, 'cmake_args': None, 'cmake_clean_cache': False, 'cmake_clean_first': False, 'cmake_force_configure': False, 'cmake_target': None, 'cmake_target_skip_unavailable': False, 'install_base': '/home/abd/exp_ws/src/install/crazyflie', 'merge_install': False, 'path': '/home/abd/exp_ws/src/crazyswarm2/crazyflie', 'symlink_install': False, 'test_result_base': None}
[2.084s] Level 5:colcon.colcon_core.verb:set package 'crazyflie_py' build argument 'cmake_args' from command line to 'None'
[2.084s] Level 5:colcon.colcon_core.verb:set package 'crazyflie_py' build argument 'cmake_target' from command line to 'None'
[2.084s] Level 5:colcon.colcon_core.verb:set package 'crazyflie_py' build argument 'cmake_target_skip_unavailable' from command line to 'False'
[2.084s] Level 5:colcon.colcon_core.verb:set package 'crazyflie_py' build argument 'cmake_clean_cache' from command line to 'False'
[2.084s] Level 5:colcon.colcon_core.verb:set package 'crazyflie_py' build argument 'cmake_clean_first' from command line to 'False'
[2.084s] Level 5:colcon.colcon_core.verb:set package 'crazyflie_py' build argument 'cmake_force_configure' from command line to 'False'
[2.084s] Level 5:colcon.colcon_core.verb:set package 'crazyflie_py' build argument 'ament_cmake_args' from command line to 'None'
[2.084s] Level 5:colcon.colcon_core.verb:set package 'crazyflie_py' build argument 'catkin_cmake_args' from command line to 'None'
[2.084s] Level 5:colcon.colcon_core.verb:set package 'crazyflie_py' build argument 'catkin_skip_building_tests' from command line to 'False'
[2.084s] DEBUG:colcon.colcon_core.verb:Building package 'crazyflie_py' with the following arguments: {'ament_cmake_args': None, 'build_base': '/home/abd/exp_ws/src/build/crazyflie_py', 'catkin_cmake_args': None, 'catkin_skip_building_tests': False, 'cmake_args': None, 'cmake_clean_cache': False, 'cmake_clean_first': False, 'cmake_force_configure': False, 'cmake_target': None, 'cmake_target_skip_unavailable': False, 'install_base': '/home/abd/exp_ws/src/install/crazyflie_py', 'merge_install': False, 'path': '/home/abd/exp_ws/src/crazyswarm2/crazyflie_py', 'symlink_install': False, 'test_result_base': None}
[2.105s] Level 5:colcon.colcon_core.verb:set package 'crazyflie_sim' build argument 'cmake_args' from command line to 'None'
[2.106s] Level 5:colcon.colcon_core.verb:set package 'crazyflie_sim' build argument 'cmake_target' from command line to 'None'
[2.106s] Level 5:colcon.colcon_core.verb:set package 'crazyflie_sim' build argument 'cmake_target_skip_unavailable' from command line to 'False'
[2.106s] Level 5:colcon.colcon_core.verb:set package 'crazyflie_sim' build argument 'cmake_clean_cache' from command line to 'False'
[2.106s] Level 5:colcon.colcon_core.verb:set package 'crazyflie_sim' build argument 'cmake_clean_first' from command line to 'False'
[2.106s] Level 5:colcon.colcon_core.verb:set package 'crazyflie_sim' build argument 'cmake_force_configure' from command line to 'False'
[2.106s] Level 5:colcon.colcon_core.verb:set package 'crazyflie_sim' build argument 'ament_cmake_args' from command line to 'None'
[2.106s] Level 5:colcon.colcon_core.verb:set package 'crazyflie_sim' build argument 'catkin_cmake_args' from command line to 'None'
[2.106s] Level 5:colcon.colcon_core.verb:set package 'crazyflie_sim' build argument 'catkin_skip_building_tests' from command line to 'False'
[2.106s] DEBUG:colcon.colcon_core.verb:Building package 'crazyflie_sim' with the following arguments: {'ament_cmake_args': None, 'build_base': '/home/abd/exp_ws/src/build/crazyflie_sim', 'catkin_cmake_args': None, 'catkin_skip_building_tests': False, 'cmake_args': None, 'cmake_clean_cache': False, 'cmake_clean_first': False, 'cmake_force_configure': False, 'cmake_target': None, 'cmake_target_skip_unavailable': False, 'install_base': '/home/abd/exp_ws/src/install/crazyflie_sim', 'merge_install': False, 'path': '/home/abd/exp_ws/src/crazyswarm2/crazyflie_sim', 'symlink_install': False, 'test_result_base': None}
[2.127s] Level 5:colcon.colcon_core.verb:set package 'motion_capture_tracking' build argument 'cmake_args' from command line to 'None'
[2.127s] Level 5:colcon.colcon_core.verb:set package 'motion_capture_tracking' build argument 'cmake_target' from command line to 'None'
[2.127s] Level 5:colcon.colcon_core.verb:set package 'motion_capture_tracking' build argument 'cmake_target_skip_unavailable' from command line to 'False'
[2.127s] Level 5:colcon.colcon_core.verb:set package 'motion_capture_tracking' build argument 'cmake_clean_cache' from command line to 'False'
[2.128s] Level 5:colcon.colcon_core.verb:set package 'motion_capture_tracking' build argument 'cmake_clean_first' from command line to 'False'
[2.128s] Level 5:colcon.colcon_core.verb:set package 'motion_capture_tracking' build argument 'cmake_force_configure' from command line to 'False'
[2.128s] Level 5:colcon.colcon_core.verb:set package 'motion_capture_tracking' build argument 'ament_cmake_args' from command line to 'None'
[2.128s] Level 5:colcon.colcon_core.verb:set package 'motion_capture_tracking' build argument 'catkin_cmake_args' from command line to 'None'
[2.128s] Level 5:colcon.colcon_core.verb:set package 'motion_capture_tracking' build argument 'catkin_skip_building_tests' from command line to 'False'
[2.128s] DEBUG:colcon.colcon_core.verb:Building package 'motion_capture_tracking' with the following arguments: {'ament_cmake_args': None, 'build_base': '/home/abd/exp_ws/src/build/motion_capture_tracking', 'catkin_cmake_args': None, 'catkin_skip_building_tests': False, 'cmake_args': None, 'cmake_clean_cache': False, 'cmake_clean_first': False, 'cmake_force_configure': False, 'cmake_target': None, 'cmake_target_skip_unavailable': False, 'install_base': '/home/abd/exp_ws/src/install/motion_capture_tracking', 'merge_install': False, 'path': '/home/abd/exp_ws/src/motion_capture_tracking/motion_capture_tracking', 'symlink_install': False, 'test_result_base': None}
[2.149s] Level 5:colcon.colcon_core.verb:set package 'crazyflie_examples' build argument 'cmake_args' from command line to 'None'
[2.149s] Level 5:colcon.colcon_core.verb:set package 'crazyflie_examples' build argument 'cmake_target' from command line to 'None'
[2.149s] Level 5:colcon.colcon_core.verb:set package 'crazyflie_examples' build argument 'cmake_target_skip_unavailable' from command line to 'False'
[2.149s] Level 5:colcon.colcon_core.verb:set package 'crazyflie_examples' build argument 'cmake_clean_cache' from command line to 'False'
[2.149s] Level 5:colcon.colcon_core.verb:set package 'crazyflie_examples' build argument 'cmake_clean_first' from command line to 'False'
[2.149s] Level 5:colcon.colcon_core.verb:set package 'crazyflie_examples' build argument 'cmake_force_configure' from command line to 'False'
[2.149s] Level 5:colcon.colcon_core.verb:set package 'crazyflie_examples' build argument 'ament_cmake_args' from command line to 'None'
[2.149s] Level 5:colcon.colcon_core.verb:set package 'crazyflie_examples' build argument 'catkin_cmake_args' from command line to 'None'
[2.149s] Level 5:colcon.colcon_core.verb:set package 'crazyflie_examples' build argument 'catkin_skip_building_tests' from command line to 'False'
[2.149s] DEBUG:colcon.colcon_core.verb:Building package 'crazyflie_examples' with the following arguments: {'ament_cmake_args': None, 'build_base': '/home/abd/exp_ws/src/build/crazyflie_examples', 'catkin_cmake_args': None, 'catkin_skip_building_tests': False, 'cmake_args': None, 'cmake_clean_cache': False, 'cmake_clean_first': False, 'cmake_force_configure': False, 'cmake_target': None, 'cmake_target_skip_unavailable': False, 'install_base': '/home/abd/exp_ws/src/install/crazyflie_examples', 'merge_install': False, 'path': '/home/abd/exp_ws/src/crazyswarm2/crazyflie_examples', 'symlink_install': False, 'test_result_base': None}
[2.171s] INFO:colcon.colcon_core.executor:Executing jobs using 'parallel' executor
[2.195s] DEBUG:colcon.colcon_parallel_executor.executor.parallel:run_until_complete
[2.195s] INFO:colcon.colcon_ros.task.ament_cmake.build:Building ROS package in '/home/abd/exp_ws/src/crazyswarm2/crazyflie_interfaces' with build type 'ament_cmake'
[2.196s] INFO:colcon.colcon_cmake.task.cmake.build:Building CMake package in '/home/abd/exp_ws/src/crazyswarm2/crazyflie_interfaces'
[2.225s] INFO:colcon.colcon_core.plugin_system:Skipping extension 'colcon_core.shell.bat': Not used on non-Windows systems
[2.226s] INFO:colcon.colcon_core.shell:Skip shell extension 'powershell' for command environment: Not usable outside of PowerShell
[2.226s] DEBUG:colcon.colcon_core.shell:Skip shell extension 'dsv' for command environment
[2.319s] INFO:colcon.colcon_ros.task.ament_cmake.build:Building ROS package in '/home/abd/exp_ws/src/motion_capture_tracking/motion_capture_tracking_interfaces' with build type 'ament_cmake'
[2.320s] INFO:colcon.colcon_cmake.task.cmake.build:Building CMake package in '/home/abd/exp_ws/src/motion_capture_tracking/motion_capture_tracking_interfaces'
[2.344s] INFO:colcon.colcon_core.shell:Skip shell extension 'powershell' for command environment: Not usable outside of PowerShell
[2.344s] DEBUG:colcon.colcon_core.shell:Skip shell extension 'dsv' for command environment
[2.425s] DEBUG:colcon.colcon_core.event_handler.log_command:Invoking command in '/home/abd/exp_ws/src/build/crazyflie_interfaces': CMAKE_PREFIX_PATH=${CMAKE_PREFIX_PATH}:/home/abd/exp_ws/src/install/crazyflie_py:/opt/ros/humble /usr/bin/cmake --build /home/abd/exp_ws/src/build/crazyflie_interfaces -- -j12 -l12
[2.432s] DEBUG:colcon.colcon_core.event_handler.log_command:Invoking command in '/home/abd/exp_ws/src/build/motion_capture_tracking_interfaces': CMAKE_PREFIX_PATH=${CMAKE_PREFIX_PATH}:/home/abd/exp_ws/src/install/crazyflie_py:/opt/ros/humble /usr/bin/cmake --build /home/abd/exp_ws/src/build/motion_capture_tracking_interfaces -- -j12 -l12
[3.069s] DEBUG:colcon.colcon_core.event_handler.log_command:Invoked command in '/home/abd/exp_ws/src/build/crazyflie_interfaces' returned '0': CMAKE_PREFIX_PATH=${CMAKE_PREFIX_PATH}:/home/abd/exp_ws/src/install/crazyflie_py:/opt/ros/humble /usr/bin/cmake --build /home/abd/exp_ws/src/build/crazyflie_interfaces -- -j12 -l12
[3.072s] DEBUG:colcon.colcon_core.event_handler.log_command:Invoked command in '/home/abd/exp_ws/src/build/motion_capture_tracking_interfaces' returned '0': CMAKE_PREFIX_PATH=${CMAKE_PREFIX_PATH}:/home/abd/exp_ws/src/install/crazyflie_py:/opt/ros/humble /usr/bin/cmake --build /home/abd/exp_ws/src/build/motion_capture_tracking_interfaces -- -j12 -l12
[3.237s] DEBUG:colcon.colcon_core.event_handler.log_command:Invoking command in '/home/abd/exp_ws/src/build/motion_capture_tracking_interfaces': CMAKE_PREFIX_PATH=${CMAKE_PREFIX_PATH}:/home/abd/exp_ws/src/install/crazyflie_py:/opt/ros/humble /usr/bin/cmake --install /home/abd/exp_ws/src/build/motion_capture_tracking_interfaces
[3.321s] Level 1:colcon.colcon_core.environment:create_environment_scripts_only(motion_capture_tracking_interfaces)
[3.322s] DEBUG:colcon.colcon_core.event_handler.log_command:Invoked command in '/home/abd/exp_ws/src/build/motion_capture_tracking_interfaces' returned '0': CMAKE_PREFIX_PATH=${CMAKE_PREFIX_PATH}:/home/abd/exp_ws/src/install/crazyflie_py:/opt/ros/humble /usr/bin/cmake --install /home/abd/exp_ws/src/build/motion_capture_tracking_interfaces
[3.349s] Level 1:colcon.colcon_core.environment:checking '/home/abd/exp_ws/src/install/motion_capture_tracking_interfaces' for CMake module files
[3.350s] Level 1:colcon.colcon_core.environment:checking '/home/abd/exp_ws/src/install/motion_capture_tracking_interfaces' for CMake config files
[3.351s] Level 1:colcon.colcon_core.shell:create_environment_hook('motion_capture_tracking_interfaces', 'cmake_prefix_path')
[3.374s] INFO:colcon.colcon_core.shell:Creating environment hook '/home/abd/exp_ws/src/install/motion_capture_tracking_interfaces/share/motion_capture_tracking_interfaces/hook/cmake_prefix_path.ps1'
[3.375s] INFO:colcon.colcon_core.shell:Creating environment descriptor '/home/abd/exp_ws/src/install/motion_capture_tracking_interfaces/share/motion_capture_tracking_interfaces/hook/cmake_prefix_path.dsv'
[3.376s] INFO:colcon.colcon_core.shell:Creating environment hook '/home/abd/exp_ws/src/install/motion_capture_tracking_interfaces/share/motion_capture_tracking_interfaces/hook/cmake_prefix_path.sh'
[3.377s] Level 1:colcon.colcon_core.environment:checking '/home/abd/exp_ws/src/install/motion_capture_tracking_interfaces/lib'
[3.378s] Level 1:colcon.colcon_core.shell:create_environment_hook('motion_capture_tracking_interfaces', 'ld_library_path_lib')
[3.402s] INFO:colcon.colcon_core.shell:Creating environment hook '/home/abd/exp_ws/src/install/motion_capture_tracking_interfaces/share/motion_capture_tracking_interfaces/hook/ld_library_path_lib.ps1'
[3.403s] INFO:colcon.colcon_core.shell:Creating environment descriptor '/home/abd/exp_ws/src/install/motion_capture_tracking_interfaces/share/motion_capture_tracking_interfaces/hook/ld_library_path_lib.dsv'
[3.403s] INFO:colcon.colcon_core.shell:Creating environment hook '/home/abd/exp_ws/src/install/motion_capture_tracking_interfaces/share/motion_capture_tracking_interfaces/hook/ld_library_path_lib.sh'
[3.404s] Level 1:colcon.colcon_core.environment:checking '/home/abd/exp_ws/src/install/motion_capture_tracking_interfaces/bin'
[3.404s] Level 1:colcon.colcon_core.environment:checking '/home/abd/exp_ws/src/install/motion_capture_tracking_interfaces/lib/pkgconfig/motion_capture_tracking_interfaces.pc'
[3.404s] Level 1:colcon.colcon_core.environment:checking '/home/abd/exp_ws/src/install/motion_capture_tracking_interfaces/lib/python3.10/site-packages'
[3.405s] Level 1:colcon.colcon_core.environment:checking '/home/abd/exp_ws/src/install/motion_capture_tracking_interfaces/bin'
[3.429s] INFO:colcon.colcon_core.shell:Creating package script '/home/abd/exp_ws/src/install/motion_capture_tracking_interfaces/share/motion_capture_tracking_interfaces/package.ps1'
[3.430s] INFO:colcon.colcon_core.shell:Creating package descriptor '/home/abd/exp_ws/src/install/motion_capture_tracking_interfaces/share/motion_capture_tracking_interfaces/package.dsv'
[3.431s] INFO:colcon.colcon_core.shell:Creating package script '/home/abd/exp_ws/src/install/motion_capture_tracking_interfaces/share/motion_capture_tracking_interfaces/package.sh'
[3.433s] INFO:colcon.colcon_core.shell:Creating package script '/home/abd/exp_ws/src/install/motion_capture_tracking_interfaces/share/motion_capture_tracking_interfaces/package.bash'
[3.434s] INFO:colcon.colcon_core.shell:Creating package script '/home/abd/exp_ws/src/install/motion_capture_tracking_interfaces/share/motion_capture_tracking_interfaces/package.zsh'
[3.435s] Level 1:colcon.colcon_core.environment:create_file_with_runtime_dependencies(/home/abd/exp_ws/src/install/motion_capture_tracking_interfaces/share/colcon-core/packages/motion_capture_tracking_interfaces)
[3.596s] Level 1:colcon.colcon_core.environment:create_environment_scripts_only(motion_capture_tracking_interfaces)
[3.619s] Level 1:colcon.colcon_core.environment:checking '/home/abd/exp_ws/src/install/motion_capture_tracking_interfaces' for CMake module files
[3.620s] Level 1:colcon.colcon_core.environment:checking '/home/abd/exp_ws/src/install/motion_capture_tracking_interfaces' for CMake config files
[3.621s] Level 1:colcon.colcon_core.shell:create_environment_hook('motion_capture_tracking_interfaces', 'cmake_prefix_path')
[3.644s] INFO:colcon.colcon_core.shell:Creating environment hook '/home/abd/exp_ws/src/install/motion_capture_tracking_interfaces/share/motion_capture_tracking_interfaces/hook/cmake_prefix_path.ps1'
[3.645s] INFO:colcon.colcon_core.shell:Creating environment descriptor '/home/abd/exp_ws/src/install/motion_capture_tracking_interfaces/share/motion_capture_tracking_interfaces/hook/cmake_prefix_path.dsv'
[3.645s] INFO:colcon.colcon_core.shell:Creating environment hook '/home/abd/exp_ws/src/install/motion_capture_tracking_interfaces/share/motion_capture_tracking_interfaces/hook/cmake_prefix_path.sh'
[3.646s] Level 1:colcon.colcon_core.environment:checking '/home/abd/exp_ws/src/install/motion_capture_tracking_interfaces/lib'
[3.646s] Level 1:colcon.colcon_core.shell:create_environment_hook('motion_capture_tracking_interfaces', 'ld_library_path_lib')
[3.669s] INFO:colcon.colcon_core.shell:Creating environment hook '/home/abd/exp_ws/src/install/motion_capture_tracking_interfaces/share/motion_capture_tracking_interfaces/hook/ld_library_path_lib.ps1'
[3.670s] INFO:colcon.colcon_core.shell:Creating environment descriptor '/home/abd/exp_ws/src/install/motion_capture_tracking_interfaces/share/motion_capture_tracking_interfaces/hook/ld_library_path_lib.dsv'
[3.670s] INFO:colcon.colcon_core.shell:Creating environment hook '/home/abd/exp_ws/src/install/motion_capture_tracking_interfaces/share/motion_capture_tracking_interfaces/hook/ld_library_path_lib.sh'
[3.671s] Level 1:colcon.colcon_core.environment:checking '/home/abd/exp_ws/src/install/motion_capture_tracking_interfaces/bin'
[3.671s] Level 1:colcon.colcon_core.environment:checking '/home/abd/exp_ws/src/install/motion_capture_tracking_interfaces/lib/pkgconfig/motion_capture_tracking_interfaces.pc'
[3.671s] Level 1:colcon.colcon_core.environment:checking '/home/abd/exp_ws/src/install/motion_capture_tracking_interfaces/lib/python3.10/site-packages'
[3.672s] Level 1:colcon.colcon_core.environment:checking '/home/abd/exp_ws/src/install/motion_capture_tracking_interfaces/bin'
[3.695s] INFO:colcon.colcon_core.shell:Creating package script '/home/abd/exp_ws/src/install/motion_capture_tracking_interfaces/share/motion_capture_tracking_interfaces/package.ps1'
[3.696s] INFO:colcon.colcon_core.shell:Creating package descriptor '/home/abd/exp_ws/src/install/motion_capture_tracking_interfaces/share/motion_capture_tracking_interfaces/package.dsv'
[3.697s] INFO:colcon.colcon_core.shell:Creating package script '/home/abd/exp_ws/src/install/motion_capture_tracking_interfaces/share/motion_capture_tracking_interfaces/package.sh'
[3.697s] INFO:colcon.colcon_core.shell:Creating package script '/home/abd/exp_ws/src/install/motion_capture_tracking_interfaces/share/motion_capture_tracking_interfaces/package.bash'
[3.698s] INFO:colcon.colcon_core.shell:Creating package script '/home/abd/exp_ws/src/install/motion_capture_tracking_interfaces/share/motion_capture_tracking_interfaces/package.zsh'
[3.698s] Level 1:colcon.colcon_core.environment:create_file_with_runtime_dependencies(/home/abd/exp_ws/src/install/motion_capture_tracking_interfaces/share/colcon-core/packages/motion_capture_tracking_interfaces)
[3.699s] INFO:colcon.colcon_ros.task.ament_cmake.build:Building ROS package in '/home/abd/exp_ws/src/motion_capture_tracking/motion_capture_tracking' with build type 'ament_cmake'
[3.699s] INFO:colcon.colcon_cmake.task.cmake.build:Building CMake package in '/home/abd/exp_ws/src/motion_capture_tracking/motion_capture_tracking'
[3.724s] INFO:colcon.colcon_core.shell:Skip shell extension 'powershell' for command environment: Not usable outside of PowerShell
[3.724s] DEBUG:colcon.colcon_core.shell:Skip shell extension 'dsv' for command environment
[3.800s] DEBUG:colcon.colcon_core.event_handler.log_command:Invoking command in '/home/abd/exp_ws/src/build/crazyflie_interfaces': CMAKE_PREFIX_PATH=${CMAKE_PREFIX_PATH}:/home/abd/exp_ws/src/install/crazyflie_py:/opt/ros/humble /usr/bin/cmake --install /home/abd/exp_ws/src/build/crazyflie_interfaces
[3.812s] DEBUG:colcon.colcon_core.event_handler.log_command:Invoking command in '/home/abd/exp_ws/src/build/motion_capture_tracking': CMAKE_PREFIX_PATH=/home/abd/exp_ws/src/install/motion_capture_tracking_interfaces:/home/abd/exp_ws/src/install/motion_capture_tracking:/home/abd/exp_ws/src/install/crazyflie:/home/abd/exp_ws/src/install/crazyflie_sim:/home/abd/exp_ws/src/install/crazyflie_examples:/home/abd/exp_ws/src/install/crazyflie_interfaces:/home/abd/exp_ws/src/install/crazyflie_py:/opt/ros/humble /usr/bin/cmake --build /home/abd/exp_ws/src/build/motion_capture_tracking -- -j12 -l12
[3.935s] Level 1:colcon.colcon_core.environment:create_environment_scripts_only(crazyflie_interfaces)
[3.936s] DEBUG:colcon.colcon_core.event_handler.log_command:Invoked command in '/home/abd/exp_ws/src/build/crazyflie_interfaces' returned '0': CMAKE_PREFIX_PATH=${CMAKE_PREFIX_PATH}:/home/abd/exp_ws/src/install/crazyflie_py:/opt/ros/humble /usr/bin/cmake --install /home/abd/exp_ws/src/build/crazyflie_interfaces
[3.961s] Level 1:colcon.colcon_core.environment:checking '/home/abd/exp_ws/src/install/crazyflie_interfaces' for CMake module files
[3.962s] Level 1:colcon.colcon_core.environment:checking '/home/abd/exp_ws/src/install/crazyflie_interfaces' for CMake config files
[3.963s] Level 1:colcon.colcon_core.shell:create_environment_hook('crazyflie_interfaces', 'cmake_prefix_path')
[3.989s] INFO:colcon.colcon_core.shell:Creating environment hook '/home/abd/exp_ws/src/install/crazyflie_interfaces/share/crazyflie_interfaces/hook/cmake_prefix_path.ps1'
[3.989s] INFO:colcon.colcon_core.shell:Creating environment descriptor '/home/abd/exp_ws/src/install/crazyflie_interfaces/share/crazyflie_interfaces/hook/cmake_prefix_path.dsv'
[3.990s] INFO:colcon.colcon_core.shell:Creating environment hook '/home/abd/exp_ws/src/install/crazyflie_interfaces/share/crazyflie_interfaces/hook/cmake_prefix_path.sh'
[3.991s] Level 1:colcon.colcon_core.environment:checking '/home/abd/exp_ws/src/install/crazyflie_interfaces/lib'
[3.991s] Level 1:colcon.colcon_core.shell:create_environment_hook('crazyflie_interfaces', 'ld_library_path_lib')
[4.015s] INFO:colcon.colcon_core.shell:Creating environment hook '/home/abd/exp_ws/src/install/crazyflie_interfaces/share/crazyflie_interfaces/hook/ld_library_path_lib.ps1'
[4.016s] INFO:colcon.colcon_core.shell:Creating environment descriptor '/home/abd/exp_ws/src/install/crazyflie_interfaces/share/crazyflie_interfaces/hook/ld_library_path_lib.dsv'
[4.016s] INFO:colcon.colcon_core.shell:Creating environment hook '/home/abd/exp_ws/src/install/crazyflie_interfaces/share/crazyflie_interfaces/hook/ld_library_path_lib.sh'
[4.017s] Level 1:colcon.colcon_core.environment:checking '/home/abd/exp_ws/src/install/crazyflie_interfaces/bin'
[4.017s] Level 1:colcon.colcon_core.environment:checking '/home/abd/exp_ws/src/install/crazyflie_interfaces/lib/pkgconfig/crazyflie_interfaces.pc'
[4.017s] Level 1:colcon.colcon_core.environment:checking '/home/abd/exp_ws/src/install/crazyflie_interfaces/lib/python3.10/site-packages'
[4.018s] Level 1:colcon.colcon_core.environment:checking '/home/abd/exp_ws/src/install/crazyflie_interfaces/bin'
[4.043s] INFO:colcon.colcon_core.shell:Creating package script '/home/abd/exp_ws/src/install/crazyflie_interfaces/share/crazyflie_interfaces/package.ps1'
[4.043s] INFO:colcon.colcon_core.shell:Creating package descriptor '/home/abd/exp_ws/src/install/crazyflie_interfaces/share/crazyflie_interfaces/package.dsv'
[4.044s] INFO:colcon.colcon_core.shell:Creating package script '/home/abd/exp_ws/src/install/crazyflie_interfaces/share/crazyflie_interfaces/package.sh'
[4.045s] INFO:colcon.colcon_core.shell:Creating package script '/home/abd/exp_ws/src/install/crazyflie_interfaces/share/crazyflie_interfaces/package.bash'
[4.045s] INFO:colcon.colcon_core.shell:Creating package script '/home/abd/exp_ws/src/install/crazyflie_interfaces/share/crazyflie_interfaces/package.zsh'
[4.046s] Level 1:colcon.colcon_core.environment:create_file_with_runtime_dependencies(/home/abd/exp_ws/src/install/crazyflie_interfaces/share/colcon-core/packages/crazyflie_interfaces)
[4.109s] DEBUG:colcon.colcon_core.event_handler.log_command:Invoked command in '/home/abd/exp_ws/src/build/motion_capture_tracking' returned '0': CMAKE_PREFIX_PATH=/home/abd/exp_ws/src/install/motion_capture_tracking_interfaces:/home/abd/exp_ws/src/install/motion_capture_tracking:/home/abd/exp_ws/src/install/crazyflie:/home/abd/exp_ws/src/install/crazyflie_sim:/home/abd/exp_ws/src/install/crazyflie_examples:/home/abd/exp_ws/src/install/crazyflie_interfaces:/home/abd/exp_ws/src/install/crazyflie_py:/opt/ros/humble /usr/bin/cmake --build /home/abd/exp_ws/src/build/motion_capture_tracking -- -j12 -l12
[4.209s] DEBUG:colcon.colcon_core.event_handler.log_command:Invoking command in '/home/abd/exp_ws/src/build/motion_capture_tracking': CMAKE_PREFIX_PATH=/home/abd/exp_ws/src/install/motion_capture_tracking_interfaces:/home/abd/exp_ws/src/install/motion_capture_tracking:/home/abd/exp_ws/src/install/crazyflie:/home/abd/exp_ws/src/install/crazyflie_sim:/home/abd/exp_ws/src/install/crazyflie_examples:/home/abd/exp_ws/src/install/crazyflie_interfaces:/home/abd/exp_ws/src/install/crazyflie_py:/opt/ros/humble /usr/bin/cmake --install /home/abd/exp_ws/src/build/motion_capture_tracking
[4.226s] Level 1:colcon.colcon_core.environment:create_environment_scripts_only(motion_capture_tracking)
[4.226s] DEBUG:colcon.colcon_core.event_handler.log_command:Invoked command in '/home/abd/exp_ws/src/build/motion_capture_tracking' returned '0': CMAKE_PREFIX_PATH=/home/abd/exp_ws/src/install/motion_capture_tracking_interfaces:/home/abd/exp_ws/src/install/motion_capture_tracking:/home/abd/exp_ws/src/install/crazyflie:/home/abd/exp_ws/src/install/crazyflie_sim:/home/abd/exp_ws/src/install/crazyflie_examples:/home/abd/exp_ws/src/install/crazyflie_interfaces:/home/abd/exp_ws/src/install/crazyflie_py:/opt/ros/humble /usr/bin/cmake --install /home/abd/exp_ws/src/build/motion_capture_tracking
[4.250s] Level 1:colcon.colcon_core.environment:checking '/home/abd/exp_ws/src/install/motion_capture_tracking' for CMake module files
[4.251s] Level 1:colcon.colcon_core.environment:checking '/home/abd/exp_ws/src/install/motion_capture_tracking' for CMake config files
[4.251s] Level 1:colcon.colcon_core.shell:create_environment_hook('motion_capture_tracking', 'cmake_prefix_path')
[4.274s] INFO:colcon.colcon_core.shell:Creating environment hook '/home/abd/exp_ws/src/install/motion_capture_tracking/share/motion_capture_tracking/hook/cmake_prefix_path.ps1'
[4.275s] INFO:colcon.colcon_core.shell:Creating environment descriptor '/home/abd/exp_ws/src/install/motion_capture_tracking/share/motion_capture_tracking/hook/cmake_prefix_path.dsv'
[4.275s] INFO:colcon.colcon_core.shell:Creating environment hook '/home/abd/exp_ws/src/install/motion_capture_tracking/share/motion_capture_tracking/hook/cmake_prefix_path.sh'
[4.276s] Level 1:colcon.colcon_core.environment:checking '/home/abd/exp_ws/src/install/motion_capture_tracking/lib'
[4.276s] Level 1:colcon.colcon_core.environment:checking '/home/abd/exp_ws/src/install/motion_capture_tracking/bin'
[4.276s] Level 1:colcon.colcon_core.environment:checking '/home/abd/exp_ws/src/install/motion_capture_tracking/lib/pkgconfig/motion_capture_tracking.pc'
[4.277s] Level 1:colcon.colcon_core.environment:checking '/home/abd/exp_ws/src/install/motion_capture_tracking/lib/python3.10/site-packages'
[4.277s] Level 1:colcon.colcon_core.environment:checking '/home/abd/exp_ws/src/install/motion_capture_tracking/bin'
[4.301s] INFO:colcon.colcon_core.shell:Creating package script '/home/abd/exp_ws/src/install/motion_capture_tracking/share/motion_capture_tracking/package.ps1'
[4.302s] INFO:colcon.colcon_core.shell:Creating package descriptor '/home/abd/exp_ws/src/install/motion_capture_tracking/share/motion_capture_tracking/package.dsv'
[4.302s] INFO:colcon.colcon_core.shell:Creating package script '/home/abd/exp_ws/src/install/motion_capture_tracking/share/motion_capture_tracking/package.sh'
[4.303s] INFO:colcon.colcon_core.shell:Creating package script '/home/abd/exp_ws/src/install/motion_capture_tracking/share/motion_capture_tracking/package.bash'
[4.303s] INFO:colcon.colcon_core.shell:Creating package script '/home/abd/exp_ws/src/install/motion_capture_tracking/share/motion_capture_tracking/package.zsh'
[4.304s] Level 1:colcon.colcon_core.environment:create_file_with_runtime_dependencies(/home/abd/exp_ws/src/install/motion_capture_tracking/share/colcon-core/packages/motion_capture_tracking)
[4.426s] Level 1:colcon.colcon_core.environment:create_environment_scripts_only(motion_capture_tracking)
[4.450s] Level 1:colcon.colcon_core.environment:checking '/home/abd/exp_ws/src/install/motion_capture_tracking' for CMake module files
[4.451s] Level 1:colcon.colcon_core.environment:checking '/home/abd/exp_ws/src/install/motion_capture_tracking' for CMake config files
[4.452s] Level 1:colcon.colcon_core.shell:create_environment_hook('motion_capture_tracking', 'cmake_prefix_path')
[4.483s] INFO:colcon.colcon_core.shell:Creating environment hook '/home/abd/exp_ws/src/install/motion_capture_tracking/share/motion_capture_tracking/hook/cmake_prefix_path.ps1'
[4.484s] INFO:colcon.colcon_core.shell:Creating environment descriptor '/home/abd/exp_ws/src/install/motion_capture_tracking/share/motion_capture_tracking/hook/cmake_prefix_path.dsv'
[4.484s] INFO:colcon.colcon_core.shell:Creating environment hook '/home/abd/exp_ws/src/install/motion_capture_tracking/share/motion_capture_tracking/hook/cmake_prefix_path.sh'
[4.486s] Level 1:colcon.colcon_core.environment:checking '/home/abd/exp_ws/src/install/motion_capture_tracking/lib'
[4.486s] Level 1:colcon.colcon_core.environment:checking '/home/abd/exp_ws/src/install/motion_capture_tracking/bin'
[4.486s] Level 1:colcon.colcon_core.environment:checking '/home/abd/exp_ws/src/install/motion_capture_tracking/lib/pkgconfig/motion_capture_tracking.pc'
[4.486s] Level 1:colcon.colcon_core.environment:checking '/home/abd/exp_ws/src/install/motion_capture_tracking/lib/python3.10/site-packages'
[4.487s] Level 1:colcon.colcon_core.environment:checking '/home/abd/exp_ws/src/install/motion_capture_tracking/bin'
[4.519s] INFO:colcon.colcon_core.shell:Creating package script '/home/abd/exp_ws/src/install/motion_capture_tracking/share/motion_capture_tracking/package.ps1'
[4.520s] INFO:colcon.colcon_core.shell:Creating package descriptor '/home/abd/exp_ws/src/install/motion_capture_tracking/share/motion_capture_tracking/package.dsv'
[4.521s] INFO:colcon.colcon_core.shell:Creating package script '/home/abd/exp_ws/src/install/motion_capture_tracking/share/motion_capture_tracking/package.sh'
[4.521s] INFO:colcon.colcon_core.shell:Creating package script '/home/abd/exp_ws/src/install/motion_capture_tracking/share/motion_capture_tracking/package.bash'
[4.522s] INFO:colcon.colcon_core.shell:Creating package script '/home/abd/exp_ws/src/install/motion_capture_tracking/share/motion_capture_tracking/package.zsh'
[4.523s] Level 1:colcon.colcon_core.environment:create_file_with_runtime_dependencies(/home/abd/exp_ws/src/install/motion_capture_tracking/share/colcon-core/packages/motion_capture_tracking)
[4.750s] Level 1:colcon.colcon_core.environment:create_environment_scripts_only(crazyflie_interfaces)
[4.774s] Level 1:colcon.colcon_core.environment:checking '/home/abd/exp_ws/src/install/crazyflie_interfaces' for CMake module files
[4.775s] Level 1:colcon.colcon_core.environment:checking '/home/abd/exp_ws/src/install/crazyflie_interfaces' for CMake config files
[4.776s] Level 1:colcon.colcon_core.shell:create_environment_hook('crazyflie_interfaces', 'cmake_prefix_path')
[4.799s] INFO:colcon.colcon_core.shell:Creating environment hook '/home/abd/exp_ws/src/install/crazyflie_interfaces/share/crazyflie_interfaces/hook/cmake_prefix_path.ps1'
[4.800s] INFO:colcon.colcon_core.shell:Creating environment descriptor '/home/abd/exp_ws/src/install/crazyflie_interfaces/share/crazyflie_interfaces/hook/cmake_prefix_path.dsv'
[4.800s] INFO:colcon.colcon_core.shell:Creating environment hook '/home/abd/exp_ws/src/install/crazyflie_interfaces/share/crazyflie_interfaces/hook/cmake_prefix_path.sh'
[4.801s] Level 1:colcon.colcon_core.environment:checking '/home/abd/exp_ws/src/install/crazyflie_interfaces/lib'
[4.801s] Level 1:colcon.colcon_core.shell:create_environment_hook('crazyflie_interfaces', 'ld_library_path_lib')
[4.825s] INFO:colcon.colcon_core.shell:Creating environment hook '/home/abd/exp_ws/src/install/crazyflie_interfaces/share/crazyflie_interfaces/hook/ld_library_path_lib.ps1'
[4.826s] INFO:colcon.colcon_core.shell:Creating environment descriptor '/home/abd/exp_ws/src/install/crazyflie_interfaces/share/crazyflie_interfaces/hook/ld_library_path_lib.dsv'
[4.826s] INFO:colcon.colcon_core.shell:Creating environment hook '/home/abd/exp_ws/src/install/crazyflie_interfaces/share/crazyflie_interfaces/hook/ld_library_path_lib.sh'
[4.826s] Level 1:colcon.colcon_core.environment:checking '/home/abd/exp_ws/src/install/crazyflie_interfaces/bin'
[4.826s] Level 1:colcon.colcon_core.environment:checking '/home/abd/exp_ws/src/install/crazyflie_interfaces/lib/pkgconfig/crazyflie_interfaces.pc'
[4.827s] Level 1:colcon.colcon_core.environment:checking '/home/abd/exp_ws/src/install/crazyflie_interfaces/lib/python3.10/site-packages'
[4.827s] Level 1:colcon.colcon_core.environment:checking '/home/abd/exp_ws/src/install/crazyflie_interfaces/bin'
[4.853s] INFO:colcon.colcon_core.shell:Creating package script '/home/abd/exp_ws/src/install/crazyflie_interfaces/share/crazyflie_interfaces/package.ps1'
[4.853s] INFO:colcon.colcon_core.shell:Creating package descriptor '/home/abd/exp_ws/src/install/crazyflie_interfaces/share/crazyflie_interfaces/package.dsv'
[4.854s] INFO:colcon.colcon_core.shell:Creating package script '/home/abd/exp_ws/src/install/crazyflie_interfaces/share/crazyflie_interfaces/package.sh'
[4.855s] INFO:colcon.colcon_core.shell:Creating package script '/home/abd/exp_ws/src/install/crazyflie_interfaces/share/crazyflie_interfaces/package.bash'
[4.855s] INFO:colcon.colcon_core.shell:Creating package script '/home/abd/exp_ws/src/install/crazyflie_interfaces/share/crazyflie_interfaces/package.zsh'
[4.856s] Level 1:colcon.colcon_core.environment:create_file_with_runtime_dependencies(/home/abd/exp_ws/src/install/crazyflie_interfaces/share/colcon-core/packages/crazyflie_interfaces)
[4.856s] INFO:colcon.colcon_ros.task.ament_python.build:Building ROS package in '/home/abd/exp_ws/src/crazyswarm2/crazyflie_py' with build type 'ament_python'
[4.856s] Level 1:colcon.colcon_core.shell:create_environment_hook('crazyflie_py', 'ament_prefix_path')
[4.882s] INFO:colcon.colcon_core.shell:Creating environment hook '/home/abd/exp_ws/src/install/crazyflie_py/share/crazyflie_py/hook/ament_prefix_path.ps1'
[4.883s] INFO:colcon.colcon_core.shell:Creating environment descriptor '/home/abd/exp_ws/src/install/crazyflie_py/share/crazyflie_py/hook/ament_prefix_path.dsv'
[4.883s] INFO:colcon.colcon_core.shell:Creating environment hook '/home/abd/exp_ws/src/install/crazyflie_py/share/crazyflie_py/hook/ament_prefix_path.sh'
[4.908s] INFO:colcon.colcon_core.shell:Skip shell extension 'powershell' for command environment: Not usable outside of PowerShell
[4.908s] DEBUG:colcon.colcon_core.shell:Skip shell extension 'dsv' for command environment
[4.998s] INFO:colcon.colcon_ros.task.ament_cmake.build:Building ROS package in '/home/abd/exp_ws/src/crazyswarm2/crazyflie' with build type 'ament_cmake'
[4.998s] INFO:colcon.colcon_cmake.task.cmake.build:Building CMake package in '/home/abd/exp_ws/src/crazyswarm2/crazyflie'
[5.028s] INFO:colcon.colcon_core.shell:Skip shell extension 'powershell' for command environment: Not usable outside of PowerShell
[5.028s] DEBUG:colcon.colcon_core.shell:Skip shell extension 'dsv' for command environment
[5.129s] INFO:colcon.colcon_ros.task.ament_cmake.build:Building ROS package in '/home/abd/exp_ws/src/crazyswarm2/crazyflie_sim' with build type 'ament_cmake'
[5.130s] INFO:colcon.colcon_cmake.task.cmake.build:Building CMake package in '/home/abd/exp_ws/src/crazyswarm2/crazyflie_sim'
[5.153s] INFO:colcon.colcon_core.shell:Skip shell extension 'powershell' for command environment: Not usable outside of PowerShell
[5.153s] DEBUG:colcon.colcon_core.shell:Skip shell extension 'dsv' for command environment
[5.630s] INFO:colcon.colcon_core.task.python.build:Building Python package in '/home/abd/exp_ws/src/crazyswarm2/crazyflie_py'
[5.662s] INFO:colcon.colcon_core.shell:Skip shell extension 'powershell' for command environment: Not usable outside of PowerShell
[5.662s] DEBUG:colcon.colcon_core.shell:Skip shell extension 'dsv' for command environment
[5.743s] DEBUG:colcon.colcon_core.event_handler.log_command:Invoking command in '/home/abd/exp_ws/src/build/crazyflie': CMAKE_PREFIX_PATH=/home/abd/exp_ws/src/install/motion_capture_tracking_interfaces:/home/abd/exp_ws/src/install/crazyflie_interfaces:/home/abd/exp_ws/src/install/motion_capture_tracking:/home/abd/exp_ws/src/install/crazyflie:/home/abd/exp_ws/src/install/crazyflie_sim:/home/abd/exp_ws/src/install/crazyflie_examples:/home/abd/exp_ws/src/install/crazyflie_py:/opt/ros/humble /usr/bin/cmake --build /home/abd/exp_ws/src/build/crazyflie -- -j12 -l12
[5.751s] DEBUG:colcon.colcon_core.event_handler.log_command:Invoking command in '/home/abd/exp_ws/src/build/crazyflie_sim': CMAKE_PREFIX_PATH=/home/abd/exp_ws/src/install/crazyflie_interfaces:/home/abd/exp_ws/src/install/motion_capture_tracking:/home/abd/exp_ws/src/install/crazyflie:/home/abd/exp_ws/src/install/motion_capture_tracking_interfaces:/home/abd/exp_ws/src/install/crazyflie_sim:/home/abd/exp_ws/src/install/crazyflie_examples:/home/abd/exp_ws/src/install/crazyflie_py:/opt/ros/humble LD_LIBRARY_PATH=/home/abd/exp_ws/src/install/crazyflie_interfaces/lib:/home/abd/exp_ws/src/install/motion_capture_tracking_interfaces/lib:/opt/ros/humble/opt/rviz_ogre_vendor/lib:/opt/ros/humble/lib/x86_64-linux-gnu:/opt/ros/humble/lib /usr/bin/cmake --build /home/abd/exp_ws/src/build/crazyflie_sim -- -j12 -l12
[6.108s] DEBUG:colcon.colcon_core.event_handler.log_command:Invoked command in '/home/abd/exp_ws/src/build/crazyflie' returned '0': CMAKE_PREFIX_PATH=/home/abd/exp_ws/src/install/motion_capture_tracking_interfaces:/home/abd/exp_ws/src/install/crazyflie_interfaces:/home/abd/exp_ws/src/install/motion_capture_tracking:/home/abd/exp_ws/src/install/crazyflie:/home/abd/exp_ws/src/install/crazyflie_sim:/home/abd/exp_ws/src/install/crazyflie_examples:/home/abd/exp_ws/src/install/crazyflie_py:/opt/ros/humble /usr/bin/cmake --build /home/abd/exp_ws/src/build/crazyflie -- -j12 -l12
[6.190s] DEBUG:colcon.colcon_core.event_handler.log_command:Invoking command in '/home/abd/exp_ws/src/build/crazyflie': CMAKE_PREFIX_PATH=/home/abd/exp_ws/src/install/motion_capture_tracking_interfaces:/home/abd/exp_ws/src/install/crazyflie_interfaces:/home/abd/exp_ws/src/install/motion_capture_tracking:/home/abd/exp_ws/src/install/crazyflie:/home/abd/exp_ws/src/install/crazyflie_sim:/home/abd/exp_ws/src/install/crazyflie_examples:/home/abd/exp_ws/src/install/crazyflie_py:/opt/ros/humble /usr/bin/cmake --install /home/abd/exp_ws/src/build/crazyflie
[6.213s] Level 1:colcon.colcon_core.environment:create_environment_scripts_only(crazyflie)
[6.214s] DEBUG:colcon.colcon_core.event_handler.log_command:Invoked command in '/home/abd/exp_ws/src/build/crazyflie' returned '0': CMAKE_PREFIX_PATH=/home/abd/exp_ws/src/install/motion_capture_tracking_interfaces:/home/abd/exp_ws/src/install/crazyflie_interfaces:/home/abd/exp_ws/src/install/motion_capture_tracking:/home/abd/exp_ws/src/install/crazyflie:/home/abd/exp_ws/src/install/crazyflie_sim:/home/abd/exp_ws/src/install/crazyflie_examples:/home/abd/exp_ws/src/install/crazyflie_py:/opt/ros/humble /usr/bin/cmake --install /home/abd/exp_ws/src/build/crazyflie
[6.239s] Level 1:colcon.colcon_core.environment:checking '/home/abd/exp_ws/src/install/crazyflie' for CMake module files
[6.240s] Level 1:colcon.colcon_core.environment:checking '/home/abd/exp_ws/src/install/crazyflie' for CMake config files
[6.240s] Level 1:colcon.colcon_core.shell:create_environment_hook('crazyflie', 'cmake_prefix_path')
[6.265s] INFO:colcon.colcon_core.shell:Creating environment hook '/home/abd/exp_ws/src/install/crazyflie/share/crazyflie/hook/cmake_prefix_path.ps1'
[6.265s] INFO:colcon.colcon_core.shell:Creating environment descriptor '/home/abd/exp_ws/src/install/crazyflie/share/crazyflie/hook/cmake_prefix_path.dsv'
[6.266s] INFO:colcon.colcon_core.shell:Creating environment hook '/home/abd/exp_ws/src/install/crazyflie/share/crazyflie/hook/cmake_prefix_path.sh'
[6.267s] Level 1:colcon.colcon_core.environment:checking '/home/abd/exp_ws/src/install/crazyflie/lib'
[6.267s] Level 1:colcon.colcon_core.environment:checking '/home/abd/exp_ws/src/install/crazyflie/bin'
[6.267s] Level 1:colcon.colcon_core.environment:checking '/home/abd/exp_ws/src/install/crazyflie/lib/pkgconfig/crazyflie.pc'
[6.267s] Level 1:colcon.colcon_core.environment:checking '/home/abd/exp_ws/src/install/crazyflie/lib/python3.10/site-packages'
[6.267s] Level 1:colcon.colcon_core.environment:checking '/home/abd/exp_ws/src/install/crazyflie/bin'
[6.292s] INFO:colcon.colcon_core.shell:Creating package script '/home/abd/exp_ws/src/install/crazyflie/share/crazyflie/package.ps1'
[6.292s] INFO:colcon.colcon_core.shell:Creating package descriptor '/home/abd/exp_ws/src/install/crazyflie/share/crazyflie/package.dsv'
[6.293s] INFO:colcon.colcon_core.shell:Creating package script '/home/abd/exp_ws/src/install/crazyflie/share/crazyflie/package.sh'
[6.294s] INFO:colcon.colcon_core.shell:Creating package script '/home/abd/exp_ws/src/install/crazyflie/share/crazyflie/package.bash'
[6.294s] INFO:colcon.colcon_core.shell:Creating package script '/home/abd/exp_ws/src/install/crazyflie/share/crazyflie/package.zsh'
[6.295s] Level 1:colcon.colcon_core.environment:create_file_with_runtime_dependencies(/home/abd/exp_ws/src/install/crazyflie/share/colcon-core/packages/crazyflie)
[6.397s] Level 1:colcon.colcon_core.environment:create_environment_scripts_only(crazyflie)
[6.430s] Level 1:colcon.colcon_core.environment:checking '/home/abd/exp_ws/src/install/crazyflie' for CMake module files
[6.431s] Level 1:colcon.colcon_core.environment:checking '/home/abd/exp_ws/src/install/crazyflie' for CMake config files
[6.432s] Level 1:colcon.colcon_core.shell:create_environment_hook('crazyflie', 'cmake_prefix_path')
[6.459s] INFO:colcon.colcon_core.shell:Creating environment hook '/home/abd/exp_ws/src/install/crazyflie/share/crazyflie/hook/cmake_prefix_path.ps1'
[6.460s] INFO:colcon.colcon_core.shell:Creating environment descriptor '/home/abd/exp_ws/src/install/crazyflie/share/crazyflie/hook/cmake_prefix_path.dsv'
[6.461s] INFO:colcon.colcon_core.shell:Creating environment hook '/home/abd/exp_ws/src/install/crazyflie/share/crazyflie/hook/cmake_prefix_path.sh'
[6.461s] Level 1:colcon.colcon_core.environment:checking '/home/abd/exp_ws/src/install/crazyflie/lib'
[6.461s] Level 1:colcon.colcon_core.environment:checking '/home/abd/exp_ws/src/install/crazyflie/bin'
[6.461s] Level 1:colcon.colcon_core.environment:checking '/home/abd/exp_ws/src/install/crazyflie/lib/pkgconfig/crazyflie.pc'
[6.462s] Level 1:colcon.colcon_core.environment:checking '/home/abd/exp_ws/src/install/crazyflie/lib/python3.10/site-packages'
[6.462s] Level 1:colcon.colcon_core.environment:checking '/home/abd/exp_ws/src/install/crazyflie/bin'
[6.487s] INFO:colcon.colcon_core.shell:Creating package script '/home/abd/exp_ws/src/install/crazyflie/share/crazyflie/package.ps1'
[6.488s] INFO:colcon.colcon_core.shell:Creating package descriptor '/home/abd/exp_ws/src/install/crazyflie/share/crazyflie/package.dsv'
[6.489s] INFO:colcon.colcon_core.shell:Creating package script '/home/abd/exp_ws/src/install/crazyflie/share/crazyflie/package.sh'
[6.489s] INFO:colcon.colcon_core.shell:Creating package script '/home/abd/exp_ws/src/install/crazyflie/share/crazyflie/package.bash'
[6.490s] INFO:colcon.colcon_core.shell:Creating package script '/home/abd/exp_ws/src/install/crazyflie/share/crazyflie/package.zsh'
[6.490s] Level 1:colcon.colcon_core.environment:create_file_with_runtime_dependencies(/home/abd/exp_ws/src/install/crazyflie/share/colcon-core/packages/crazyflie)
[6.495s] DEBUG:colcon.colcon_core.event_handler.log_command:Invoking command in '/home/abd/exp_ws/src/crazyswarm2/crazyflie_py': CMAKE_PREFIX_PATH=/home/abd/exp_ws/src/install/crazyflie_interfaces:/home/abd/exp_ws/src/install/motion_capture_tracking:/home/abd/exp_ws/src/install/crazyflie:/home/abd/exp_ws/src/install/motion_capture_tracking_interfaces:/home/abd/exp_ws/src/install/crazyflie_sim:/home/abd/exp_ws/src/install/crazyflie_examples LD_LIBRARY_PATH=/home/abd/exp_ws/src/install/crazyflie_interfaces/lib:/home/abd/exp_ws/src/install/motion_capture_tracking_interfaces/lib:/opt/ros/humble/opt/rviz_ogre_vendor/lib:/opt/ros/humble/lib/x86_64-linux-gnu:/opt/ros/humble/lib PYTHONPATH=/home/abd/exp_ws/src/build/crazyflie_py/prefix_override:/home/abd/exp_ws/src/install/crazyflie_py/lib/python3.10/site-packages:${PYTHONPATH} /usr/bin/python3 setup.py egg_info --egg-base ../../build/crazyflie_py build --build-base /home/abd/exp_ws/src/build/crazyflie_py/build install --record /home/abd/exp_ws/src/build/crazyflie_py/install.log --single-version-externally-managed
[6.575s] DEBUG:colcon.colcon_core.event_handler.log_command:Invoked command in '/home/abd/exp_ws/src/build/crazyflie_sim' returned '0': CMAKE_PREFIX_PATH=/home/abd/exp_ws/src/install/crazyflie_interfaces:/home/abd/exp_ws/src/install/motion_capture_tracking:/home/abd/exp_ws/src/install/crazyflie:/home/abd/exp_ws/src/install/motion_capture_tracking_interfaces:/home/abd/exp_ws/src/install/crazyflie_sim:/home/abd/exp_ws/src/install/crazyflie_examples:/home/abd/exp_ws/src/install/crazyflie_py:/opt/ros/humble LD_LIBRARY_PATH=/home/abd/exp_ws/src/install/crazyflie_interfaces/lib:/home/abd/exp_ws/src/install/motion_capture_tracking_interfaces/lib:/opt/ros/humble/opt/rviz_ogre_vendor/lib:/opt/ros/humble/lib/x86_64-linux-gnu:/opt/ros/humble/lib /usr/bin/cmake --build /home/abd/exp_ws/src/build/crazyflie_sim -- -j12 -l12
[6.629s] DEBUG:colcon.colcon_core.event_handler.log_command:Invoking command in '/home/abd/exp_ws/src/build/crazyflie_sim': CMAKE_PREFIX_PATH=/home/abd/exp_ws/src/install/crazyflie_interfaces:/home/abd/exp_ws/src/install/motion_capture_tracking:/home/abd/exp_ws/src/install/crazyflie:/home/abd/exp_ws/src/install/motion_capture_tracking_interfaces:/home/abd/exp_ws/src/install/crazyflie_sim:/home/abd/exp_ws/src/install/crazyflie_examples:/home/abd/exp_ws/src/install/crazyflie_py:/opt/ros/humble LD_LIBRARY_PATH=/home/abd/exp_ws/src/install/crazyflie_interfaces/lib:/home/abd/exp_ws/src/install/motion_capture_tracking_interfaces/lib:/opt/ros/humble/opt/rviz_ogre_vendor/lib:/opt/ros/humble/lib/x86_64-linux-gnu:/opt/ros/humble/lib /usr/bin/cmake --install /home/abd/exp_ws/src/build/crazyflie_sim
[6.722s] Level 1:colcon.colcon_core.environment:create_environment_scripts_only(crazyflie_sim)
[6.723s] DEBUG:colcon.colcon_core.event_handler.log_command:Invoked command in '/home/abd/exp_ws/src/build/crazyflie_sim' returned '0': CMAKE_PREFIX_PATH=/home/abd/exp_ws/src/install/crazyflie_interfaces:/home/abd/exp_ws/src/install/motion_capture_tracking:/home/abd/exp_ws/src/install/crazyflie:/home/abd/exp_ws/src/install/motion_capture_tracking_interfaces:/home/abd/exp_ws/src/install/crazyflie_sim:/home/abd/exp_ws/src/install/crazyflie_examples:/home/abd/exp_ws/src/install/crazyflie_py:/opt/ros/humble LD_LIBRARY_PATH=/home/abd/exp_ws/src/install/crazyflie_interfaces/lib:/home/abd/exp_ws/src/install/motion_capture_tracking_interfaces/lib:/opt/ros/humble/opt/rviz_ogre_vendor/lib:/opt/ros/humble/lib/x86_64-linux-gnu:/opt/ros/humble/lib /usr/bin/cmake --install /home/abd/exp_ws/src/build/crazyflie_sim
[6.759s] Level 1:colcon.colcon_core.environment:checking '/home/abd/exp_ws/src/install/crazyflie_sim' for CMake module files
[6.760s] Level 1:colcon.colcon_core.environment:checking '/home/abd/exp_ws/src/install/crazyflie_sim' for CMake config files
[6.761s] Level 1:colcon.colcon_core.shell:create_environment_hook('crazyflie_sim', 'cmake_prefix_path')
[6.784s] INFO:colcon.colcon_core.shell:Creating environment hook '/home/abd/exp_ws/src/install/crazyflie_sim/share/crazyflie_sim/hook/cmake_prefix_path.ps1'
[6.785s] INFO:colcon.colcon_core.shell:Creating environment descriptor '/home/abd/exp_ws/src/install/crazyflie_sim/share/crazyflie_sim/hook/cmake_prefix_path.dsv'
[6.785s] INFO:colcon.colcon_core.shell:Creating environment hook '/home/abd/exp_ws/src/install/crazyflie_sim/share/crazyflie_sim/hook/cmake_prefix_path.sh'
[6.786s] Level 1:colcon.colcon_core.environment:checking '/home/abd/exp_ws/src/install/crazyflie_sim/lib'
[6.786s] Level 1:colcon.colcon_core.environment:checking '/home/abd/exp_ws/src/install/crazyflie_sim/bin'
[6.786s] Level 1:colcon.colcon_core.environment:checking '/home/abd/exp_ws/src/install/crazyflie_sim/lib/pkgconfig/crazyflie_sim.pc'
[6.787s] Level 1:colcon.colcon_core.environment:checking '/home/abd/exp_ws/src/install/crazyflie_sim/lib/python3.10/site-packages'
[6.787s] Level 1:colcon.colcon_core.environment:checking '/home/abd/exp_ws/src/install/crazyflie_sim/bin'
[6.811s] INFO:colcon.colcon_core.shell:Creating package script '/home/abd/exp_ws/src/install/crazyflie_sim/share/crazyflie_sim/package.ps1'
[6.812s] INFO:colcon.colcon_core.shell:Creating package descriptor '/home/abd/exp_ws/src/install/crazyflie_sim/share/crazyflie_sim/package.dsv'
[6.812s] INFO:colcon.colcon_core.shell:Creating package script '/home/abd/exp_ws/src/install/crazyflie_sim/share/crazyflie_sim/package.sh'
[6.813s] INFO:colcon.colcon_core.shell:Creating package script '/home/abd/exp_ws/src/install/crazyflie_sim/share/crazyflie_sim/package.bash'
[6.813s] INFO:colcon.colcon_core.shell:Creating package script '/home/abd/exp_ws/src/install/crazyflie_sim/share/crazyflie_sim/package.zsh'
[6.814s] Level 1:colcon.colcon_core.environment:create_file_with_runtime_dependencies(/home/abd/exp_ws/src/install/crazyflie_sim/share/colcon-core/packages/crazyflie_sim)
[6.890s] Level 1:colcon.colcon_core.environment:create_environment_scripts_only(crazyflie_sim)
[6.914s] Level 1:colcon.colcon_core.environment:checking '/home/abd/exp_ws/src/install/crazyflie_sim' for CMake module files
[6.915s] Level 1:colcon.colcon_core.environment:checking '/home/abd/exp_ws/src/install/crazyflie_sim' for CMake config files
[6.916s] Level 1:colcon.colcon_core.shell:create_environment_hook('crazyflie_sim', 'cmake_prefix_path')
[6.939s] INFO:colcon.colcon_core.shell:Creating environment hook '/home/abd/exp_ws/src/install/crazyflie_sim/share/crazyflie_sim/hook/cmake_prefix_path.ps1'
[6.940s] INFO:colcon.colcon_core.shell:Creating environment descriptor '/home/abd/exp_ws/src/install/crazyflie_sim/share/crazyflie_sim/hook/cmake_prefix_path.dsv'
[6.941s] INFO:colcon.colcon_core.shell:Creating environment hook '/home/abd/exp_ws/src/install/crazyflie_sim/share/crazyflie_sim/hook/cmake_prefix_path.sh'
[6.942s] Level 1:colcon.colcon_core.environment:checking '/home/abd/exp_ws/src/install/crazyflie_sim/lib'
[6.943s] Level 1:colcon.colcon_core.environment:checking '/home/abd/exp_ws/src/install/crazyflie_sim/bin'
[6.943s] Level 1:colcon.colcon_core.environment:checking '/home/abd/exp_ws/src/install/crazyflie_sim/lib/pkgconfig/crazyflie_sim.pc'
[6.943s] Level 1:colcon.colcon_core.environment:checking '/home/abd/exp_ws/src/install/crazyflie_sim/lib/python3.10/site-packages'
[6.943s] Level 1:colcon.colcon_core.environment:checking '/home/abd/exp_ws/src/install/crazyflie_sim/bin'
[6.976s] INFO:colcon.colcon_core.shell:Creating package script '/home/abd/exp_ws/src/install/crazyflie_sim/share/crazyflie_sim/package.ps1'
[6.977s] INFO:colcon.colcon_core.shell:Creating package descriptor '/home/abd/exp_ws/src/install/crazyflie_sim/share/crazyflie_sim/package.dsv'
[6.978s] INFO:colcon.colcon_core.shell:Creating package script '/home/abd/exp_ws/src/install/crazyflie_sim/share/crazyflie_sim/package.sh'
[6.978s] INFO:colcon.colcon_core.shell:Creating package script '/home/abd/exp_ws/src/install/crazyflie_sim/share/crazyflie_sim/package.bash'
[6.979s] INFO:colcon.colcon_core.shell:Creating package script '/home/abd/exp_ws/src/install/crazyflie_sim/share/crazyflie_sim/package.zsh'
[6.980s] Level 1:colcon.colcon_core.environment:create_file_with_runtime_dependencies(/home/abd/exp_ws/src/install/crazyflie_sim/share/colcon-core/packages/crazyflie_sim)
[7.046s] DEBUG:colcon.colcon_core.event_handler.log_command:Invoked command in '/home/abd/exp_ws/src/crazyswarm2/crazyflie_py' returned '0': CMAKE_PREFIX_PATH=/home/abd/exp_ws/src/install/crazyflie_interfaces:/home/abd/exp_ws/src/install/motion_capture_tracking:/home/abd/exp_ws/src/install/crazyflie:/home/abd/exp_ws/src/install/motion_capture_tracking_interfaces:/home/abd/exp_ws/src/install/crazyflie_sim:/home/abd/exp_ws/src/install/crazyflie_examples LD_LIBRARY_PATH=/home/abd/exp_ws/src/install/crazyflie_interfaces/lib:/home/abd/exp_ws/src/install/motion_capture_tracking_interfaces/lib:/opt/ros/humble/opt/rviz_ogre_vendor/lib:/opt/ros/humble/lib/x86_64-linux-gnu:/opt/ros/humble/lib PYTHONPATH=/home/abd/exp_ws/src/build/crazyflie_py/prefix_override:/home/abd/exp_ws/src/install/crazyflie_py/lib/python3.10/site-packages:${PYTHONPATH} /usr/bin/python3 setup.py egg_info --egg-base ../../build/crazyflie_py build --build-base /home/abd/exp_ws/src/build/crazyflie_py/build install --record /home/abd/exp_ws/src/build/crazyflie_py/install.log --single-version-externally-managed
[7.069s] Level 1:colcon.colcon_core.environment:checking '/home/abd/exp_ws/src/install/crazyflie_py' for CMake module files
[7.069s] Level 1:colcon.colcon_core.environment:checking '/home/abd/exp_ws/src/install/crazyflie_py' for CMake config files
[7.070s] Level 1:colcon.colcon_core.environment:checking '/home/abd/exp_ws/src/install/crazyflie_py/lib'
[7.070s] Level 1:colcon.colcon_core.environment:checking '/home/abd/exp_ws/src/install/crazyflie_py/bin'
[7.070s] Level 1:colcon.colcon_core.environment:checking '/home/abd/exp_ws/src/install/crazyflie_py/lib/pkgconfig/crazyflie_py.pc'
[7.070s] Level 1:colcon.colcon_core.environment:checking '/home/abd/exp_ws/src/install/crazyflie_py/lib/python3.10/site-packages'
[7.070s] Level 1:colcon.colcon_core.shell:create_environment_hook('crazyflie_py', 'pythonpath')
[7.091s] INFO:colcon.colcon_core.shell:Creating environment hook '/home/abd/exp_ws/src/install/crazyflie_py/share/crazyflie_py/hook/pythonpath.ps1'
[7.092s] INFO:colcon.colcon_core.shell:Creating environment descriptor '/home/abd/exp_ws/src/install/crazyflie_py/share/crazyflie_py/hook/pythonpath.dsv'
[7.093s] INFO:colcon.colcon_core.shell:Creating environment hook '/home/abd/exp_ws/src/install/crazyflie_py/share/crazyflie_py/hook/pythonpath.sh'
[7.093s] Level 1:colcon.colcon_core.environment:checking '/home/abd/exp_ws/src/install/crazyflie_py/bin'
[7.094s] Level 1:colcon.colcon_core.environment:create_environment_scripts_only(crazyflie_py)
[7.115s] INFO:colcon.colcon_core.shell:Creating package script '/home/abd/exp_ws/src/install/crazyflie_py/share/crazyflie_py/package.ps1'
[7.116s] INFO:colcon.colcon_core.shell:Creating package descriptor '/home/abd/exp_ws/src/install/crazyflie_py/share/crazyflie_py/package.dsv'
[7.116s] INFO:colcon.colcon_core.shell:Creating package script '/home/abd/exp_ws/src/install/crazyflie_py/share/crazyflie_py/package.sh'
[7.117s] INFO:colcon.colcon_core.shell:Creating package script '/home/abd/exp_ws/src/install/crazyflie_py/share/crazyflie_py/package.bash'
[7.117s] INFO:colcon.colcon_core.shell:Creating package script '/home/abd/exp_ws/src/install/crazyflie_py/share/crazyflie_py/package.zsh'
[7.118s] Level 1:colcon.colcon_core.environment:create_file_with_runtime_dependencies(/home/abd/exp_ws/src/install/crazyflie_py/share/colcon-core/packages/crazyflie_py)
[7.118s] INFO:colcon.colcon_ros.task.ament_cmake.build:Building ROS package in '/home/abd/exp_ws/src/crazyswarm2/crazyflie_examples' with build type 'ament_cmake'
[7.119s] INFO:colcon.colcon_cmake.task.cmake.build:Building CMake package in '/home/abd/exp_ws/src/crazyswarm2/crazyflie_examples'
[7.141s] INFO:colcon.colcon_core.shell:Skip shell extension 'powershell' for command environment: Not usable outside of PowerShell
[7.141s] DEBUG:colcon.colcon_core.shell:Skip shell extension 'dsv' for command environment
[7.225s] DEBUG:colcon.colcon_core.event_handler.log_command:Invoking command in '/home/abd/exp_ws/src/build/crazyflie_examples': AMENT_PREFIX_PATH=/home/abd/exp_ws/src/install/crazyflie_py:/home/abd/exp_ws/src/install/motion_capture_tracking:/home/abd/exp_ws/src/install/crazyflie:/home/abd/exp_ws/src/install/motion_capture_tracking_interfaces:/home/abd/exp_ws/src/install/crazyflie_sim:/home/abd/exp_ws/src/install/crazyflie_examples:/home/abd/exp_ws/src/install/crazyflie_interfaces:/opt/ros/humble CMAKE_PREFIX_PATH=/home/abd/exp_ws/src/install/crazyflie_interfaces:/home/abd/exp_ws/src/install/motion_capture_tracking:/home/abd/exp_ws/src/install/crazyflie:/home/abd/exp_ws/src/install/motion_capture_tracking_interfaces:/home/abd/exp_ws/src/install/crazyflie_sim:/home/abd/exp_ws/src/install/crazyflie_examples:/home/abd/exp_ws/src/install/crazyflie_py:/opt/ros/humble LD_LIBRARY_PATH=/home/abd/exp_ws/src/install/crazyflie_interfaces/lib:/home/abd/exp_ws/src/install/motion_capture_tracking_interfaces/lib:/opt/ros/humble/opt/rviz_ogre_vendor/lib:/opt/ros/humble/lib/x86_64-linux-gnu:/opt/ros/humble/lib PYTHONPATH=/home/abd/exp_ws/src/install/crazyflie_py/lib/python3.10/site-packages:/home/abd/exp_ws/src/install/motion_capture_tracking_interfaces/local/lib/python3.10/dist-packages:/home/abd/exp_ws/src/install/crazyflie_sim/local/lib/python3.10/dist-packages:/home/abd/exp_ws/src/install/crazyflie_examples/local/lib/python3.10/dist-packages:/home/abd/exp_ws/src/install/crazyflie_interfaces/local/lib/python3.10/dist-packages:/opt/ros/humble/lib/python3.10/site-packages:/opt/ros/humble/local/lib/python3.10/dist-packages /usr/bin/cmake --build /home/abd/exp_ws/src/build/crazyflie_examples -- -j12 -l12
[7.755s] DEBUG:colcon.colcon_core.event_handler.log_command:Invoked command in '/home/abd/exp_ws/src/build/crazyflie_examples' returned '0': AMENT_PREFIX_PATH=/home/abd/exp_ws/src/install/crazyflie_py:/home/abd/exp_ws/src/install/motion_capture_tracking:/home/abd/exp_ws/src/install/crazyflie:/home/abd/exp_ws/src/install/motion_capture_tracking_interfaces:/home/abd/exp_ws/src/install/crazyflie_sim:/home/abd/exp_ws/src/install/crazyflie_examples:/home/abd/exp_ws/src/install/crazyflie_interfaces:/opt/ros/humble CMAKE_PREFIX_PATH=/home/abd/exp_ws/src/install/crazyflie_interfaces:/home/abd/exp_ws/src/install/motion_capture_tracking:/home/abd/exp_ws/src/install/crazyflie:/home/abd/exp_ws/src/install/motion_capture_tracking_interfaces:/home/abd/exp_ws/src/install/crazyflie_sim:/home/abd/exp_ws/src/install/crazyflie_examples:/home/abd/exp_ws/src/install/crazyflie_py:/opt/ros/humble LD_LIBRARY_PATH=/home/abd/exp_ws/src/install/crazyflie_interfaces/lib:/home/abd/exp_ws/src/install/motion_capture_tracking_interfaces/lib:/opt/ros/humble/opt/rviz_ogre_vendor/lib:/opt/ros/humble/lib/x86_64-linux-gnu:/opt/ros/humble/lib PYTHONPATH=/home/abd/exp_ws/src/install/crazyflie_py/lib/python3.10/site-packages:/home/abd/exp_ws/src/install/motion_capture_tracking_interfaces/local/lib/python3.10/dist-packages:/home/abd/exp_ws/src/install/crazyflie_sim/local/lib/python3.10/dist-packages:/home/abd/exp_ws/src/install/crazyflie_examples/local/lib/python3.10/dist-packages:/home/abd/exp_ws/src/install/crazyflie_interfaces/local/lib/python3.10/dist-packages:/opt/ros/humble/lib/python3.10/site-packages:/opt/ros/humble/local/lib/python3.10/dist-packages /usr/bin/cmake --build /home/abd/exp_ws/src/build/crazyflie_examples -- -j12 -l12
[7.794s] DEBUG:colcon.colcon_core.event_handler.log_command:Invoking command in '/home/abd/exp_ws/src/build/crazyflie_examples': AMENT_PREFIX_PATH=/home/abd/exp_ws/src/install/crazyflie_py:/home/abd/exp_ws/src/install/motion_capture_tracking:/home/abd/exp_ws/src/install/crazyflie:/home/abd/exp_ws/src/install/motion_capture_tracking_interfaces:/home/abd/exp_ws/src/install/crazyflie_sim:/home/abd/exp_ws/src/install/crazyflie_examples:/home/abd/exp_ws/src/install/crazyflie_interfaces:/opt/ros/humble CMAKE_PREFIX_PATH=/home/abd/exp_ws/src/install/crazyflie_interfaces:/home/abd/exp_ws/src/install/motion_capture_tracking:/home/abd/exp_ws/src/install/crazyflie:/home/abd/exp_ws/src/install/motion_capture_tracking_interfaces:/home/abd/exp_ws/src/install/crazyflie_sim:/home/abd/exp_ws/src/install/crazyflie_examples:/home/abd/exp_ws/src/install/crazyflie_py:/opt/ros/humble LD_LIBRARY_PATH=/home/abd/exp_ws/src/install/crazyflie_interfaces/lib:/home/abd/exp_ws/src/install/motion_capture_tracking_interfaces/lib:/opt/ros/humble/opt/rviz_ogre_vendor/lib:/opt/ros/humble/lib/x86_64-linux-gnu:/opt/ros/humble/lib PYTHONPATH=/home/abd/exp_ws/src/install/crazyflie_py/lib/python3.10/site-packages:/home/abd/exp_ws/src/install/motion_capture_tracking_interfaces/local/lib/python3.10/dist-packages:/home/abd/exp_ws/src/install/crazyflie_sim/local/lib/python3.10/dist-packages:/home/abd/exp_ws/src/install/crazyflie_examples/local/lib/python3.10/dist-packages:/home/abd/exp_ws/src/install/crazyflie_interfaces/local/lib/python3.10/dist-packages:/opt/ros/humble/lib/python3.10/site-packages:/opt/ros/humble/local/lib/python3.10/dist-packages /usr/bin/cmake --install /home/abd/exp_ws/src/build/crazyflie_examples
[7.849s] Level 1:colcon.colcon_core.environment:create_environment_scripts_only(crazyflie_examples)
[7.849s] DEBUG:colcon.colcon_core.event_handler.log_command:Invoked command in '/home/abd/exp_ws/src/build/crazyflie_examples' returned '0': AMENT_PREFIX_PATH=/home/abd/exp_ws/src/install/crazyflie_py:/home/abd/exp_ws/src/install/motion_capture_tracking:/home/abd/exp_ws/src/install/crazyflie:/home/abd/exp_ws/src/install/motion_capture_tracking_interfaces:/home/abd/exp_ws/src/install/crazyflie_sim:/home/abd/exp_ws/src/install/crazyflie_examples:/home/abd/exp_ws/src/install/crazyflie_interfaces:/opt/ros/humble CMAKE_PREFIX_PATH=/home/abd/exp_ws/src/install/crazyflie_interfaces:/home/abd/exp_ws/src/install/motion_capture_tracking:/home/abd/exp_ws/src/install/crazyflie:/home/abd/exp_ws/src/install/motion_capture_tracking_interfaces:/home/abd/exp_ws/src/install/crazyflie_sim:/home/abd/exp_ws/src/install/crazyflie_examples:/home/abd/exp_ws/src/install/crazyflie_py:/opt/ros/humble LD_LIBRARY_PATH=/home/abd/exp_ws/src/install/crazyflie_interfaces/lib:/home/abd/exp_ws/src/install/motion_capture_tracking_interfaces/lib:/opt/ros/humble/opt/rviz_ogre_vendor/lib:/opt/ros/humble/lib/x86_64-linux-gnu:/opt/ros/humble/lib PYTHONPATH=/home/abd/exp_ws/src/install/crazyflie_py/lib/python3.10/site-packages:/home/abd/exp_ws/src/install/motion_capture_tracking_interfaces/local/lib/python3.10/dist-packages:/home/abd/exp_ws/src/install/crazyflie_sim/local/lib/python3.10/dist-packages:/home/abd/exp_ws/src/install/crazyflie_examples/local/lib/python3.10/dist-packages:/home/abd/exp_ws/src/install/crazyflie_interfaces/local/lib/python3.10/dist-packages:/opt/ros/humble/lib/python3.10/site-packages:/opt/ros/humble/local/lib/python3.10/dist-packages /usr/bin/cmake --install /home/abd/exp_ws/src/build/crazyflie_examples
[7.865s] Level 1:colcon.colcon_core.environment:checking '/home/abd/exp_ws/src/install/crazyflie_examples' for CMake module files
[7.865s] Level 1:colcon.colcon_core.environment:checking '/home/abd/exp_ws/src/install/crazyflie_examples' for CMake config files
[7.866s] Level 1:colcon.colcon_core.shell:create_environment_hook('crazyflie_examples', 'cmake_prefix_path')
[7.882s] INFO:colcon.colcon_core.shell:Creating environment hook '/home/abd/exp_ws/src/install/crazyflie_examples/share/crazyflie_examples/hook/cmake_prefix_path.ps1'
[7.882s] INFO:colcon.colcon_core.shell:Creating environment descriptor '/home/abd/exp_ws/src/install/crazyflie_examples/share/crazyflie_examples/hook/cmake_prefix_path.dsv'
[7.882s] INFO:colcon.colcon_core.shell:Creating environment hook '/home/abd/exp_ws/src/install/crazyflie_examples/share/crazyflie_examples/hook/cmake_prefix_path.sh'
[7.883s] Level 1:colcon.colcon_core.environment:checking '/home/abd/exp_ws/src/install/crazyflie_examples/lib'
[7.883s] Level 1:colcon.colcon_core.environment:checking '/home/abd/exp_ws/src/install/crazyflie_examples/bin'
[7.883s] Level 1:colcon.colcon_core.environment:checking '/home/abd/exp_ws/src/install/crazyflie_examples/lib/pkgconfig/crazyflie_examples.pc'
[7.883s] Level 1:colcon.colcon_core.environment:checking '/home/abd/exp_ws/src/install/crazyflie_examples/lib/python3.10/site-packages'
[7.884s] Level 1:colcon.colcon_core.environment:checking '/home/abd/exp_ws/src/install/crazyflie_examples/bin'
[7.901s] INFO:colcon.colcon_core.shell:Creating package script '/home/abd/exp_ws/src/install/crazyflie_examples/share/crazyflie_examples/package.ps1'
[7.901s] INFO:colcon.colcon_core.shell:Creating package descriptor '/home/abd/exp_ws/src/install/crazyflie_examples/share/crazyflie_examples/package.dsv'
[7.902s] INFO:colcon.colcon_core.shell:Creating package script '/home/abd/exp_ws/src/install/crazyflie_examples/share/crazyflie_examples/package.sh'
[7.902s] INFO:colcon.colcon_core.shell:Creating package script '/home/abd/exp_ws/src/install/crazyflie_examples/share/crazyflie_examples/package.bash'
[7.902s] INFO:colcon.colcon_core.shell:Creating package script '/home/abd/exp_ws/src/install/crazyflie_examples/share/crazyflie_examples/package.zsh'
[7.903s] Level 1:colcon.colcon_core.environment:create_file_with_runtime_dependencies(/home/abd/exp_ws/src/install/crazyflie_examples/share/colcon-core/packages/crazyflie_examples)
[7.957s] Level 1:colcon.colcon_core.environment:create_environment_scripts_only(crazyflie_examples)
[7.974s] Level 1:colcon.colcon_core.environment:checking '/home/abd/exp_ws/src/install/crazyflie_examples' for CMake module files
[7.974s] Level 1:colcon.colcon_core.environment:checking '/home/abd/exp_ws/src/install/crazyflie_examples' for CMake config files
[7.975s] Level 1:colcon.colcon_core.shell:create_environment_hook('crazyflie_examples', 'cmake_prefix_path')
[7.991s] INFO:colcon.colcon_core.shell:Creating environment hook '/home/abd/exp_ws/src/install/crazyflie_examples/share/crazyflie_examples/hook/cmake_prefix_path.ps1'
[7.992s] INFO:colcon.colcon_core.shell:Creating environment descriptor '/home/abd/exp_ws/src/install/crazyflie_examples/share/crazyflie_examples/hook/cmake_prefix_path.dsv'
[7.993s] INFO:colcon.colcon_core.shell:Creating environment hook '/home/abd/exp_ws/src/install/crazyflie_examples/share/crazyflie_examples/hook/cmake_prefix_path.sh'
[7.993s] Level 1:colcon.colcon_core.environment:checking '/home/abd/exp_ws/src/install/crazyflie_examples/lib'
[7.993s] Level 1:colcon.colcon_core.environment:checking '/home/abd/exp_ws/src/install/crazyflie_examples/bin'
[7.993s] Level 1:colcon.colcon_core.environment:checking '/home/abd/exp_ws/src/install/crazyflie_examples/lib/pkgconfig/crazyflie_examples.pc'
[7.994s] Level 1:colcon.colcon_core.environment:checking '/home/abd/exp_ws/src/install/crazyflie_examples/lib/python3.10/site-packages'
[7.994s] Level 1:colcon.colcon_core.environment:checking '/home/abd/exp_ws/src/install/crazyflie_examples/bin'
[8.010s] INFO:colcon.colcon_core.shell:Creating package script '/home/abd/exp_ws/src/install/crazyflie_examples/share/crazyflie_examples/package.ps1'
[8.011s] INFO:colcon.colcon_core.shell:Creating package descriptor '/home/abd/exp_ws/src/install/crazyflie_examples/share/crazyflie_examples/package.dsv'
[8.011s] INFO:colcon.colcon_core.shell:Creating package script '/home/abd/exp_ws/src/install/crazyflie_examples/share/crazyflie_examples/package.sh'
[8.012s] INFO:colcon.colcon_core.shell:Creating package script '/home/abd/exp_ws/src/install/crazyflie_examples/share/crazyflie_examples/package.bash'
[8.012s] INFO:colcon.colcon_core.shell:Creating package script '/home/abd/exp_ws/src/install/crazyflie_examples/share/crazyflie_examples/package.zsh'
[8.012s] Level 1:colcon.colcon_core.environment:create_file_with_runtime_dependencies(/home/abd/exp_ws/src/install/crazyflie_examples/share/colcon-core/packages/crazyflie_examples)
[8.013s] DEBUG:colcon.colcon_parallel_executor.executor.parallel:closing loop
[8.013s] DEBUG:colcon.colcon_parallel_executor.executor.parallel:loop closed
[8.013s] DEBUG:colcon.colcon_parallel_executor.executor.parallel:run_until_complete finished with '0'
[8.013s] DEBUG:colcon.colcon_core.event_reactor:joining thread
[8.035s] INFO:colcon.colcon_core.plugin_system:Skipping extension 'colcon_notification.desktop_notification.terminal_notifier': Not used on non-Darwin systems
[8.035s] INFO:colcon.colcon_core.plugin_system:Skipping extension 'colcon_notification.desktop_notification.win32': Not used on non-Windows systems
[8.035s] INFO:colcon.colcon_notification.desktop_notification:Sending desktop notification using 'notify2'
[8.051s] DEBUG:colcon.colcon_core.event_reactor:joined thread
[8.071s] INFO:colcon.colcon_core.shell:Creating prefix script '/home/abd/exp_ws/src/install/local_setup.ps1'
[8.072s] INFO:colcon.colcon_core.shell:Creating prefix util module '/home/abd/exp_ws/src/install/_local_setup_util_ps1.py'
[8.074s] INFO:colcon.colcon_core.shell:Creating prefix chain script '/home/abd/exp_ws/src/install/setup.ps1'
[8.091s] INFO:colcon.colcon_core.shell:Creating prefix script '/home/abd/exp_ws/src/install/local_setup.sh'
[8.092s] INFO:colcon.colcon_core.shell:Creating prefix util module '/home/abd/exp_ws/src/install/_local_setup_util_sh.py'
[8.093s] INFO:colcon.colcon_core.shell:Creating prefix chain script '/home/abd/exp_ws/src/install/setup.sh'
[8.110s] INFO:colcon.colcon_core.shell:Creating prefix script '/home/abd/exp_ws/src/install/local_setup.bash'
[8.110s] INFO:colcon.colcon_core.shell:Creating prefix chain script '/home/abd/exp_ws/src/install/setup.bash'
[8.127s] INFO:colcon.colcon_core.shell:Creating prefix script '/home/abd/exp_ws/src/install/local_setup.zsh'
[8.127s] INFO:colcon.colcon_core.shell:Creating prefix chain script '/home/abd/exp_ws/src/install/setup.zsh'
