[1.557s] DEBUG:colcon:Command line arguments: ['/usr/bin/colcon', 'build']
[1.557s] DEBUG:colcon:Parsed command line arguments: Namespace(log_base=None, log_level=None, verb_name='build', build_base='build', install_base='install', merge_install=False, symlink_install=False, test_result_base=None, continue_on_error=False, executor='parallel', parallel_workers=12, event_handlers=None, ignore_user_meta=False, metas=['./colcon.meta'], base_paths=['.'], packages_ignore=None, packages_ignore_regex=None, paths=None, packages_up_to=None, packages_up_to_regex=None, packages_above=None, packages_above_and_dependencies=None, packages_above_depth=None, packages_select_by_dep=None, packages_skip_by_dep=None, packages_skip_up_to=None, packages_select_build_failed=False, packages_skip_build_finished=False, packages_select_test_failures=False, packages_skip_test_passed=False, packages_select=None, packages_skip=None, packages_select_regex=None, packages_skip_regex=None, packages_start=None, packages_end=None, allow_overriding=[], cmake_args=None, cmake_target=None, cmake_target_skip_unavailable=False, cmake_clean_cache=False, cmake_clean_first=False, cmake_force_configure=False, ament_cmake_args=None, catkin_cmake_args=None, catkin_skip_building_tests=False, verb_parser=<colcon_defaults.argument_parser.defaults.DefaultArgumentsDecorator object at 0x7f65e9caae30>, verb_extension=<colcon_core.verb.build.BuildVerb object at 0x7f65ea2d7d30>, main=<bound method BuildVerb.main of <colcon_core.verb.build.BuildVerb object at 0x7f65ea2d7d30>>)
[1.630s] Level 1:colcon.colcon_core.package_discovery:discover_packages(colcon_meta) check parameters
[1.630s] Level 1:colcon.colcon_core.package_discovery:discover_packages(recursive) check parameters
[1.630s] Level 1:colcon.colcon_core.package_discovery:discover_packages(ignore) check parameters
[1.631s] Level 1:colcon.colcon_core.package_discovery:discover_packages(path) check parameters
[1.631s] Level 1:colcon.colcon_core.package_discovery:discover_packages(colcon_meta) discover
[1.631s] Level 1:colcon.colcon_core.package_discovery:discover_packages(recursive) discover
[1.631s] INFO:colcon.colcon_core.package_discovery:Crawling recursively for packages in '/home/abd/exp_ws/src'
[1.631s] Level 1:colcon.colcon_core.package_identification:_identify(.) by extensions ['ignore', 'ignore_ament_install']
[1.631s] Level 1:colcon.colcon_core.package_identification:_identify(.) by extension 'ignore'
[1.631s] Level 1:colcon.colcon_core.package_identification:_identify(.) by extension 'ignore_ament_install'
[1.631s] Level 1:colcon.colcon_core.package_identification:_identify(.) by extensions ['colcon_pkg']
[1.631s] Level 1:colcon.colcon_core.package_identification:_identify(.) by extension 'colcon_pkg'
[1.631s] Level 1:colcon.colcon_core.package_identification:_identify(.) by extensions ['colcon_meta']
[1.631s] Level 1:colcon.colcon_core.package_identification:_identify(.) by extension 'colcon_meta'
[1.631s] Level 1:colcon.colcon_core.package_identification:_identify(.) by extensions ['ros']
[1.631s] Level 1:colcon.colcon_core.package_identification:_identify(.) by extension 'ros'
[1.647s] Level 1:colcon.colcon_core.package_identification:_identify(.) by extensions ['cmake', 'python']
[1.647s] Level 1:colcon.colcon_core.package_identification:_identify(.) by extension 'cmake'
[1.647s] Level 1:colcon.colcon_core.package_identification:_identify(.) by extension 'python'
[1.647s] Level 1:colcon.colcon_core.package_identification:_identify(.) by extensions ['python_setup_py']
[1.647s] Level 1:colcon.colcon_core.package_identification:_identify(.) by extension 'python_setup_py'
[1.647s] Level 1:colcon.colcon_core.package_identification:_identify(build) by extensions ['ignore', 'ignore_ament_install']
[1.647s] Level 1:colcon.colcon_core.package_identification:_identify(build) by extension 'ignore'
[1.647s] Level 1:colcon.colcon_core.package_identification:_identify(build) ignored
[1.647s] Level 1:colcon.colcon_core.package_identification:_identify(cache) by extensions ['ignore', 'ignore_ament_install']
[1.648s] Level 1:colcon.colcon_core.package_identification:_identify(cache) by extension 'ignore'
[1.648s] Level 1:colcon.colcon_core.package_identification:_identify(cache) by extension 'ignore_ament_install'
[1.648s] Level 1:colcon.colcon_core.package_identification:_identify(cache) by extensions ['colcon_pkg']
[1.648s] Level 1:colcon.colcon_core.package_identification:_identify(cache) by extension 'colcon_pkg'
[1.648s] Level 1:colcon.colcon_core.package_identification:_identify(cache) by extensions ['colcon_meta']
[1.648s] Level 1:colcon.colcon_core.package_identification:_identify(cache) by extension 'colcon_meta'
[1.648s] Level 1:colcon.colcon_core.package_identification:_identify(cache) by extensions ['ros']
[1.648s] Level 1:colcon.colcon_core.package_identification:_identify(cache) by extension 'ros'
[1.648s] Level 1:colcon.colcon_core.package_identification:_identify(cache) by extensions ['cmake', 'python']
[1.648s] Level 1:colcon.colcon_core.package_identification:_identify(cache) by extension 'cmake'
[1.648s] Level 1:colcon.colcon_core.package_identification:_identify(cache) by extension 'python'
[1.648s] Level 1:colcon.colcon_core.package_identification:_identify(cache) by extensions ['python_setup_py']
[1.648s] Level 1:colcon.colcon_core.package_identification:_identify(cache) by extension 'python_setup_py'
[1.649s] Level 1:colcon.colcon_core.package_identification:_identify(crazyswarm2) by extensions ['ignore', 'ignore_ament_install']
[1.649s] Level 1:colcon.colcon_core.package_identification:_identify(crazyswarm2) by extension 'ignore'
[1.649s] Level 1:colcon.colcon_core.package_identification:_identify(crazyswarm2) by extension 'ignore_ament_install'
[1.649s] Level 1:colcon.colcon_core.package_identification:_identify(crazyswarm2) by extensions ['colcon_pkg']
[1.649s] Level 1:colcon.colcon_core.package_identification:_identify(crazyswarm2) by extension 'colcon_pkg'
[1.649s] Level 1:colcon.colcon_core.package_identification:_identify(crazyswarm2) by extensions ['colcon_meta']
[1.649s] Level 1:colcon.colcon_core.package_identification:_identify(crazyswarm2) by extension 'colcon_meta'
[1.649s] Level 1:colcon.colcon_core.package_identification:_identify(crazyswarm2) by extensions ['ros']
[1.649s] Level 1:colcon.colcon_core.package_identification:_identify(crazyswarm2) by extension 'ros'
[1.649s] Level 1:colcon.colcon_core.package_identification:_identify(crazyswarm2) by extensions ['cmake', 'python']
[1.649s] Level 1:colcon.colcon_core.package_identification:_identify(crazyswarm2) by extension 'cmake'
[1.649s] Level 1:colcon.colcon_core.package_identification:_identify(crazyswarm2) by extension 'python'
[1.649s] Level 1:colcon.colcon_core.package_identification:_identify(crazyswarm2) by extensions ['python_setup_py']
[1.649s] Level 1:colcon.colcon_core.package_identification:_identify(crazyswarm2) by extension 'python_setup_py'
[1.649s] Level 1:colcon.colcon_core.package_identification:_identify(crazyswarm2/crazyflie) by extensions ['ignore', 'ignore_ament_install']
[1.650s] Level 1:colcon.colcon_core.package_identification:_identify(crazyswarm2/crazyflie) by extension 'ignore'
[1.650s] Level 1:colcon.colcon_core.package_identification:_identify(crazyswarm2/crazyflie) by extension 'ignore_ament_install'
[1.650s] Level 1:colcon.colcon_core.package_identification:_identify(crazyswarm2/crazyflie) by extensions ['colcon_pkg']
[1.650s] Level 1:colcon.colcon_core.package_identification:_identify(crazyswarm2/crazyflie) by extension 'colcon_pkg'
[1.650s] Level 1:colcon.colcon_core.package_identification:_identify(crazyswarm2/crazyflie) by extensions ['colcon_meta']
[1.650s] Level 1:colcon.colcon_core.package_identification:_identify(crazyswarm2/crazyflie) by extension 'colcon_meta'
[1.650s] Level 1:colcon.colcon_core.package_identification:_identify(crazyswarm2/crazyflie) by extensions ['ros']
[1.650s] Level 1:colcon.colcon_core.package_identification:_identify(crazyswarm2/crazyflie) by extension 'ros'
[1.654s] DEBUG:colcon.colcon_core.package_identification:Package 'crazyswarm2/crazyflie' with type 'ros.ament_cmake' and name 'crazyflie'
[1.654s] Level 1:colcon.colcon_core.package_identification:_identify(crazyswarm2/crazyflie_examples) by extensions ['ignore', 'ignore_ament_install']
[1.654s] Level 1:colcon.colcon_core.package_identification:_identify(crazyswarm2/crazyflie_examples) by extension 'ignore'
[1.655s] Level 1:colcon.colcon_core.package_identification:_identify(crazyswarm2/crazyflie_examples) by extension 'ignore_ament_install'
[1.655s] Level 1:colcon.colcon_core.package_identification:_identify(crazyswarm2/crazyflie_examples) by extensions ['colcon_pkg']
[1.655s] Level 1:colcon.colcon_core.package_identification:_identify(crazyswarm2/crazyflie_examples) by extension 'colcon_pkg'
[1.655s] Level 1:colcon.colcon_core.package_identification:_identify(crazyswarm2/crazyflie_examples) by extensions ['colcon_meta']
[1.655s] Level 1:colcon.colcon_core.package_identification:_identify(crazyswarm2/crazyflie_examples) by extension 'colcon_meta'
[1.655s] Level 1:colcon.colcon_core.package_identification:_identify(crazyswarm2/crazyflie_examples) by extensions ['ros']
[1.655s] Level 1:colcon.colcon_core.package_identification:_identify(crazyswarm2/crazyflie_examples) by extension 'ros'
[1.656s] DEBUG:colcon.colcon_core.package_identification:Package 'crazyswarm2/crazyflie_examples' with type 'ros.ament_cmake' and name 'crazyflie_examples'
[1.656s] Level 1:colcon.colcon_core.package_identification:_identify(crazyswarm2/crazyflie_interfaces) by extensions ['ignore', 'ignore_ament_install']
[1.657s] Level 1:colcon.colcon_core.package_identification:_identify(crazyswarm2/crazyflie_interfaces) by extension 'ignore'
[1.657s] Level 1:colcon.colcon_core.package_identification:_identify(crazyswarm2/crazyflie_interfaces) by extension 'ignore_ament_install'
[1.657s] Level 1:colcon.colcon_core.package_identification:_identify(crazyswarm2/crazyflie_interfaces) by extensions ['colcon_pkg']
[1.657s] Level 1:colcon.colcon_core.package_identification:_identify(crazyswarm2/crazyflie_interfaces) by extension 'colcon_pkg'
[1.657s] Level 1:colcon.colcon_core.package_identification:_identify(crazyswarm2/crazyflie_interfaces) by extensions ['colcon_meta']
[1.657s] Level 1:colcon.colcon_core.package_identification:_identify(crazyswarm2/crazyflie_interfaces) by extension 'colcon_meta'
[1.657s] Level 1:colcon.colcon_core.package_identification:_identify(crazyswarm2/crazyflie_interfaces) by extensions ['ros']
[1.657s] Level 1:colcon.colcon_core.package_identification:_identify(crazyswarm2/crazyflie_interfaces) by extension 'ros'
[1.658s] DEBUG:colcon.colcon_core.package_identification:Package 'crazyswarm2/crazyflie_interfaces' with type 'ros.ament_cmake' and name 'crazyflie_interfaces'
[1.658s] Level 1:colcon.colcon_core.package_identification:_identify(crazyswarm2/crazyflie_py) by extensions ['ignore', 'ignore_ament_install']
[1.658s] Level 1:colcon.colcon_core.package_identification:_identify(crazyswarm2/crazyflie_py) by extension 'ignore'
[1.658s] Level 1:colcon.colcon_core.package_identification:_identify(crazyswarm2/crazyflie_py) by extension 'ignore_ament_install'
[1.658s] Level 1:colcon.colcon_core.package_identification:_identify(crazyswarm2/crazyflie_py) by extensions ['colcon_pkg']
[1.658s] Level 1:colcon.colcon_core.package_identification:_identify(crazyswarm2/crazyflie_py) by extension 'colcon_pkg'
[1.658s] Level 1:colcon.colcon_core.package_identification:_identify(crazyswarm2/crazyflie_py) by extensions ['colcon_meta']
[1.659s] Level 1:colcon.colcon_core.package_identification:_identify(crazyswarm2/crazyflie_py) by extension 'colcon_meta'
[1.659s] Level 1:colcon.colcon_core.package_identification:_identify(crazyswarm2/crazyflie_py) by extensions ['ros']
[1.659s] Level 1:colcon.colcon_core.package_identification:_identify(crazyswarm2/crazyflie_py) by extension 'ros'
[1.659s] DEBUG:colcon.colcon_core.package_identification:Package 'crazyswarm2/crazyflie_py' with type 'ros.ament_python' and name 'crazyflie_py'
[1.659s] Level 1:colcon.colcon_core.package_identification:_identify(crazyswarm2/crazyflie_sim) by extensions ['ignore', 'ignore_ament_install']
[1.660s] Level 1:colcon.colcon_core.package_identification:_identify(crazyswarm2/crazyflie_sim) by extension 'ignore'
[1.660s] Level 1:colcon.colcon_core.package_identification:_identify(crazyswarm2/crazyflie_sim) by extension 'ignore_ament_install'
[1.660s] Level 1:colcon.colcon_core.package_identification:_identify(crazyswarm2/crazyflie_sim) by extensions ['colcon_pkg']
[1.660s] Level 1:colcon.colcon_core.package_identification:_identify(crazyswarm2/crazyflie_sim) by extension 'colcon_pkg'
[1.660s] Level 1:colcon.colcon_core.package_identification:_identify(crazyswarm2/crazyflie_sim) by extensions ['colcon_meta']
[1.660s] Level 1:colcon.colcon_core.package_identification:_identify(crazyswarm2/crazyflie_sim) by extension 'colcon_meta'
[1.660s] Level 1:colcon.colcon_core.package_identification:_identify(crazyswarm2/crazyflie_sim) by extensions ['ros']
[1.660s] Level 1:colcon.colcon_core.package_identification:_identify(crazyswarm2/crazyflie_sim) by extension 'ros'
[1.661s] DEBUG:colcon.colcon_core.package_identification:Package 'crazyswarm2/crazyflie_sim' with type 'ros.ament_cmake' and name 'crazyflie_sim'
[1.661s] Level 1:colcon.colcon_core.package_identification:_identify(crazyswarm2/docs) by extensions ['ignore', 'ignore_ament_install']
[1.661s] Level 1:colcon.colcon_core.package_identification:_identify(crazyswarm2/docs) by extension 'ignore'
[1.661s] Level 1:colcon.colcon_core.package_identification:_identify(crazyswarm2/docs) by extension 'ignore_ament_install'
[1.661s] Level 1:colcon.colcon_core.package_identification:_identify(crazyswarm2/docs) by extensions ['colcon_pkg']
[1.661s] Level 1:colcon.colcon_core.package_identification:_identify(crazyswarm2/docs) by extension 'colcon_pkg'
[1.661s] Level 1:colcon.colcon_core.package_identification:_identify(crazyswarm2/docs) by extensions ['colcon_meta']
[1.661s] Level 1:colcon.colcon_core.package_identification:_identify(crazyswarm2/docs) by extension 'colcon_meta'
[1.661s] Level 1:colcon.colcon_core.package_identification:_identify(crazyswarm2/docs) by extensions ['ros']
[1.662s] Level 1:colcon.colcon_core.package_identification:_identify(crazyswarm2/docs) by extension 'ros'
[1.662s] Level 1:colcon.colcon_core.package_identification:_identify(crazyswarm2/docs) by extensions ['cmake', 'python']
[1.662s] Level 1:colcon.colcon_core.package_identification:_identify(crazyswarm2/docs) by extension 'cmake'
[1.662s] Level 1:colcon.colcon_core.package_identification:_identify(crazyswarm2/docs) by extension 'python'
[1.662s] Level 1:colcon.colcon_core.package_identification:_identify(crazyswarm2/docs) by extensions ['python_setup_py']
[1.662s] Level 1:colcon.colcon_core.package_identification:_identify(crazyswarm2/docs) by extension 'python_setup_py'
[1.662s] Level 1:colcon.colcon_core.package_identification:_identify(crazyswarm2/docs/generated) by extensions ['ignore', 'ignore_ament_install']
[1.662s] Level 1:colcon.colcon_core.package_identification:_identify(crazyswarm2/docs/generated) by extension 'ignore'
[1.662s] Level 1:colcon.colcon_core.package_identification:_identify(crazyswarm2/docs/generated) by extension 'ignore_ament_install'
[1.662s] Level 1:colcon.colcon_core.package_identification:_identify(crazyswarm2/docs/generated) by extensions ['colcon_pkg']
[1.662s] Level 1:colcon.colcon_core.package_identification:_identify(crazyswarm2/docs/generated) by extension 'colcon_pkg'
[1.662s] Level 1:colcon.colcon_core.package_identification:_identify(crazyswarm2/docs/generated) by extensions ['colcon_meta']
[1.662s] Level 1:colcon.colcon_core.package_identification:_identify(crazyswarm2/docs/generated) by extension 'colcon_meta'
[1.662s] Level 1:colcon.colcon_core.package_identification:_identify(crazyswarm2/docs/generated) by extensions ['ros']
[1.662s] Level 1:colcon.colcon_core.package_identification:_identify(crazyswarm2/docs/generated) by extension 'ros'
[1.663s] Level 1:colcon.colcon_core.package_identification:_identify(crazyswarm2/docs/generated) by extensions ['cmake', 'python']
[1.663s] Level 1:colcon.colcon_core.package_identification:_identify(crazyswarm2/docs/generated) by extension 'cmake'
[1.663s] Level 1:colcon.colcon_core.package_identification:_identify(crazyswarm2/docs/generated) by extension 'python'
[1.663s] Level 1:colcon.colcon_core.package_identification:_identify(crazyswarm2/docs/generated) by extensions ['python_setup_py']
[1.663s] Level 1:colcon.colcon_core.package_identification:_identify(crazyswarm2/docs/generated) by extension 'python_setup_py'
[1.663s] Level 1:colcon.colcon_core.package_identification:_identify(crazyswarm2/docs/howto) by extensions ['ignore', 'ignore_ament_install']
[1.663s] Level 1:colcon.colcon_core.package_identification:_identify(crazyswarm2/docs/howto) by extension 'ignore'
[1.663s] Level 1:colcon.colcon_core.package_identification:_identify(crazyswarm2/docs/howto) by extension 'ignore_ament_install'
[1.663s] Level 1:colcon.colcon_core.package_identification:_identify(crazyswarm2/docs/howto) by extensions ['colcon_pkg']
[1.663s] Level 1:colcon.colcon_core.package_identification:_identify(crazyswarm2/docs/howto) by extension 'colcon_pkg'
[1.663s] Level 1:colcon.colcon_core.package_identification:_identify(crazyswarm2/docs/howto) by extensions ['colcon_meta']
[1.663s] Level 1:colcon.colcon_core.package_identification:_identify(crazyswarm2/docs/howto) by extension 'colcon_meta'
[1.663s] Level 1:colcon.colcon_core.package_identification:_identify(crazyswarm2/docs/howto) by extensions ['ros']
[1.663s] Level 1:colcon.colcon_core.package_identification:_identify(crazyswarm2/docs/howto) by extension 'ros'
[1.664s] Level 1:colcon.colcon_core.package_identification:_identify(crazyswarm2/docs/howto) by extensions ['cmake', 'python']
[1.664s] Level 1:colcon.colcon_core.package_identification:_identify(crazyswarm2/docs/howto) by extension 'cmake'
[1.664s] Level 1:colcon.colcon_core.package_identification:_identify(crazyswarm2/docs/howto) by extension 'python'
[1.664s] Level 1:colcon.colcon_core.package_identification:_identify(crazyswarm2/docs/howto) by extensions ['python_setup_py']
[1.664s] Level 1:colcon.colcon_core.package_identification:_identify(crazyswarm2/docs/howto) by extension 'python_setup_py'
[1.664s] Level 1:colcon.colcon_core.package_identification:_identify(crazyswarm2/docs/images) by extensions ['ignore', 'ignore_ament_install']
[1.664s] Level 1:colcon.colcon_core.package_identification:_identify(crazyswarm2/docs/images) by extension 'ignore'
[1.664s] Level 1:colcon.colcon_core.package_identification:_identify(crazyswarm2/docs/images) by extension 'ignore_ament_install'
[1.664s] Level 1:colcon.colcon_core.package_identification:_identify(crazyswarm2/docs/images) by extensions ['colcon_pkg']
[1.664s] Level 1:colcon.colcon_core.package_identification:_identify(crazyswarm2/docs/images) by extension 'colcon_pkg'
[1.664s] Level 1:colcon.colcon_core.package_identification:_identify(crazyswarm2/docs/images) by extensions ['colcon_meta']
[1.664s] Level 1:colcon.colcon_core.package_identification:_identify(crazyswarm2/docs/images) by extension 'colcon_meta'
[1.664s] Level 1:colcon.colcon_core.package_identification:_identify(crazyswarm2/docs/images) by extensions ['ros']
[1.665s] Level 1:colcon.colcon_core.package_identification:_identify(crazyswarm2/docs/images) by extension 'ros'
[1.665s] Level 1:colcon.colcon_core.package_identification:_identify(crazyswarm2/docs/images) by extensions ['cmake', 'python']
[1.665s] Level 1:colcon.colcon_core.package_identification:_identify(crazyswarm2/docs/images) by extension 'cmake'
[1.665s] Level 1:colcon.colcon_core.package_identification:_identify(crazyswarm2/docs/images) by extension 'python'
[1.665s] Level 1:colcon.colcon_core.package_identification:_identify(crazyswarm2/docs/images) by extensions ['python_setup_py']
[1.665s] Level 1:colcon.colcon_core.package_identification:_identify(crazyswarm2/docs/images) by extension 'python_setup_py'
[1.665s] Level 1:colcon.colcon_core.package_identification:_identify(crazyswarm2/docs/tutorials) by extensions ['ignore', 'ignore_ament_install']
[1.665s] Level 1:colcon.colcon_core.package_identification:_identify(crazyswarm2/docs/tutorials) by extension 'ignore'
[1.665s] Level 1:colcon.colcon_core.package_identification:_identify(crazyswarm2/docs/tutorials) by extension 'ignore_ament_install'
[1.665s] Level 1:colcon.colcon_core.package_identification:_identify(crazyswarm2/docs/tutorials) by extensions ['colcon_pkg']
[1.665s] Level 1:colcon.colcon_core.package_identification:_identify(crazyswarm2/docs/tutorials) by extension 'colcon_pkg'
[1.665s] Level 1:colcon.colcon_core.package_identification:_identify(crazyswarm2/docs/tutorials) by extensions ['colcon_meta']
[1.665s] Level 1:colcon.colcon_core.package_identification:_identify(crazyswarm2/docs/tutorials) by extension 'colcon_meta'
[1.665s] Level 1:colcon.colcon_core.package_identification:_identify(crazyswarm2/docs/tutorials) by extensions ['ros']
[1.666s] Level 1:colcon.colcon_core.package_identification:_identify(crazyswarm2/docs/tutorials) by extension 'ros'
[1.666s] Level 1:colcon.colcon_core.package_identification:_identify(crazyswarm2/docs/tutorials) by extensions ['cmake', 'python']
[1.666s] Level 1:colcon.colcon_core.package_identification:_identify(crazyswarm2/docs/tutorials) by extension 'cmake'
[1.666s] Level 1:colcon.colcon_core.package_identification:_identify(crazyswarm2/docs/tutorials) by extension 'python'
[1.666s] Level 1:colcon.colcon_core.package_identification:_identify(crazyswarm2/docs/tutorials) by extensions ['python_setup_py']
[1.666s] Level 1:colcon.colcon_core.package_identification:_identify(crazyswarm2/docs/tutorials) by extension 'python_setup_py'
[1.666s] Level 1:colcon.colcon_core.package_identification:_identify(crazyswarm2/docs2) by extensions ['ignore', 'ignore_ament_install']
[1.666s] Level 1:colcon.colcon_core.package_identification:_identify(crazyswarm2/docs2) by extension 'ignore'
[1.666s] Level 1:colcon.colcon_core.package_identification:_identify(crazyswarm2/docs2) by extension 'ignore_ament_install'
[1.666s] Level 1:colcon.colcon_core.package_identification:_identify(crazyswarm2/docs2) by extensions ['colcon_pkg']
[1.666s] Level 1:colcon.colcon_core.package_identification:_identify(crazyswarm2/docs2) by extension 'colcon_pkg'
[1.666s] Level 1:colcon.colcon_core.package_identification:_identify(crazyswarm2/docs2) by extensions ['colcon_meta']
[1.666s] Level 1:colcon.colcon_core.package_identification:_identify(crazyswarm2/docs2) by extension 'colcon_meta'
[1.666s] Level 1:colcon.colcon_core.package_identification:_identify(crazyswarm2/docs2) by extensions ['ros']
[1.666s] Level 1:colcon.colcon_core.package_identification:_identify(crazyswarm2/docs2) by extension 'ros'
[1.667s] Level 1:colcon.colcon_core.package_identification:_identify(crazyswarm2/docs2) by extensions ['cmake', 'python']
[1.667s] Level 1:colcon.colcon_core.package_identification:_identify(crazyswarm2/docs2) by extension 'cmake'
[1.667s] Level 1:colcon.colcon_core.package_identification:_identify(crazyswarm2/docs2) by extension 'python'
[1.667s] Level 1:colcon.colcon_core.package_identification:_identify(crazyswarm2/docs2) by extensions ['python_setup_py']
[1.667s] Level 1:colcon.colcon_core.package_identification:_identify(crazyswarm2/docs2) by extension 'python_setup_py'
[1.667s] Level 1:colcon.colcon_core.package_identification:_identify(crazyswarm2/docs2/images) by extensions ['ignore', 'ignore_ament_install']
[1.667s] Level 1:colcon.colcon_core.package_identification:_identify(crazyswarm2/docs2/images) by extension 'ignore'
[1.667s] Level 1:colcon.colcon_core.package_identification:_identify(crazyswarm2/docs2/images) by extension 'ignore_ament_install'
[1.667s] Level 1:colcon.colcon_core.package_identification:_identify(crazyswarm2/docs2/images) by extensions ['colcon_pkg']
[1.667s] Level 1:colcon.colcon_core.package_identification:_identify(crazyswarm2/docs2/images) by extension 'colcon_pkg'
[1.667s] Level 1:colcon.colcon_core.package_identification:_identify(crazyswarm2/docs2/images) by extensions ['colcon_meta']
[1.667s] Level 1:colcon.colcon_core.package_identification:_identify(crazyswarm2/docs2/images) by extension 'colcon_meta'
[1.667s] Level 1:colcon.colcon_core.package_identification:_identify(crazyswarm2/docs2/images) by extensions ['ros']
[1.667s] Level 1:colcon.colcon_core.package_identification:_identify(crazyswarm2/docs2/images) by extension 'ros'
[1.668s] Level 1:colcon.colcon_core.package_identification:_identify(crazyswarm2/docs2/images) by extensions ['cmake', 'python']
[1.668s] Level 1:colcon.colcon_core.package_identification:_identify(crazyswarm2/docs2/images) by extension 'cmake'
[1.668s] Level 1:colcon.colcon_core.package_identification:_identify(crazyswarm2/docs2/images) by extension 'python'
[1.668s] Level 1:colcon.colcon_core.package_identification:_identify(crazyswarm2/docs2/images) by extensions ['python_setup_py']
[1.668s] Level 1:colcon.colcon_core.package_identification:_identify(crazyswarm2/docs2/images) by extension 'python_setup_py'
[1.668s] Level 1:colcon.colcon_core.package_identification:_identify(crazyswarm2/prebuilt) by extensions ['ignore', 'ignore_ament_install']
[1.668s] Level 1:colcon.colcon_core.package_identification:_identify(crazyswarm2/prebuilt) by extension 'ignore'
[1.668s] Level 1:colcon.colcon_core.package_identification:_identify(crazyswarm2/prebuilt) by extension 'ignore_ament_install'
[1.668s] Level 1:colcon.colcon_core.package_identification:_identify(crazyswarm2/prebuilt) by extensions ['colcon_pkg']
[1.668s] Level 1:colcon.colcon_core.package_identification:_identify(crazyswarm2/prebuilt) by extension 'colcon_pkg'
[1.668s] Level 1:colcon.colcon_core.package_identification:_identify(crazyswarm2/prebuilt) by extensions ['colcon_meta']
[1.668s] Level 1:colcon.colcon_core.package_identification:_identify(crazyswarm2/prebuilt) by extension 'colcon_meta'
[1.668s] Level 1:colcon.colcon_core.package_identification:_identify(crazyswarm2/prebuilt) by extensions ['ros']
[1.668s] Level 1:colcon.colcon_core.package_identification:_identify(crazyswarm2/prebuilt) by extension 'ros'
[1.669s] Level 1:colcon.colcon_core.package_identification:_identify(crazyswarm2/prebuilt) by extensions ['cmake', 'python']
[1.669s] Level 1:colcon.colcon_core.package_identification:_identify(crazyswarm2/prebuilt) by extension 'cmake'
[1.669s] Level 1:colcon.colcon_core.package_identification:_identify(crazyswarm2/prebuilt) by extension 'python'
[1.669s] Level 1:colcon.colcon_core.package_identification:_identify(crazyswarm2/prebuilt) by extensions ['python_setup_py']
[1.669s] Level 1:colcon.colcon_core.package_identification:_identify(crazyswarm2/prebuilt) by extension 'python_setup_py'
[1.669s] Level 1:colcon.colcon_core.package_identification:_identify(crazyswarm2/ros_ws) by extensions ['ignore', 'ignore_ament_install']
[1.669s] Level 1:colcon.colcon_core.package_identification:_identify(crazyswarm2/ros_ws) by extension 'ignore'
[1.669s] Level 1:colcon.colcon_core.package_identification:_identify(crazyswarm2/ros_ws) by extension 'ignore_ament_install'
[1.669s] Level 1:colcon.colcon_core.package_identification:_identify(crazyswarm2/ros_ws) by extensions ['colcon_pkg']
[1.669s] Level 1:colcon.colcon_core.package_identification:_identify(crazyswarm2/ros_ws) by extension 'colcon_pkg'
[1.669s] Level 1:colcon.colcon_core.package_identification:_identify(crazyswarm2/ros_ws) by extensions ['colcon_meta']
[1.669s] Level 1:colcon.colcon_core.package_identification:_identify(crazyswarm2/ros_ws) by extension 'colcon_meta'
[1.669s] Level 1:colcon.colcon_core.package_identification:_identify(crazyswarm2/ros_ws) by extensions ['ros']
[1.669s] Level 1:colcon.colcon_core.package_identification:_identify(crazyswarm2/ros_ws) by extension 'ros'
[1.670s] Level 1:colcon.colcon_core.package_identification:_identify(crazyswarm2/ros_ws) by extensions ['cmake', 'python']
[1.670s] Level 1:colcon.colcon_core.package_identification:_identify(crazyswarm2/ros_ws) by extension 'cmake'
[1.670s] Level 1:colcon.colcon_core.package_identification:_identify(crazyswarm2/ros_ws) by extension 'python'
[1.670s] Level 1:colcon.colcon_core.package_identification:_identify(crazyswarm2/ros_ws) by extensions ['python_setup_py']
[1.670s] Level 1:colcon.colcon_core.package_identification:_identify(crazyswarm2/ros_ws) by extension 'python_setup_py'
[1.670s] Level 1:colcon.colcon_core.package_identification:_identify(crazyswarm2/ros_ws/src) by extensions ['ignore', 'ignore_ament_install']
[1.670s] Level 1:colcon.colcon_core.package_identification:_identify(crazyswarm2/ros_ws/src) by extension 'ignore'
[1.670s] Level 1:colcon.colcon_core.package_identification:_identify(crazyswarm2/ros_ws/src) by extension 'ignore_ament_install'
[1.670s] Level 1:colcon.colcon_core.package_identification:_identify(crazyswarm2/ros_ws/src) by extensions ['colcon_pkg']
[1.670s] Level 1:colcon.colcon_core.package_identification:_identify(crazyswarm2/ros_ws/src) by extension 'colcon_pkg'
[1.670s] Level 1:colcon.colcon_core.package_identification:_identify(crazyswarm2/ros_ws/src) by extensions ['colcon_meta']
[1.670s] Level 1:colcon.colcon_core.package_identification:_identify(crazyswarm2/ros_ws/src) by extension 'colcon_meta'
[1.670s] Level 1:colcon.colcon_core.package_identification:_identify(crazyswarm2/ros_ws/src) by extensions ['ros']
[1.670s] Level 1:colcon.colcon_core.package_identification:_identify(crazyswarm2/ros_ws/src) by extension 'ros'
[1.671s] Level 1:colcon.colcon_core.package_identification:_identify(crazyswarm2/ros_ws/src) by extensions ['cmake', 'python']
[1.671s] Level 1:colcon.colcon_core.package_identification:_identify(crazyswarm2/ros_ws/src) by extension 'cmake'
[1.671s] Level 1:colcon.colcon_core.package_identification:_identify(crazyswarm2/ros_ws/src) by extension 'python'
[1.671s] Level 1:colcon.colcon_core.package_identification:_identify(crazyswarm2/ros_ws/src) by extensions ['python_setup_py']
[1.671s] Level 1:colcon.colcon_core.package_identification:_identify(crazyswarm2/ros_ws/src) by extension 'python_setup_py'
[1.671s] Level 1:colcon.colcon_core.package_identification:_identify(crazyswarm2/ros_ws/src/crazyswarm) by extensions ['ignore', 'ignore_ament_install']
[1.671s] Level 1:colcon.colcon_core.package_identification:_identify(crazyswarm2/ros_ws/src/crazyswarm) by extension 'ignore'
[1.671s] Level 1:colcon.colcon_core.package_identification:_identify(crazyswarm2/ros_ws/src/crazyswarm) by extension 'ignore_ament_install'
[1.671s] Level 1:colcon.colcon_core.package_identification:_identify(crazyswarm2/ros_ws/src/crazyswarm) by extensions ['colcon_pkg']
[1.671s] Level 1:colcon.colcon_core.package_identification:_identify(crazyswarm2/ros_ws/src/crazyswarm) by extension 'colcon_pkg'
[1.671s] Level 1:colcon.colcon_core.package_identification:_identify(crazyswarm2/ros_ws/src/crazyswarm) by extensions ['colcon_meta']
[1.671s] Level 1:colcon.colcon_core.package_identification:_identify(crazyswarm2/ros_ws/src/crazyswarm) by extension 'colcon_meta'
[1.671s] Level 1:colcon.colcon_core.package_identification:_identify(crazyswarm2/ros_ws/src/crazyswarm) by extensions ['ros']
[1.671s] Level 1:colcon.colcon_core.package_identification:_identify(crazyswarm2/ros_ws/src/crazyswarm) by extension 'ros'
[1.672s] Level 1:colcon.colcon_core.package_identification:_identify(crazyswarm2/ros_ws/src/crazyswarm) by extensions ['cmake', 'python']
[1.672s] Level 1:colcon.colcon_core.package_identification:_identify(crazyswarm2/ros_ws/src/crazyswarm) by extension 'cmake'
[1.672s] Level 1:colcon.colcon_core.package_identification:_identify(crazyswarm2/ros_ws/src/crazyswarm) by extension 'python'
[1.672s] Level 1:colcon.colcon_core.package_identification:_identify(crazyswarm2/ros_ws/src/crazyswarm) by extensions ['python_setup_py']
[1.672s] Level 1:colcon.colcon_core.package_identification:_identify(crazyswarm2/ros_ws/src/crazyswarm) by extension 'python_setup_py'
[1.672s] Level 1:colcon.colcon_core.package_identification:_identify(crazyswarm2/ros_ws/src/crazyswarm/launch) by extensions ['ignore', 'ignore_ament_install']
[1.672s] Level 1:colcon.colcon_core.package_identification:_identify(crazyswarm2/ros_ws/src/crazyswarm/launch) by extension 'ignore'
[1.672s] Level 1:colcon.colcon_core.package_identification:_identify(crazyswarm2/ros_ws/src/crazyswarm/launch) by extension 'ignore_ament_install'
[1.672s] Level 1:colcon.colcon_core.package_identification:_identify(crazyswarm2/ros_ws/src/crazyswarm/launch) by extensions ['colcon_pkg']
[1.672s] Level 1:colcon.colcon_core.package_identification:_identify(crazyswarm2/ros_ws/src/crazyswarm/launch) by extension 'colcon_pkg'
[1.672s] Level 1:colcon.colcon_core.package_identification:_identify(crazyswarm2/ros_ws/src/crazyswarm/launch) by extensions ['colcon_meta']
[1.672s] Level 1:colcon.colcon_core.package_identification:_identify(crazyswarm2/ros_ws/src/crazyswarm/launch) by extension 'colcon_meta'
[1.672s] Level 1:colcon.colcon_core.package_identification:_identify(crazyswarm2/ros_ws/src/crazyswarm/launch) by extensions ['ros']
[1.672s] Level 1:colcon.colcon_core.package_identification:_identify(crazyswarm2/ros_ws/src/crazyswarm/launch) by extension 'ros'
[1.673s] Level 1:colcon.colcon_core.package_identification:_identify(crazyswarm2/ros_ws/src/crazyswarm/launch) by extensions ['cmake', 'python']
[1.673s] Level 1:colcon.colcon_core.package_identification:_identify(crazyswarm2/ros_ws/src/crazyswarm/launch) by extension 'cmake'
[1.673s] Level 1:colcon.colcon_core.package_identification:_identify(crazyswarm2/ros_ws/src/crazyswarm/launch) by extension 'python'
[1.673s] Level 1:colcon.colcon_core.package_identification:_identify(crazyswarm2/ros_ws/src/crazyswarm/launch) by extensions ['python_setup_py']
[1.673s] Level 1:colcon.colcon_core.package_identification:_identify(crazyswarm2/ros_ws/src/crazyswarm/launch) by extension 'python_setup_py'
[1.673s] Level 1:colcon.colcon_core.package_identification:_identify(crazyswarm2/ros_ws/src/crazyswarm/scripts) by extensions ['ignore', 'ignore_ament_install']
[1.673s] Level 1:colcon.colcon_core.package_identification:_identify(crazyswarm2/ros_ws/src/crazyswarm/scripts) by extension 'ignore'
[1.673s] Level 1:colcon.colcon_core.package_identification:_identify(crazyswarm2/ros_ws/src/crazyswarm/scripts) by extension 'ignore_ament_install'
[1.673s] Level 1:colcon.colcon_core.package_identification:_identify(crazyswarm2/ros_ws/src/crazyswarm/scripts) by extensions ['colcon_pkg']
[1.673s] Level 1:colcon.colcon_core.package_identification:_identify(crazyswarm2/ros_ws/src/crazyswarm/scripts) by extension 'colcon_pkg'
[1.673s] Level 1:colcon.colcon_core.package_identification:_identify(crazyswarm2/ros_ws/src/crazyswarm/scripts) by extensions ['colcon_meta']
[1.673s] Level 1:colcon.colcon_core.package_identification:_identify(crazyswarm2/ros_ws/src/crazyswarm/scripts) by extension 'colcon_meta'
[1.673s] Level 1:colcon.colcon_core.package_identification:_identify(crazyswarm2/ros_ws/src/crazyswarm/scripts) by extensions ['ros']
[1.674s] Level 1:colcon.colcon_core.package_identification:_identify(crazyswarm2/ros_ws/src/crazyswarm/scripts) by extension 'ros'
[1.674s] Level 1:colcon.colcon_core.package_identification:_identify(crazyswarm2/ros_ws/src/crazyswarm/scripts) by extensions ['cmake', 'python']
[1.674s] Level 1:colcon.colcon_core.package_identification:_identify(crazyswarm2/ros_ws/src/crazyswarm/scripts) by extension 'cmake'
[1.674s] Level 1:colcon.colcon_core.package_identification:_identify(crazyswarm2/ros_ws/src/crazyswarm/scripts) by extension 'python'
[1.674s] Level 1:colcon.colcon_core.package_identification:_identify(crazyswarm2/ros_ws/src/crazyswarm/scripts) by extensions ['python_setup_py']
[1.674s] Level 1:colcon.colcon_core.package_identification:_identify(crazyswarm2/ros_ws/src/crazyswarm/scripts) by extension 'python_setup_py'
[1.674s] Level 1:colcon.colcon_core.package_identification:_identify(crazyswarm2/ros_ws/src/crazyswarm/scripts/crossing2_pps) by extensions ['ignore', 'ignore_ament_install']
[1.674s] Level 1:colcon.colcon_core.package_identification:_identify(crazyswarm2/ros_ws/src/crazyswarm/scripts/crossing2_pps) by extension 'ignore'
[1.674s] Level 1:colcon.colcon_core.package_identification:_identify(crazyswarm2/ros_ws/src/crazyswarm/scripts/crossing2_pps) by extension 'ignore_ament_install'
[1.674s] Level 1:colcon.colcon_core.package_identification:_identify(crazyswarm2/ros_ws/src/crazyswarm/scripts/crossing2_pps) by extensions ['colcon_pkg']
[1.674s] Level 1:colcon.colcon_core.package_identification:_identify(crazyswarm2/ros_ws/src/crazyswarm/scripts/crossing2_pps) by extension 'colcon_pkg'
[1.674s] Level 1:colcon.colcon_core.package_identification:_identify(crazyswarm2/ros_ws/src/crazyswarm/scripts/crossing2_pps) by extensions ['colcon_meta']
[1.674s] Level 1:colcon.colcon_core.package_identification:_identify(crazyswarm2/ros_ws/src/crazyswarm/scripts/crossing2_pps) by extension 'colcon_meta'
[1.675s] Level 1:colcon.colcon_core.package_identification:_identify(crazyswarm2/ros_ws/src/crazyswarm/scripts/crossing2_pps) by extensions ['ros']
[1.675s] Level 1:colcon.colcon_core.package_identification:_identify(crazyswarm2/ros_ws/src/crazyswarm/scripts/crossing2_pps) by extension 'ros'
[1.675s] Level 1:colcon.colcon_core.package_identification:_identify(crazyswarm2/ros_ws/src/crazyswarm/scripts/crossing2_pps) by extensions ['cmake', 'python']
[1.675s] Level 1:colcon.colcon_core.package_identification:_identify(crazyswarm2/ros_ws/src/crazyswarm/scripts/crossing2_pps) by extension 'cmake'
[1.675s] Level 1:colcon.colcon_core.package_identification:_identify(crazyswarm2/ros_ws/src/crazyswarm/scripts/crossing2_pps) by extension 'python'
[1.675s] Level 1:colcon.colcon_core.package_identification:_identify(crazyswarm2/ros_ws/src/crazyswarm/scripts/crossing2_pps) by extensions ['python_setup_py']
[1.675s] Level 1:colcon.colcon_core.package_identification:_identify(crazyswarm2/ros_ws/src/crazyswarm/scripts/crossing2_pps) by extension 'python_setup_py'
[1.675s] Level 1:colcon.colcon_core.package_identification:_identify(crazyswarm2/ros_ws/src/crazyswarm/scripts/crossing4_pps) by extensions ['ignore', 'ignore_ament_install']
[1.675s] Level 1:colcon.colcon_core.package_identification:_identify(crazyswarm2/ros_ws/src/crazyswarm/scripts/crossing4_pps) by extension 'ignore'
[1.675s] Level 1:colcon.colcon_core.package_identification:_identify(crazyswarm2/ros_ws/src/crazyswarm/scripts/crossing4_pps) by extension 'ignore_ament_install'
[1.675s] Level 1:colcon.colcon_core.package_identification:_identify(crazyswarm2/ros_ws/src/crazyswarm/scripts/crossing4_pps) by extensions ['colcon_pkg']
[1.675s] Level 1:colcon.colcon_core.package_identification:_identify(crazyswarm2/ros_ws/src/crazyswarm/scripts/crossing4_pps) by extension 'colcon_pkg'
[1.675s] Level 1:colcon.colcon_core.package_identification:_identify(crazyswarm2/ros_ws/src/crazyswarm/scripts/crossing4_pps) by extensions ['colcon_meta']
[1.675s] Level 1:colcon.colcon_core.package_identification:_identify(crazyswarm2/ros_ws/src/crazyswarm/scripts/crossing4_pps) by extension 'colcon_meta'
[1.676s] Level 1:colcon.colcon_core.package_identification:_identify(crazyswarm2/ros_ws/src/crazyswarm/scripts/crossing4_pps) by extensions ['ros']
[1.676s] Level 1:colcon.colcon_core.package_identification:_identify(crazyswarm2/ros_ws/src/crazyswarm/scripts/crossing4_pps) by extension 'ros'
[1.676s] Level 1:colcon.colcon_core.package_identification:_identify(crazyswarm2/ros_ws/src/crazyswarm/scripts/crossing4_pps) by extensions ['cmake', 'python']
[1.676s] Level 1:colcon.colcon_core.package_identification:_identify(crazyswarm2/ros_ws/src/crazyswarm/scripts/crossing4_pps) by extension 'cmake'
[1.676s] Level 1:colcon.colcon_core.package_identification:_identify(crazyswarm2/ros_ws/src/crazyswarm/scripts/crossing4_pps) by extension 'python'
[1.676s] Level 1:colcon.colcon_core.package_identification:_identify(crazyswarm2/ros_ws/src/crazyswarm/scripts/crossing4_pps) by extensions ['python_setup_py']
[1.676s] Level 1:colcon.colcon_core.package_identification:_identify(crazyswarm2/ros_ws/src/crazyswarm/scripts/crossing4_pps) by extension 'python_setup_py'
[1.676s] Level 1:colcon.colcon_core.package_identification:_identify(crazyswarm2/ros_ws/src/crazyswarm/scripts/sequence_trajectories) by extensions ['ignore', 'ignore_ament_install']
[1.676s] Level 1:colcon.colcon_core.package_identification:_identify(crazyswarm2/ros_ws/src/crazyswarm/scripts/sequence_trajectories) by extension 'ignore'
[1.676s] Level 1:colcon.colcon_core.package_identification:_identify(crazyswarm2/ros_ws/src/crazyswarm/scripts/sequence_trajectories) by extension 'ignore_ament_install'
[1.676s] Level 1:colcon.colcon_core.package_identification:_identify(crazyswarm2/ros_ws/src/crazyswarm/scripts/sequence_trajectories) by extensions ['colcon_pkg']
[1.676s] Level 1:colcon.colcon_core.package_identification:_identify(crazyswarm2/ros_ws/src/crazyswarm/scripts/sequence_trajectories) by extension 'colcon_pkg'
[1.676s] Level 1:colcon.colcon_core.package_identification:_identify(crazyswarm2/ros_ws/src/crazyswarm/scripts/sequence_trajectories) by extensions ['colcon_meta']
[1.677s] Level 1:colcon.colcon_core.package_identification:_identify(crazyswarm2/ros_ws/src/crazyswarm/scripts/sequence_trajectories) by extension 'colcon_meta'
[1.677s] Level 1:colcon.colcon_core.package_identification:_identify(crazyswarm2/ros_ws/src/crazyswarm/scripts/sequence_trajectories) by extensions ['ros']
[1.677s] Level 1:colcon.colcon_core.package_identification:_identify(crazyswarm2/ros_ws/src/crazyswarm/scripts/sequence_trajectories) by extension 'ros'
[1.677s] Level 1:colcon.colcon_core.package_identification:_identify(crazyswarm2/ros_ws/src/crazyswarm/scripts/sequence_trajectories) by extensions ['cmake', 'python']
[1.677s] Level 1:colcon.colcon_core.package_identification:_identify(crazyswarm2/ros_ws/src/crazyswarm/scripts/sequence_trajectories) by extension 'cmake'
[1.677s] Level 1:colcon.colcon_core.package_identification:_identify(crazyswarm2/ros_ws/src/crazyswarm/scripts/sequence_trajectories) by extension 'python'
[1.677s] Level 1:colcon.colcon_core.package_identification:_identify(crazyswarm2/ros_ws/src/crazyswarm/scripts/sequence_trajectories) by extensions ['python_setup_py']
[1.677s] Level 1:colcon.colcon_core.package_identification:_identify(crazyswarm2/ros_ws/src/crazyswarm/scripts/sequence_trajectories) by extension 'python_setup_py'
[1.677s] Level 1:colcon.colcon_core.package_identification:_identify(crazyswarm2/ros_ws/src/crazyswarm/scripts/sequence_trajectories/1) by extensions ['ignore', 'ignore_ament_install']
[1.677s] Level 1:colcon.colcon_core.package_identification:_identify(crazyswarm2/ros_ws/src/crazyswarm/scripts/sequence_trajectories/1) by extension 'ignore'
[1.677s] Level 1:colcon.colcon_core.package_identification:_identify(crazyswarm2/ros_ws/src/crazyswarm/scripts/sequence_trajectories/1) by extension 'ignore_ament_install'
[1.677s] Level 1:colcon.colcon_core.package_identification:_identify(crazyswarm2/ros_ws/src/crazyswarm/scripts/sequence_trajectories/1) by extensions ['colcon_pkg']
[1.677s] Level 1:colcon.colcon_core.package_identification:_identify(crazyswarm2/ros_ws/src/crazyswarm/scripts/sequence_trajectories/1) by extension 'colcon_pkg'
[1.678s] Level 1:colcon.colcon_core.package_identification:_identify(crazyswarm2/ros_ws/src/crazyswarm/scripts/sequence_trajectories/1) by extensions ['colcon_meta']
[1.678s] Level 1:colcon.colcon_core.package_identification:_identify(crazyswarm2/ros_ws/src/crazyswarm/scripts/sequence_trajectories/1) by extension 'colcon_meta'
[1.678s] Level 1:colcon.colcon_core.package_identification:_identify(crazyswarm2/ros_ws/src/crazyswarm/scripts/sequence_trajectories/1) by extensions ['ros']
[1.678s] Level 1:colcon.colcon_core.package_identification:_identify(crazyswarm2/ros_ws/src/crazyswarm/scripts/sequence_trajectories/1) by extension 'ros'
[1.678s] Level 1:colcon.colcon_core.package_identification:_identify(crazyswarm2/ros_ws/src/crazyswarm/scripts/sequence_trajectories/1) by extensions ['cmake', 'python']
[1.678s] Level 1:colcon.colcon_core.package_identification:_identify(crazyswarm2/ros_ws/src/crazyswarm/scripts/sequence_trajectories/1) by extension 'cmake'
[1.678s] Level 1:colcon.colcon_core.package_identification:_identify(crazyswarm2/ros_ws/src/crazyswarm/scripts/sequence_trajectories/1) by extension 'python'
[1.678s] Level 1:colcon.colcon_core.package_identification:_identify(crazyswarm2/ros_ws/src/crazyswarm/scripts/sequence_trajectories/1) by extensions ['python_setup_py']
[1.678s] Level 1:colcon.colcon_core.package_identification:_identify(crazyswarm2/ros_ws/src/crazyswarm/scripts/sequence_trajectories/1) by extension 'python_setup_py'
[1.678s] Level 1:colcon.colcon_core.package_identification:_identify(crazyswarm2/ros_ws/src/crazyswarm/scripts/sequence_trajectories/2) by extensions ['ignore', 'ignore_ament_install']
[1.678s] Level 1:colcon.colcon_core.package_identification:_identify(crazyswarm2/ros_ws/src/crazyswarm/scripts/sequence_trajectories/2) by extension 'ignore'
[1.678s] Level 1:colcon.colcon_core.package_identification:_identify(crazyswarm2/ros_ws/src/crazyswarm/scripts/sequence_trajectories/2) by extension 'ignore_ament_install'
[1.678s] Level 1:colcon.colcon_core.package_identification:_identify(crazyswarm2/ros_ws/src/crazyswarm/scripts/sequence_trajectories/2) by extensions ['colcon_pkg']
[1.679s] Level 1:colcon.colcon_core.package_identification:_identify(crazyswarm2/ros_ws/src/crazyswarm/scripts/sequence_trajectories/2) by extension 'colcon_pkg'
[1.679s] Level 1:colcon.colcon_core.package_identification:_identify(crazyswarm2/ros_ws/src/crazyswarm/scripts/sequence_trajectories/2) by extensions ['colcon_meta']
[1.679s] Level 1:colcon.colcon_core.package_identification:_identify(crazyswarm2/ros_ws/src/crazyswarm/scripts/sequence_trajectories/2) by extension 'colcon_meta'
[1.679s] Level 1:colcon.colcon_core.package_identification:_identify(crazyswarm2/ros_ws/src/crazyswarm/scripts/sequence_trajectories/2) by extensions ['ros']
[1.679s] Level 1:colcon.colcon_core.package_identification:_identify(crazyswarm2/ros_ws/src/crazyswarm/scripts/sequence_trajectories/2) by extension 'ros'
[1.679s] Level 1:colcon.colcon_core.package_identification:_identify(crazyswarm2/ros_ws/src/crazyswarm/scripts/sequence_trajectories/2) by extensions ['cmake', 'python']
[1.679s] Level 1:colcon.colcon_core.package_identification:_identify(crazyswarm2/ros_ws/src/crazyswarm/scripts/sequence_trajectories/2) by extension 'cmake'
[1.679s] Level 1:colcon.colcon_core.package_identification:_identify(crazyswarm2/ros_ws/src/crazyswarm/scripts/sequence_trajectories/2) by extension 'python'
[1.679s] Level 1:colcon.colcon_core.package_identification:_identify(crazyswarm2/ros_ws/src/crazyswarm/scripts/sequence_trajectories/2) by extensions ['python_setup_py']
[1.679s] Level 1:colcon.colcon_core.package_identification:_identify(crazyswarm2/ros_ws/src/crazyswarm/scripts/sequence_trajectories/2) by extension 'python_setup_py'
[1.679s] Level 1:colcon.colcon_core.package_identification:_identify(crazyswarm2/ros_ws/src/crazyswarm/scripts/sequence_trajectories/3) by extensions ['ignore', 'ignore_ament_install']
[1.679s] Level 1:colcon.colcon_core.package_identification:_identify(crazyswarm2/ros_ws/src/crazyswarm/scripts/sequence_trajectories/3) by extension 'ignore'
[1.679s] Level 1:colcon.colcon_core.package_identification:_identify(crazyswarm2/ros_ws/src/crazyswarm/scripts/sequence_trajectories/3) by extension 'ignore_ament_install'
[1.680s] Level 1:colcon.colcon_core.package_identification:_identify(crazyswarm2/ros_ws/src/crazyswarm/scripts/sequence_trajectories/3) by extensions ['colcon_pkg']
[1.680s] Level 1:colcon.colcon_core.package_identification:_identify(crazyswarm2/ros_ws/src/crazyswarm/scripts/sequence_trajectories/3) by extension 'colcon_pkg'
[1.680s] Level 1:colcon.colcon_core.package_identification:_identify(crazyswarm2/ros_ws/src/crazyswarm/scripts/sequence_trajectories/3) by extensions ['colcon_meta']
[1.680s] Level 1:colcon.colcon_core.package_identification:_identify(crazyswarm2/ros_ws/src/crazyswarm/scripts/sequence_trajectories/3) by extension 'colcon_meta'
[1.680s] Level 1:colcon.colcon_core.package_identification:_identify(crazyswarm2/ros_ws/src/crazyswarm/scripts/sequence_trajectories/3) by extensions ['ros']
[1.680s] Level 1:colcon.colcon_core.package_identification:_identify(crazyswarm2/ros_ws/src/crazyswarm/scripts/sequence_trajectories/3) by extension 'ros'
[1.680s] Level 1:colcon.colcon_core.package_identification:_identify(crazyswarm2/ros_ws/src/crazyswarm/scripts/sequence_trajectories/3) by extensions ['cmake', 'python']
[1.680s] Level 1:colcon.colcon_core.package_identification:_identify(crazyswarm2/ros_ws/src/crazyswarm/scripts/sequence_trajectories/3) by extension 'cmake'
[1.680s] Level 1:colcon.colcon_core.package_identification:_identify(crazyswarm2/ros_ws/src/crazyswarm/scripts/sequence_trajectories/3) by extension 'python'
[1.680s] Level 1:colcon.colcon_core.package_identification:_identify(crazyswarm2/ros_ws/src/crazyswarm/scripts/sequence_trajectories/3) by extensions ['python_setup_py']
[1.680s] Level 1:colcon.colcon_core.package_identification:_identify(crazyswarm2/ros_ws/src/crazyswarm/scripts/sequence_trajectories/3) by extension 'python_setup_py'
[1.680s] Level 1:colcon.colcon_core.package_identification:_identify(crazyswarm2/ros_ws/src/crazyswarm/scripts/sequence_trajectories/4) by extensions ['ignore', 'ignore_ament_install']
[1.680s] Level 1:colcon.colcon_core.package_identification:_identify(crazyswarm2/ros_ws/src/crazyswarm/scripts/sequence_trajectories/4) by extension 'ignore'
[1.681s] Level 1:colcon.colcon_core.package_identification:_identify(crazyswarm2/ros_ws/src/crazyswarm/scripts/sequence_trajectories/4) by extension 'ignore_ament_install'
[1.681s] Level 1:colcon.colcon_core.package_identification:_identify(crazyswarm2/ros_ws/src/crazyswarm/scripts/sequence_trajectories/4) by extensions ['colcon_pkg']
[1.681s] Level 1:colcon.colcon_core.package_identification:_identify(crazyswarm2/ros_ws/src/crazyswarm/scripts/sequence_trajectories/4) by extension 'colcon_pkg'
[1.681s] Level 1:colcon.colcon_core.package_identification:_identify(crazyswarm2/ros_ws/src/crazyswarm/scripts/sequence_trajectories/4) by extensions ['colcon_meta']
[1.681s] Level 1:colcon.colcon_core.package_identification:_identify(crazyswarm2/ros_ws/src/crazyswarm/scripts/sequence_trajectories/4) by extension 'colcon_meta'
[1.681s] Level 1:colcon.colcon_core.package_identification:_identify(crazyswarm2/ros_ws/src/crazyswarm/scripts/sequence_trajectories/4) by extensions ['ros']
[1.681s] Level 1:colcon.colcon_core.package_identification:_identify(crazyswarm2/ros_ws/src/crazyswarm/scripts/sequence_trajectories/4) by extension 'ros'
[1.681s] Level 1:colcon.colcon_core.package_identification:_identify(crazyswarm2/ros_ws/src/crazyswarm/scripts/sequence_trajectories/4) by extensions ['cmake', 'python']
[1.681s] Level 1:colcon.colcon_core.package_identification:_identify(crazyswarm2/ros_ws/src/crazyswarm/scripts/sequence_trajectories/4) by extension 'cmake'
[1.681s] Level 1:colcon.colcon_core.package_identification:_identify(crazyswarm2/ros_ws/src/crazyswarm/scripts/sequence_trajectories/4) by extension 'python'
[1.681s] Level 1:colcon.colcon_core.package_identification:_identify(crazyswarm2/ros_ws/src/crazyswarm/scripts/sequence_trajectories/4) by extensions ['python_setup_py']
[1.681s] Level 1:colcon.colcon_core.package_identification:_identify(crazyswarm2/ros_ws/src/crazyswarm/scripts/sequence_trajectories/4) by extension 'python_setup_py'
[1.681s] Level 1:colcon.colcon_core.package_identification:_identify(crazyswarm2/ros_ws/src/crazyswarm/scripts/sequence_trajectories/5) by extensions ['ignore', 'ignore_ament_install']
[1.682s] Level 1:colcon.colcon_core.package_identification:_identify(crazyswarm2/ros_ws/src/crazyswarm/scripts/sequence_trajectories/5) by extension 'ignore'
[1.682s] Level 1:colcon.colcon_core.package_identification:_identify(crazyswarm2/ros_ws/src/crazyswarm/scripts/sequence_trajectories/5) by extension 'ignore_ament_install'
[1.682s] Level 1:colcon.colcon_core.package_identification:_identify(crazyswarm2/ros_ws/src/crazyswarm/scripts/sequence_trajectories/5) by extensions ['colcon_pkg']
[1.682s] Level 1:colcon.colcon_core.package_identification:_identify(crazyswarm2/ros_ws/src/crazyswarm/scripts/sequence_trajectories/5) by extension 'colcon_pkg'
[1.682s] Level 1:colcon.colcon_core.package_identification:_identify(crazyswarm2/ros_ws/src/crazyswarm/scripts/sequence_trajectories/5) by extensions ['colcon_meta']
[1.682s] Level 1:colcon.colcon_core.package_identification:_identify(crazyswarm2/ros_ws/src/crazyswarm/scripts/sequence_trajectories/5) by extension 'colcon_meta'
[1.682s] Level 1:colcon.colcon_core.package_identification:_identify(crazyswarm2/ros_ws/src/crazyswarm/scripts/sequence_trajectories/5) by extensions ['ros']
[1.682s] Level 1:colcon.colcon_core.package_identification:_identify(crazyswarm2/ros_ws/src/crazyswarm/scripts/sequence_trajectories/5) by extension 'ros'
[1.682s] Level 1:colcon.colcon_core.package_identification:_identify(crazyswarm2/ros_ws/src/crazyswarm/scripts/sequence_trajectories/5) by extensions ['cmake', 'python']
[1.682s] Level 1:colcon.colcon_core.package_identification:_identify(crazyswarm2/ros_ws/src/crazyswarm/scripts/sequence_trajectories/5) by extension 'cmake'
[1.682s] Level 1:colcon.colcon_core.package_identification:_identify(crazyswarm2/ros_ws/src/crazyswarm/scripts/sequence_trajectories/5) by extension 'python'
[1.682s] Level 1:colcon.colcon_core.package_identification:_identify(crazyswarm2/ros_ws/src/crazyswarm/scripts/sequence_trajectories/5) by extensions ['python_setup_py']
[1.682s] Level 1:colcon.colcon_core.package_identification:_identify(crazyswarm2/ros_ws/src/crazyswarm/scripts/sequence_trajectories/5) by extension 'python_setup_py'
[1.683s] Level 1:colcon.colcon_core.package_identification:_identify(crazyswarm2/ros_ws/src/crazyswarm/scripts/sequence_trajectories/6) by extensions ['ignore', 'ignore_ament_install']
[1.683s] Level 1:colcon.colcon_core.package_identification:_identify(crazyswarm2/ros_ws/src/crazyswarm/scripts/sequence_trajectories/6) by extension 'ignore'
[1.683s] Level 1:colcon.colcon_core.package_identification:_identify(crazyswarm2/ros_ws/src/crazyswarm/scripts/sequence_trajectories/6) by extension 'ignore_ament_install'
[1.683s] Level 1:colcon.colcon_core.package_identification:_identify(crazyswarm2/ros_ws/src/crazyswarm/scripts/sequence_trajectories/6) by extensions ['colcon_pkg']
[1.683s] Level 1:colcon.colcon_core.package_identification:_identify(crazyswarm2/ros_ws/src/crazyswarm/scripts/sequence_trajectories/6) by extension 'colcon_pkg'
[1.683s] Level 1:colcon.colcon_core.package_identification:_identify(crazyswarm2/ros_ws/src/crazyswarm/scripts/sequence_trajectories/6) by extensions ['colcon_meta']
[1.683s] Level 1:colcon.colcon_core.package_identification:_identify(crazyswarm2/ros_ws/src/crazyswarm/scripts/sequence_trajectories/6) by extension 'colcon_meta'
[1.683s] Level 1:colcon.colcon_core.package_identification:_identify(crazyswarm2/ros_ws/src/crazyswarm/scripts/sequence_trajectories/6) by extensions ['ros']
[1.683s] Level 1:colcon.colcon_core.package_identification:_identify(crazyswarm2/ros_ws/src/crazyswarm/scripts/sequence_trajectories/6) by extension 'ros'
[1.683s] Level 1:colcon.colcon_core.package_identification:_identify(crazyswarm2/ros_ws/src/crazyswarm/scripts/sequence_trajectories/6) by extensions ['cmake', 'python']
[1.683s] Level 1:colcon.colcon_core.package_identification:_identify(crazyswarm2/ros_ws/src/crazyswarm/scripts/sequence_trajectories/6) by extension 'cmake'
[1.683s] Level 1:colcon.colcon_core.package_identification:_identify(crazyswarm2/ros_ws/src/crazyswarm/scripts/sequence_trajectories/6) by extension 'python'
[1.683s] Level 1:colcon.colcon_core.package_identification:_identify(crazyswarm2/ros_ws/src/crazyswarm/scripts/sequence_trajectories/6) by extensions ['python_setup_py']
[1.683s] Level 1:colcon.colcon_core.package_identification:_identify(crazyswarm2/ros_ws/src/crazyswarm/scripts/sequence_trajectories/6) by extension 'python_setup_py'
[1.684s] Level 1:colcon.colcon_core.package_identification:_identify(crazyswarm2/ros_ws/src/crazyswarm/scripts/sequence_trajectories/7) by extensions ['ignore', 'ignore_ament_install']
[1.684s] Level 1:colcon.colcon_core.package_identification:_identify(crazyswarm2/ros_ws/src/crazyswarm/scripts/sequence_trajectories/7) by extension 'ignore'
[1.684s] Level 1:colcon.colcon_core.package_identification:_identify(crazyswarm2/ros_ws/src/crazyswarm/scripts/sequence_trajectories/7) by extension 'ignore_ament_install'
[1.684s] Level 1:colcon.colcon_core.package_identification:_identify(crazyswarm2/ros_ws/src/crazyswarm/scripts/sequence_trajectories/7) by extensions ['colcon_pkg']
[1.684s] Level 1:colcon.colcon_core.package_identification:_identify(crazyswarm2/ros_ws/src/crazyswarm/scripts/sequence_trajectories/7) by extension 'colcon_pkg'
[1.684s] Level 1:colcon.colcon_core.package_identification:_identify(crazyswarm2/ros_ws/src/crazyswarm/scripts/sequence_trajectories/7) by extensions ['colcon_meta']
[1.684s] Level 1:colcon.colcon_core.package_identification:_identify(crazyswarm2/ros_ws/src/crazyswarm/scripts/sequence_trajectories/7) by extension 'colcon_meta'
[1.684s] Level 1:colcon.colcon_core.package_identification:_identify(crazyswarm2/ros_ws/src/crazyswarm/scripts/sequence_trajectories/7) by extensions ['ros']
[1.684s] Level 1:colcon.colcon_core.package_identification:_identify(crazyswarm2/ros_ws/src/crazyswarm/scripts/sequence_trajectories/7) by extension 'ros'
[1.684s] Level 1:colcon.colcon_core.package_identification:_identify(crazyswarm2/ros_ws/src/crazyswarm/scripts/sequence_trajectories/7) by extensions ['cmake', 'python']
[1.684s] Level 1:colcon.colcon_core.package_identification:_identify(crazyswarm2/ros_ws/src/crazyswarm/scripts/sequence_trajectories/7) by extension 'cmake'
[1.684s] Level 1:colcon.colcon_core.package_identification:_identify(crazyswarm2/ros_ws/src/crazyswarm/scripts/sequence_trajectories/7) by extension 'python'
[1.684s] Level 1:colcon.colcon_core.package_identification:_identify(crazyswarm2/ros_ws/src/crazyswarm/scripts/sequence_trajectories/7) by extensions ['python_setup_py']
[1.684s] Level 1:colcon.colcon_core.package_identification:_identify(crazyswarm2/ros_ws/src/crazyswarm/scripts/sequence_trajectories/7) by extension 'python_setup_py'
[1.685s] Level 1:colcon.colcon_core.package_identification:_identify(crazyswarm2/ros_ws/src/crazyswarm/scripts/swap6v_pps) by extensions ['ignore', 'ignore_ament_install']
[1.685s] Level 1:colcon.colcon_core.package_identification:_identify(crazyswarm2/ros_ws/src/crazyswarm/scripts/swap6v_pps) by extension 'ignore'
[1.685s] Level 1:colcon.colcon_core.package_identification:_identify(crazyswarm2/ros_ws/src/crazyswarm/scripts/swap6v_pps) by extension 'ignore_ament_install'
[1.685s] Level 1:colcon.colcon_core.package_identification:_identify(crazyswarm2/ros_ws/src/crazyswarm/scripts/swap6v_pps) by extensions ['colcon_pkg']
[1.685s] Level 1:colcon.colcon_core.package_identification:_identify(crazyswarm2/ros_ws/src/crazyswarm/scripts/swap6v_pps) by extension 'colcon_pkg'
[1.685s] Level 1:colcon.colcon_core.package_identification:_identify(crazyswarm2/ros_ws/src/crazyswarm/scripts/swap6v_pps) by extensions ['colcon_meta']
[1.685s] Level 1:colcon.colcon_core.package_identification:_identify(crazyswarm2/ros_ws/src/crazyswarm/scripts/swap6v_pps) by extension 'colcon_meta'
[1.685s] Level 1:colcon.colcon_core.package_identification:_identify(crazyswarm2/ros_ws/src/crazyswarm/scripts/swap6v_pps) by extensions ['ros']
[1.685s] Level 1:colcon.colcon_core.package_identification:_identify(crazyswarm2/ros_ws/src/crazyswarm/scripts/swap6v_pps) by extension 'ros'
[1.685s] Level 1:colcon.colcon_core.package_identification:_identify(crazyswarm2/ros_ws/src/crazyswarm/scripts/swap6v_pps) by extensions ['cmake', 'python']
[1.685s] Level 1:colcon.colcon_core.package_identification:_identify(crazyswarm2/ros_ws/src/crazyswarm/scripts/swap6v_pps) by extension 'cmake'
[1.685s] Level 1:colcon.colcon_core.package_identification:_identify(crazyswarm2/ros_ws/src/crazyswarm/scripts/swap6v_pps) by extension 'python'
[1.685s] Level 1:colcon.colcon_core.package_identification:_identify(crazyswarm2/ros_ws/src/crazyswarm/scripts/swap6v_pps) by extensions ['python_setup_py']
[1.686s] Level 1:colcon.colcon_core.package_identification:_identify(crazyswarm2/ros_ws/src/crazyswarm/scripts/swap6v_pps) by extension 'python_setup_py'
[1.686s] Level 1:colcon.colcon_core.package_identification:_identify(crazyswarm2/systemtests) by extensions ['ignore', 'ignore_ament_install']
[1.686s] Level 1:colcon.colcon_core.package_identification:_identify(crazyswarm2/systemtests) by extension 'ignore'
[1.686s] Level 1:colcon.colcon_core.package_identification:_identify(crazyswarm2/systemtests) by extension 'ignore_ament_install'
[1.686s] Level 1:colcon.colcon_core.package_identification:_identify(crazyswarm2/systemtests) by extensions ['colcon_pkg']
[1.686s] Level 1:colcon.colcon_core.package_identification:_identify(crazyswarm2/systemtests) by extension 'colcon_pkg'
[1.686s] Level 1:colcon.colcon_core.package_identification:_identify(crazyswarm2/systemtests) by extensions ['colcon_meta']
[1.686s] Level 1:colcon.colcon_core.package_identification:_identify(crazyswarm2/systemtests) by extension 'colcon_meta'
[1.686s] Level 1:colcon.colcon_core.package_identification:_identify(crazyswarm2/systemtests) by extensions ['ros']
[1.686s] Level 1:colcon.colcon_core.package_identification:_identify(crazyswarm2/systemtests) by extension 'ros'
[1.686s] Level 1:colcon.colcon_core.package_identification:_identify(crazyswarm2/systemtests) by extensions ['cmake', 'python']
[1.686s] Level 1:colcon.colcon_core.package_identification:_identify(crazyswarm2/systemtests) by extension 'cmake'
[1.686s] Level 1:colcon.colcon_core.package_identification:_identify(crazyswarm2/systemtests) by extension 'python'
[1.686s] Level 1:colcon.colcon_core.package_identification:_identify(crazyswarm2/systemtests) by extensions ['python_setup_py']
[1.687s] Level 1:colcon.colcon_core.package_identification:_identify(crazyswarm2/systemtests) by extension 'python_setup_py'
[1.687s] Level 1:colcon.colcon_core.package_identification:_identify(install) by extensions ['ignore', 'ignore_ament_install']
[1.687s] Level 1:colcon.colcon_core.package_identification:_identify(install) by extension 'ignore'
[1.687s] Level 1:colcon.colcon_core.package_identification:_identify(install) ignored
[1.687s] Level 1:colcon.colcon_core.package_identification:_identify(log) by extensions ['ignore', 'ignore_ament_install']
[1.687s] Level 1:colcon.colcon_core.package_identification:_identify(log) by extension 'ignore'
[1.687s] Level 1:colcon.colcon_core.package_identification:_identify(log) ignored
[1.687s] Level 1:colcon.colcon_core.package_identification:_identify(motion_capture_tracking) by extensions ['ignore', 'ignore_ament_install']
[1.688s] Level 1:colcon.colcon_core.package_identification:_identify(motion_capture_tracking) by extension 'ignore'
[1.688s] Level 1:colcon.colcon_core.package_identification:_identify(motion_capture_tracking) by extension 'ignore_ament_install'
[1.688s] Level 1:colcon.colcon_core.package_identification:_identify(motion_capture_tracking) by extensions ['colcon_pkg']
[1.688s] Level 1:colcon.colcon_core.package_identification:_identify(motion_capture_tracking) by extension 'colcon_pkg'
[1.688s] Level 1:colcon.colcon_core.package_identification:_identify(motion_capture_tracking) by extensions ['colcon_meta']
[1.688s] Level 1:colcon.colcon_core.package_identification:_identify(motion_capture_tracking) by extension 'colcon_meta'
[1.688s] Level 1:colcon.colcon_core.package_identification:_identify(motion_capture_tracking) by extensions ['ros']
[1.688s] Level 1:colcon.colcon_core.package_identification:_identify(motion_capture_tracking) by extension 'ros'
[1.688s] Level 1:colcon.colcon_core.package_identification:_identify(motion_capture_tracking) by extensions ['cmake', 'python']
[1.688s] Level 1:colcon.colcon_core.package_identification:_identify(motion_capture_tracking) by extension 'cmake'
[1.688s] Level 1:colcon.colcon_core.package_identification:_identify(motion_capture_tracking) by extension 'python'
[1.688s] Level 1:colcon.colcon_core.package_identification:_identify(motion_capture_tracking) by extensions ['python_setup_py']
[1.688s] Level 1:colcon.colcon_core.package_identification:_identify(motion_capture_tracking) by extension 'python_setup_py'
[1.688s] Level 1:colcon.colcon_core.package_identification:_identify(motion_capture_tracking/motion_capture_tracking) by extensions ['ignore', 'ignore_ament_install']
[1.689s] Level 1:colcon.colcon_core.package_identification:_identify(motion_capture_tracking/motion_capture_tracking) by extension 'ignore'
[1.689s] Level 1:colcon.colcon_core.package_identification:_identify(motion_capture_tracking/motion_capture_tracking) by extension 'ignore_ament_install'
[1.689s] Level 1:colcon.colcon_core.package_identification:_identify(motion_capture_tracking/motion_capture_tracking) by extensions ['colcon_pkg']
[1.689s] Level 1:colcon.colcon_core.package_identification:_identify(motion_capture_tracking/motion_capture_tracking) by extension 'colcon_pkg'
[1.689s] Level 1:colcon.colcon_core.package_identification:_identify(motion_capture_tracking/motion_capture_tracking) by extensions ['colcon_meta']
[1.689s] Level 1:colcon.colcon_core.package_identification:_identify(motion_capture_tracking/motion_capture_tracking) by extension 'colcon_meta'
[1.689s] Level 1:colcon.colcon_core.package_identification:_identify(motion_capture_tracking/motion_capture_tracking) by extensions ['ros']
[1.689s] Level 1:colcon.colcon_core.package_identification:_identify(motion_capture_tracking/motion_capture_tracking) by extension 'ros'
[1.690s] DEBUG:colcon.colcon_core.package_identification:Package 'motion_capture_tracking/motion_capture_tracking' with type 'ros.ament_cmake' and name 'motion_capture_tracking'
[1.690s] Level 1:colcon.colcon_core.package_identification:_identify(motion_capture_tracking/motion_capture_tracking_interfaces) by extensions ['ignore', 'ignore_ament_install']
[1.690s] Level 1:colcon.colcon_core.package_identification:_identify(motion_capture_tracking/motion_capture_tracking_interfaces) by extension 'ignore'
[1.690s] Level 1:colcon.colcon_core.package_identification:_identify(motion_capture_tracking/motion_capture_tracking_interfaces) by extension 'ignore_ament_install'
[1.690s] Level 1:colcon.colcon_core.package_identification:_identify(motion_capture_tracking/motion_capture_tracking_interfaces) by extensions ['colcon_pkg']
[1.690s] Level 1:colcon.colcon_core.package_identification:_identify(motion_capture_tracking/motion_capture_tracking_interfaces) by extension 'colcon_pkg'
[1.691s] Level 1:colcon.colcon_core.package_identification:_identify(motion_capture_tracking/motion_capture_tracking_interfaces) by extensions ['colcon_meta']
[1.691s] Level 1:colcon.colcon_core.package_identification:_identify(motion_capture_tracking/motion_capture_tracking_interfaces) by extension 'colcon_meta'
[1.691s] Level 1:colcon.colcon_core.package_identification:_identify(motion_capture_tracking/motion_capture_tracking_interfaces) by extensions ['ros']
[1.691s] Level 1:colcon.colcon_core.package_identification:_identify(motion_capture_tracking/motion_capture_tracking_interfaces) by extension 'ros'
[1.691s] DEBUG:colcon.colcon_core.package_identification:Package 'motion_capture_tracking/motion_capture_tracking_interfaces' with type 'ros.ament_cmake' and name 'motion_capture_tracking_interfaces'
[1.691s] Level 1:colcon.colcon_core.package_discovery:discover_packages(recursive) using defaults
[1.692s] Level 1:colcon.colcon_core.package_discovery:discover_packages(ignore) discover
[1.692s] Level 1:colcon.colcon_core.package_discovery:discover_packages(ignore) using defaults
[1.692s] Level 1:colcon.colcon_core.package_discovery:discover_packages(path) discover
[1.692s] Level 1:colcon.colcon_core.package_discovery:discover_packages(path) using defaults
[1.825s] Level 1:colcon.colcon_core.package_discovery:discover_packages(prefix_path) check parameters
[1.825s] Level 1:colcon.colcon_core.package_discovery:discover_packages(prefix_path) discover
[1.869s] DEBUG:colcon.colcon_installed_package_information.package_discovery:Found 7 installed packages in /home/abd/exp_ws/src/install
[1.892s] DEBUG:colcon.colcon_installed_package_information.package_discovery:Found 303 installed packages in /opt/ros/humble
[1.906s] Level 1:colcon.colcon_core.package_discovery:discover_packages(prefix_path) using defaults
[2.039s] Level 5:colcon.colcon_core.verb:set package 'crazyflie_interfaces' build argument 'cmake_args' from command line to 'None'
[2.039s] Level 5:colcon.colcon_core.verb:set package 'crazyflie_interfaces' build argument 'cmake_target' from command line to 'None'
[2.039s] Level 5:colcon.colcon_core.verb:set package 'crazyflie_interfaces' build argument 'cmake_target_skip_unavailable' from command line to 'False'
[2.039s] Level 5:colcon.colcon_core.verb:set package 'crazyflie_interfaces' build argument 'cmake_clean_cache' from command line to 'False'
[2.039s] Level 5:colcon.colcon_core.verb:set package 'crazyflie_interfaces' build argument 'cmake_clean_first' from command line to 'False'
[2.039s] Level 5:colcon.colcon_core.verb:set package 'crazyflie_interfaces' build argument 'cmake_force_configure' from command line to 'False'
[2.039s] Level 5:colcon.colcon_core.verb:set package 'crazyflie_interfaces' build argument 'ament_cmake_args' from command line to 'None'
[2.039s] Level 5:colcon.colcon_core.verb:set package 'crazyflie_interfaces' build argument 'catkin_cmake_args' from command line to 'None'
[2.039s] Level 5:colcon.colcon_core.verb:set package 'crazyflie_interfaces' build argument 'catkin_skip_building_tests' from command line to 'False'
[2.039s] DEBUG:colcon.colcon_core.verb:Building package 'crazyflie_interfaces' with the following arguments: {'ament_cmake_args': None, 'build_base': '/home/abd/exp_ws/src/build/crazyflie_interfaces', 'catkin_cmake_args': None, 'catkin_skip_building_tests': False, 'cmake_args': None, 'cmake_clean_cache': False, 'cmake_clean_first': False, 'cmake_force_configure': False, 'cmake_target': None, 'cmake_target_skip_unavailable': False, 'install_base': '/home/abd/exp_ws/src/install/crazyflie_interfaces', 'merge_install': False, 'path': '/home/abd/exp_ws/src/crazyswarm2/crazyflie_interfaces', 'symlink_install': False, 'test_result_base': None}
[2.060s] Level 5:colcon.colcon_core.verb:set package 'motion_capture_tracking_interfaces' build argument 'cmake_args' from command line to 'None'
[2.060s] Level 5:colcon.colcon_core.verb:set package 'motion_capture_tracking_interfaces' build argument 'cmake_target' from command line to 'None'
[2.060s] Level 5:colcon.colcon_core.verb:set package 'motion_capture_tracking_interfaces' build argument 'cmake_target_skip_unavailable' from command line to 'False'
[2.060s] Level 5:colcon.colcon_core.verb:set package 'motion_capture_tracking_interfaces' build argument 'cmake_clean_cache' from command line to 'False'
[2.060s] Level 5:colcon.colcon_core.verb:set package 'motion_capture_tracking_interfaces' build argument 'cmake_clean_first' from command line to 'False'
[2.060s] Level 5:colcon.colcon_core.verb:set package 'motion_capture_tracking_interfaces' build argument 'cmake_force_configure' from command line to 'False'
[2.061s] Level 5:colcon.colcon_core.verb:set package 'motion_capture_tracking_interfaces' build argument 'ament_cmake_args' from command line to 'None'
[2.061s] Level 5:colcon.colcon_core.verb:set package 'motion_capture_tracking_interfaces' build argument 'catkin_cmake_args' from command line to 'None'
[2.061s] Level 5:colcon.colcon_core.verb:set package 'motion_capture_tracking_interfaces' build argument 'catkin_skip_building_tests' from command line to 'False'
[2.061s] DEBUG:colcon.colcon_core.verb:Building package 'motion_capture_tracking_interfaces' with the following arguments: {'ament_cmake_args': None, 'build_base': '/home/abd/exp_ws/src/build/motion_capture_tracking_interfaces', 'catkin_cmake_args': None, 'catkin_skip_building_tests': False, 'cmake_args': None, 'cmake_clean_cache': False, 'cmake_clean_first': False, 'cmake_force_configure': False, 'cmake_target': None, 'cmake_target_skip_unavailable': False, 'install_base': '/home/abd/exp_ws/src/install/motion_capture_tracking_interfaces', 'merge_install': False, 'path': '/home/abd/exp_ws/src/motion_capture_tracking/motion_capture_tracking_interfaces', 'symlink_install': False, 'test_result_base': None}
[2.082s] Level 5:colcon.colcon_core.verb:set package 'crazyflie' build argument 'cmake_args' from command line to 'None'
[2.082s] Level 5:colcon.colcon_core.verb:set package 'crazyflie' build argument 'cmake_target' from command line to 'None'
[2.082s] Level 5:colcon.colcon_core.verb:set package 'crazyflie' build argument 'cmake_target_skip_unavailable' from command line to 'False'
[2.082s] Level 5:colcon.colcon_core.verb:set package 'crazyflie' build argument 'cmake_clean_cache' from command line to 'False'
[2.082s] Level 5:colcon.colcon_core.verb:set package 'crazyflie' build argument 'cmake_clean_first' from command line to 'False'
[2.082s] Level 5:colcon.colcon_core.verb:set package 'crazyflie' build argument 'cmake_force_configure' from command line to 'False'
[2.082s] Level 5:colcon.colcon_core.verb:set package 'crazyflie' build argument 'ament_cmake_args' from command line to 'None'
[2.082s] Level 5:colcon.colcon_core.verb:set package 'crazyflie' build argument 'catkin_cmake_args' from command line to 'None'
[2.082s] Level 5:colcon.colcon_core.verb:set package 'crazyflie' build argument 'catkin_skip_building_tests' from command line to 'False'
[2.082s] DEBUG:colcon.colcon_core.verb:Building package 'crazyflie' with the following arguments: {'ament_cmake_args': None, 'build_base': '/home/abd/exp_ws/src/build/crazyflie', 'catkin_cmake_args': None, 'catkin_skip_building_tests': False, 'cmake_args': None, 'cmake_clean_cache': False, 'cmake_clean_first': False, 'cmake_force_configure': False, 'cmake_target': None, 'cmake_target_skip_unavailable': False, 'install_base': '/home/abd/exp_ws/src/install/crazyflie', 'merge_install': False, 'path': '/home/abd/exp_ws/src/crazyswarm2/crazyflie', 'symlink_install': False, 'test_result_base': None}
[2.103s] Level 5:colcon.colcon_core.verb:set package 'crazyflie_py' build argument 'cmake_args' from command line to 'None'
[2.103s] Level 5:colcon.colcon_core.verb:set package 'crazyflie_py' build argument 'cmake_target' from command line to 'None'
[2.103s] Level 5:colcon.colcon_core.verb:set package 'crazyflie_py' build argument 'cmake_target_skip_unavailable' from command line to 'False'
[2.104s] Level 5:colcon.colcon_core.verb:set package 'crazyflie_py' build argument 'cmake_clean_cache' from command line to 'False'
[2.104s] Level 5:colcon.colcon_core.verb:set package 'crazyflie_py' build argument 'cmake_clean_first' from command line to 'False'
[2.104s] Level 5:colcon.colcon_core.verb:set package 'crazyflie_py' build argument 'cmake_force_configure' from command line to 'False'
[2.104s] Level 5:colcon.colcon_core.verb:set package 'crazyflie_py' build argument 'ament_cmake_args' from command line to 'None'
[2.104s] Level 5:colcon.colcon_core.verb:set package 'crazyflie_py' build argument 'catkin_cmake_args' from command line to 'None'
[2.104s] Level 5:colcon.colcon_core.verb:set package 'crazyflie_py' build argument 'catkin_skip_building_tests' from command line to 'False'
[2.104s] DEBUG:colcon.colcon_core.verb:Building package 'crazyflie_py' with the following arguments: {'ament_cmake_args': None, 'build_base': '/home/abd/exp_ws/src/build/crazyflie_py', 'catkin_cmake_args': None, 'catkin_skip_building_tests': False, 'cmake_args': None, 'cmake_clean_cache': False, 'cmake_clean_first': False, 'cmake_force_configure': False, 'cmake_target': None, 'cmake_target_skip_unavailable': False, 'install_base': '/home/abd/exp_ws/src/install/crazyflie_py', 'merge_install': False, 'path': '/home/abd/exp_ws/src/crazyswarm2/crazyflie_py', 'symlink_install': False, 'test_result_base': None}
[2.125s] Level 5:colcon.colcon_core.verb:set package 'crazyflie_sim' build argument 'cmake_args' from command line to 'None'
[2.125s] Level 5:colcon.colcon_core.verb:set package 'crazyflie_sim' build argument 'cmake_target' from command line to 'None'
[2.125s] Level 5:colcon.colcon_core.verb:set package 'crazyflie_sim' build argument 'cmake_target_skip_unavailable' from command line to 'False'
[2.125s] Level 5:colcon.colcon_core.verb:set package 'crazyflie_sim' build argument 'cmake_clean_cache' from command line to 'False'
[2.125s] Level 5:colcon.colcon_core.verb:set package 'crazyflie_sim' build argument 'cmake_clean_first' from command line to 'False'
[2.125s] Level 5:colcon.colcon_core.verb:set package 'crazyflie_sim' build argument 'cmake_force_configure' from command line to 'False'
[2.125s] Level 5:colcon.colcon_core.verb:set package 'crazyflie_sim' build argument 'ament_cmake_args' from command line to 'None'
[2.125s] Level 5:colcon.colcon_core.verb:set package 'crazyflie_sim' build argument 'catkin_cmake_args' from command line to 'None'
[2.125s] Level 5:colcon.colcon_core.verb:set package 'crazyflie_sim' build argument 'catkin_skip_building_tests' from command line to 'False'
[2.125s] DEBUG:colcon.colcon_core.verb:Building package 'crazyflie_sim' with the following arguments: {'ament_cmake_args': None, 'build_base': '/home/abd/exp_ws/src/build/crazyflie_sim', 'catkin_cmake_args': None, 'catkin_skip_building_tests': False, 'cmake_args': None, 'cmake_clean_cache': False, 'cmake_clean_first': False, 'cmake_force_configure': False, 'cmake_target': None, 'cmake_target_skip_unavailable': False, 'install_base': '/home/abd/exp_ws/src/install/crazyflie_sim', 'merge_install': False, 'path': '/home/abd/exp_ws/src/crazyswarm2/crazyflie_sim', 'symlink_install': False, 'test_result_base': None}
[2.147s] Level 5:colcon.colcon_core.verb:set package 'motion_capture_tracking' build argument 'cmake_args' from command line to 'None'
[2.147s] Level 5:colcon.colcon_core.verb:set package 'motion_capture_tracking' build argument 'cmake_target' from command line to 'None'
[2.147s] Level 5:colcon.colcon_core.verb:set package 'motion_capture_tracking' build argument 'cmake_target_skip_unavailable' from command line to 'False'
[2.147s] Level 5:colcon.colcon_core.verb:set package 'motion_capture_tracking' build argument 'cmake_clean_cache' from command line to 'False'
[2.147s] Level 5:colcon.colcon_core.verb:set package 'motion_capture_tracking' build argument 'cmake_clean_first' from command line to 'False'
[2.147s] Level 5:colcon.colcon_core.verb:set package 'motion_capture_tracking' build argument 'cmake_force_configure' from command line to 'False'
[2.147s] Level 5:colcon.colcon_core.verb:set package 'motion_capture_tracking' build argument 'ament_cmake_args' from command line to 'None'
[2.147s] Level 5:colcon.colcon_core.verb:set package 'motion_capture_tracking' build argument 'catkin_cmake_args' from command line to 'None'
[2.147s] Level 5:colcon.colcon_core.verb:set package 'motion_capture_tracking' build argument 'catkin_skip_building_tests' from command line to 'False'
[2.147s] DEBUG:colcon.colcon_core.verb:Building package 'motion_capture_tracking' with the following arguments: {'ament_cmake_args': None, 'build_base': '/home/abd/exp_ws/src/build/motion_capture_tracking', 'catkin_cmake_args': None, 'catkin_skip_building_tests': False, 'cmake_args': None, 'cmake_clean_cache': False, 'cmake_clean_first': False, 'cmake_force_configure': False, 'cmake_target': None, 'cmake_target_skip_unavailable': False, 'install_base': '/home/abd/exp_ws/src/install/motion_capture_tracking', 'merge_install': False, 'path': '/home/abd/exp_ws/src/motion_capture_tracking/motion_capture_tracking', 'symlink_install': False, 'test_result_base': None}
[2.171s] Level 5:colcon.colcon_core.verb:set package 'crazyflie_examples' build argument 'cmake_args' from command line to 'None'
[2.171s] Level 5:colcon.colcon_core.verb:set package 'crazyflie_examples' build argument 'cmake_target' from command line to 'None'
[2.171s] Level 5:colcon.colcon_core.verb:set package 'crazyflie_examples' build argument 'cmake_target_skip_unavailable' from command line to 'False'
[2.171s] Level 5:colcon.colcon_core.verb:set package 'crazyflie_examples' build argument 'cmake_clean_cache' from command line to 'False'
[2.171s] Level 5:colcon.colcon_core.verb:set package 'crazyflie_examples' build argument 'cmake_clean_first' from command line to 'False'
[2.171s] Level 5:colcon.colcon_core.verb:set package 'crazyflie_examples' build argument 'cmake_force_configure' from command line to 'False'
[2.171s] Level 5:colcon.colcon_core.verb:set package 'crazyflie_examples' build argument 'ament_cmake_args' from command line to 'None'
[2.171s] Level 5:colcon.colcon_core.verb:set package 'crazyflie_examples' build argument 'catkin_cmake_args' from command line to 'None'
[2.171s] Level 5:colcon.colcon_core.verb:set package 'crazyflie_examples' build argument 'catkin_skip_building_tests' from command line to 'False'
[2.171s] DEBUG:colcon.colcon_core.verb:Building package 'crazyflie_examples' with the following arguments: {'ament_cmake_args': None, 'build_base': '/home/abd/exp_ws/src/build/crazyflie_examples', 'catkin_cmake_args': None, 'catkin_skip_building_tests': False, 'cmake_args': None, 'cmake_clean_cache': False, 'cmake_clean_first': False, 'cmake_force_configure': False, 'cmake_target': None, 'cmake_target_skip_unavailable': False, 'install_base': '/home/abd/exp_ws/src/install/crazyflie_examples', 'merge_install': False, 'path': '/home/abd/exp_ws/src/crazyswarm2/crazyflie_examples', 'symlink_install': False, 'test_result_base': None}
[2.193s] INFO:colcon.colcon_core.executor:Executing jobs using 'parallel' executor
[2.215s] DEBUG:colcon.colcon_parallel_executor.executor.parallel:run_until_complete
[2.216s] INFO:colcon.colcon_ros.task.ament_cmake.build:Building ROS package in '/home/abd/exp_ws/src/crazyswarm2/crazyflie_interfaces' with build type 'ament_cmake'
[2.216s] INFO:colcon.colcon_cmake.task.cmake.build:Building CMake package in '/home/abd/exp_ws/src/crazyswarm2/crazyflie_interfaces'
[2.242s] INFO:colcon.colcon_core.plugin_system:Skipping extension 'colcon_core.shell.bat': Not used on non-Windows systems
[2.242s] INFO:colcon.colcon_core.shell:Skip shell extension 'powershell' for command environment: Not usable outside of PowerShell
[2.243s] DEBUG:colcon.colcon_core.shell:Skip shell extension 'dsv' for command environment
[2.315s] INFO:colcon.colcon_ros.task.ament_cmake.build:Building ROS package in '/home/abd/exp_ws/src/motion_capture_tracking/motion_capture_tracking_interfaces' with build type 'ament_cmake'
[2.316s] INFO:colcon.colcon_cmake.task.cmake.build:Building CMake package in '/home/abd/exp_ws/src/motion_capture_tracking/motion_capture_tracking_interfaces'
[2.339s] INFO:colcon.colcon_core.shell:Skip shell extension 'powershell' for command environment: Not usable outside of PowerShell
[2.339s] DEBUG:colcon.colcon_core.shell:Skip shell extension 'dsv' for command environment
[2.419s] DEBUG:colcon.colcon_core.event_handler.log_command:Invoking command in '/home/abd/exp_ws/src/build/crazyflie_interfaces': CMAKE_PREFIX_PATH=${CMAKE_PREFIX_PATH}:/home/abd/exp_ws/src/install/crazyflie_py:/opt/ros/humble /usr/bin/cmake --build /home/abd/exp_ws/src/build/crazyflie_interfaces -- -j12 -l12
[2.426s] DEBUG:colcon.colcon_core.event_handler.log_command:Invoking command in '/home/abd/exp_ws/src/build/motion_capture_tracking_interfaces': CMAKE_PREFIX_PATH=${CMAKE_PREFIX_PATH}:/home/abd/exp_ws/src/install/crazyflie_py:/opt/ros/humble /usr/bin/cmake --build /home/abd/exp_ws/src/build/motion_capture_tracking_interfaces -- -j12 -l12
[3.055s] DEBUG:colcon.colcon_core.event_handler.log_command:Invoked command in '/home/abd/exp_ws/src/build/motion_capture_tracking_interfaces' returned '0': CMAKE_PREFIX_PATH=${CMAKE_PREFIX_PATH}:/home/abd/exp_ws/src/install/crazyflie_py:/opt/ros/humble /usr/bin/cmake --build /home/abd/exp_ws/src/build/motion_capture_tracking_interfaces -- -j12 -l12
[3.057s] DEBUG:colcon.colcon_core.event_handler.log_command:Invoked command in '/home/abd/exp_ws/src/build/crazyflie_interfaces' returned '0': CMAKE_PREFIX_PATH=${CMAKE_PREFIX_PATH}:/home/abd/exp_ws/src/install/crazyflie_py:/opt/ros/humble /usr/bin/cmake --build /home/abd/exp_ws/src/build/crazyflie_interfaces -- -j12 -l12
[3.251s] DEBUG:colcon.colcon_core.event_handler.log_command:Invoking command in '/home/abd/exp_ws/src/build/motion_capture_tracking_interfaces': CMAKE_PREFIX_PATH=${CMAKE_PREFIX_PATH}:/home/abd/exp_ws/src/install/crazyflie_py:/opt/ros/humble /usr/bin/cmake --install /home/abd/exp_ws/src/build/motion_capture_tracking_interfaces
[3.356s] Level 1:colcon.colcon_core.environment:create_environment_scripts_only(motion_capture_tracking_interfaces)
[3.356s] DEBUG:colcon.colcon_core.event_handler.log_command:Invoked command in '/home/abd/exp_ws/src/build/motion_capture_tracking_interfaces' returned '0': CMAKE_PREFIX_PATH=${CMAKE_PREFIX_PATH}:/home/abd/exp_ws/src/install/crazyflie_py:/opt/ros/humble /usr/bin/cmake --install /home/abd/exp_ws/src/build/motion_capture_tracking_interfaces
[3.382s] Level 1:colcon.colcon_core.environment:checking '/home/abd/exp_ws/src/install/motion_capture_tracking_interfaces' for CMake module files
[3.383s] Level 1:colcon.colcon_core.environment:checking '/home/abd/exp_ws/src/install/motion_capture_tracking_interfaces' for CMake config files
[3.384s] Level 1:colcon.colcon_core.shell:create_environment_hook('motion_capture_tracking_interfaces', 'cmake_prefix_path')
[3.406s] INFO:colcon.colcon_core.shell:Creating environment hook '/home/abd/exp_ws/src/install/motion_capture_tracking_interfaces/share/motion_capture_tracking_interfaces/hook/cmake_prefix_path.ps1'
[3.407s] INFO:colcon.colcon_core.shell:Creating environment descriptor '/home/abd/exp_ws/src/install/motion_capture_tracking_interfaces/share/motion_capture_tracking_interfaces/hook/cmake_prefix_path.dsv'
[3.408s] INFO:colcon.colcon_core.shell:Creating environment hook '/home/abd/exp_ws/src/install/motion_capture_tracking_interfaces/share/motion_capture_tracking_interfaces/hook/cmake_prefix_path.sh'
[3.409s] Level 1:colcon.colcon_core.environment:checking '/home/abd/exp_ws/src/install/motion_capture_tracking_interfaces/lib'
[3.409s] Level 1:colcon.colcon_core.shell:create_environment_hook('motion_capture_tracking_interfaces', 'ld_library_path_lib')
[3.431s] INFO:colcon.colcon_core.shell:Creating environment hook '/home/abd/exp_ws/src/install/motion_capture_tracking_interfaces/share/motion_capture_tracking_interfaces/hook/ld_library_path_lib.ps1'
[3.432s] INFO:colcon.colcon_core.shell:Creating environment descriptor '/home/abd/exp_ws/src/install/motion_capture_tracking_interfaces/share/motion_capture_tracking_interfaces/hook/ld_library_path_lib.dsv'
[3.432s] INFO:colcon.colcon_core.shell:Creating environment hook '/home/abd/exp_ws/src/install/motion_capture_tracking_interfaces/share/motion_capture_tracking_interfaces/hook/ld_library_path_lib.sh'
[3.433s] Level 1:colcon.colcon_core.environment:checking '/home/abd/exp_ws/src/install/motion_capture_tracking_interfaces/bin'
[3.433s] Level 1:colcon.colcon_core.environment:checking '/home/abd/exp_ws/src/install/motion_capture_tracking_interfaces/lib/pkgconfig/motion_capture_tracking_interfaces.pc'
[3.433s] Level 1:colcon.colcon_core.environment:checking '/home/abd/exp_ws/src/install/motion_capture_tracking_interfaces/lib/python3.10/site-packages'
[3.433s] Level 1:colcon.colcon_core.environment:checking '/home/abd/exp_ws/src/install/motion_capture_tracking_interfaces/bin'
[3.457s] INFO:colcon.colcon_core.shell:Creating package script '/home/abd/exp_ws/src/install/motion_capture_tracking_interfaces/share/motion_capture_tracking_interfaces/package.ps1'
[3.458s] INFO:colcon.colcon_core.shell:Creating package descriptor '/home/abd/exp_ws/src/install/motion_capture_tracking_interfaces/share/motion_capture_tracking_interfaces/package.dsv'
[3.459s] INFO:colcon.colcon_core.shell:Creating package script '/home/abd/exp_ws/src/install/motion_capture_tracking_interfaces/share/motion_capture_tracking_interfaces/package.sh'
[3.460s] INFO:colcon.colcon_core.shell:Creating package script '/home/abd/exp_ws/src/install/motion_capture_tracking_interfaces/share/motion_capture_tracking_interfaces/package.bash'
[3.461s] INFO:colcon.colcon_core.shell:Creating package script '/home/abd/exp_ws/src/install/motion_capture_tracking_interfaces/share/motion_capture_tracking_interfaces/package.zsh'
[3.462s] Level 1:colcon.colcon_core.environment:create_file_with_runtime_dependencies(/home/abd/exp_ws/src/install/motion_capture_tracking_interfaces/share/colcon-core/packages/motion_capture_tracking_interfaces)
[3.627s] Level 1:colcon.colcon_core.environment:create_environment_scripts_only(motion_capture_tracking_interfaces)
[3.648s] Level 1:colcon.colcon_core.environment:checking '/home/abd/exp_ws/src/install/motion_capture_tracking_interfaces' for CMake module files
[3.649s] Level 1:colcon.colcon_core.environment:checking '/home/abd/exp_ws/src/install/motion_capture_tracking_interfaces' for CMake config files
[3.650s] Level 1:colcon.colcon_core.shell:create_environment_hook('motion_capture_tracking_interfaces', 'cmake_prefix_path')
[3.671s] INFO:colcon.colcon_core.shell:Creating environment hook '/home/abd/exp_ws/src/install/motion_capture_tracking_interfaces/share/motion_capture_tracking_interfaces/hook/cmake_prefix_path.ps1'
[3.671s] INFO:colcon.colcon_core.shell:Creating environment descriptor '/home/abd/exp_ws/src/install/motion_capture_tracking_interfaces/share/motion_capture_tracking_interfaces/hook/cmake_prefix_path.dsv'
[3.672s] INFO:colcon.colcon_core.shell:Creating environment hook '/home/abd/exp_ws/src/install/motion_capture_tracking_interfaces/share/motion_capture_tracking_interfaces/hook/cmake_prefix_path.sh'
[3.673s] Level 1:colcon.colcon_core.environment:checking '/home/abd/exp_ws/src/install/motion_capture_tracking_interfaces/lib'
[3.673s] Level 1:colcon.colcon_core.shell:create_environment_hook('motion_capture_tracking_interfaces', 'ld_library_path_lib')
[3.693s] INFO:colcon.colcon_core.shell:Creating environment hook '/home/abd/exp_ws/src/install/motion_capture_tracking_interfaces/share/motion_capture_tracking_interfaces/hook/ld_library_path_lib.ps1'
[3.694s] INFO:colcon.colcon_core.shell:Creating environment descriptor '/home/abd/exp_ws/src/install/motion_capture_tracking_interfaces/share/motion_capture_tracking_interfaces/hook/ld_library_path_lib.dsv'
[3.694s] INFO:colcon.colcon_core.shell:Creating environment hook '/home/abd/exp_ws/src/install/motion_capture_tracking_interfaces/share/motion_capture_tracking_interfaces/hook/ld_library_path_lib.sh'
[3.695s] Level 1:colcon.colcon_core.environment:checking '/home/abd/exp_ws/src/install/motion_capture_tracking_interfaces/bin'
[3.695s] Level 1:colcon.colcon_core.environment:checking '/home/abd/exp_ws/src/install/motion_capture_tracking_interfaces/lib/pkgconfig/motion_capture_tracking_interfaces.pc'
[3.695s] Level 1:colcon.colcon_core.environment:checking '/home/abd/exp_ws/src/install/motion_capture_tracking_interfaces/lib/python3.10/site-packages'
[3.695s] Level 1:colcon.colcon_core.environment:checking '/home/abd/exp_ws/src/install/motion_capture_tracking_interfaces/bin'
[3.717s] INFO:colcon.colcon_core.shell:Creating package script '/home/abd/exp_ws/src/install/motion_capture_tracking_interfaces/share/motion_capture_tracking_interfaces/package.ps1'
[3.717s] INFO:colcon.colcon_core.shell:Creating package descriptor '/home/abd/exp_ws/src/install/motion_capture_tracking_interfaces/share/motion_capture_tracking_interfaces/package.dsv'
[3.718s] INFO:colcon.colcon_core.shell:Creating package script '/home/abd/exp_ws/src/install/motion_capture_tracking_interfaces/share/motion_capture_tracking_interfaces/package.sh'
[3.718s] INFO:colcon.colcon_core.shell:Creating package script '/home/abd/exp_ws/src/install/motion_capture_tracking_interfaces/share/motion_capture_tracking_interfaces/package.bash'
[3.719s] INFO:colcon.colcon_core.shell:Creating package script '/home/abd/exp_ws/src/install/motion_capture_tracking_interfaces/share/motion_capture_tracking_interfaces/package.zsh'
[3.719s] Level 1:colcon.colcon_core.environment:create_file_with_runtime_dependencies(/home/abd/exp_ws/src/install/motion_capture_tracking_interfaces/share/colcon-core/packages/motion_capture_tracking_interfaces)
[3.720s] INFO:colcon.colcon_ros.task.ament_cmake.build:Building ROS package in '/home/abd/exp_ws/src/motion_capture_tracking/motion_capture_tracking' with build type 'ament_cmake'
[3.720s] INFO:colcon.colcon_cmake.task.cmake.build:Building CMake package in '/home/abd/exp_ws/src/motion_capture_tracking/motion_capture_tracking'
[3.743s] INFO:colcon.colcon_core.shell:Skip shell extension 'powershell' for command environment: Not usable outside of PowerShell
[3.743s] DEBUG:colcon.colcon_core.shell:Skip shell extension 'dsv' for command environment
[3.829s] DEBUG:colcon.colcon_core.event_handler.log_command:Invoking command in '/home/abd/exp_ws/src/build/motion_capture_tracking': CMAKE_PREFIX_PATH=/home/abd/exp_ws/src/install/motion_capture_tracking_interfaces:/home/abd/exp_ws/src/install/motion_capture_tracking:/home/abd/exp_ws/src/install/crazyflie:/home/abd/exp_ws/src/install/crazyflie_sim:/home/abd/exp_ws/src/install/crazyflie_examples:/home/abd/exp_ws/src/install/crazyflie_interfaces:/home/abd/exp_ws/src/install/crazyflie_py:/opt/ros/humble /usr/bin/cmake --build /home/abd/exp_ws/src/build/motion_capture_tracking -- -j12 -l12
[3.850s] DEBUG:colcon.colcon_core.event_handler.log_command:Invoking command in '/home/abd/exp_ws/src/build/crazyflie_interfaces': CMAKE_PREFIX_PATH=${CMAKE_PREFIX_PATH}:/home/abd/exp_ws/src/install/crazyflie_py:/opt/ros/humble /usr/bin/cmake --install /home/abd/exp_ws/src/build/crazyflie_interfaces
[4.008s] Level 1:colcon.colcon_core.environment:create_environment_scripts_only(crazyflie_interfaces)
[4.009s] DEBUG:colcon.colcon_core.event_handler.log_command:Invoked command in '/home/abd/exp_ws/src/build/crazyflie_interfaces' returned '0': CMAKE_PREFIX_PATH=${CMAKE_PREFIX_PATH}:/home/abd/exp_ws/src/install/crazyflie_py:/opt/ros/humble /usr/bin/cmake --install /home/abd/exp_ws/src/build/crazyflie_interfaces
[4.031s] Level 1:colcon.colcon_core.environment:checking '/home/abd/exp_ws/src/install/crazyflie_interfaces' for CMake module files
[4.032s] Level 1:colcon.colcon_core.environment:checking '/home/abd/exp_ws/src/install/crazyflie_interfaces' for CMake config files
[4.033s] Level 1:colcon.colcon_core.shell:create_environment_hook('crazyflie_interfaces', 'cmake_prefix_path')
[4.057s] INFO:colcon.colcon_core.shell:Creating environment hook '/home/abd/exp_ws/src/install/crazyflie_interfaces/share/crazyflie_interfaces/hook/cmake_prefix_path.ps1'
[4.058s] INFO:colcon.colcon_core.shell:Creating environment descriptor '/home/abd/exp_ws/src/install/crazyflie_interfaces/share/crazyflie_interfaces/hook/cmake_prefix_path.dsv'
[4.058s] INFO:colcon.colcon_core.shell:Creating environment hook '/home/abd/exp_ws/src/install/crazyflie_interfaces/share/crazyflie_interfaces/hook/cmake_prefix_path.sh'
[4.059s] Level 1:colcon.colcon_core.environment:checking '/home/abd/exp_ws/src/install/crazyflie_interfaces/lib'
[4.059s] Level 1:colcon.colcon_core.shell:create_environment_hook('crazyflie_interfaces', 'ld_library_path_lib')
[4.082s] INFO:colcon.colcon_core.shell:Creating environment hook '/home/abd/exp_ws/src/install/crazyflie_interfaces/share/crazyflie_interfaces/hook/ld_library_path_lib.ps1'
[4.083s] INFO:colcon.colcon_core.shell:Creating environment descriptor '/home/abd/exp_ws/src/install/crazyflie_interfaces/share/crazyflie_interfaces/hook/ld_library_path_lib.dsv'
[4.083s] INFO:colcon.colcon_core.shell:Creating environment hook '/home/abd/exp_ws/src/install/crazyflie_interfaces/share/crazyflie_interfaces/hook/ld_library_path_lib.sh'
[4.084s] Level 1:colcon.colcon_core.environment:checking '/home/abd/exp_ws/src/install/crazyflie_interfaces/bin'
[4.084s] Level 1:colcon.colcon_core.environment:checking '/home/abd/exp_ws/src/install/crazyflie_interfaces/lib/pkgconfig/crazyflie_interfaces.pc'
[4.084s] Level 1:colcon.colcon_core.environment:checking '/home/abd/exp_ws/src/install/crazyflie_interfaces/lib/python3.10/site-packages'
[4.084s] Level 1:colcon.colcon_core.environment:checking '/home/abd/exp_ws/src/install/crazyflie_interfaces/bin'
[4.107s] INFO:colcon.colcon_core.shell:Creating package script '/home/abd/exp_ws/src/install/crazyflie_interfaces/share/crazyflie_interfaces/package.ps1'
[4.108s] INFO:colcon.colcon_core.shell:Creating package descriptor '/home/abd/exp_ws/src/install/crazyflie_interfaces/share/crazyflie_interfaces/package.dsv'
[4.109s] INFO:colcon.colcon_core.shell:Creating package script '/home/abd/exp_ws/src/install/crazyflie_interfaces/share/crazyflie_interfaces/package.sh'
[4.109s] INFO:colcon.colcon_core.shell:Creating package script '/home/abd/exp_ws/src/install/crazyflie_interfaces/share/crazyflie_interfaces/package.bash'
[4.110s] INFO:colcon.colcon_core.shell:Creating package script '/home/abd/exp_ws/src/install/crazyflie_interfaces/share/crazyflie_interfaces/package.zsh'
[4.110s] Level 1:colcon.colcon_core.environment:create_file_with_runtime_dependencies(/home/abd/exp_ws/src/install/crazyflie_interfaces/share/colcon-core/packages/crazyflie_interfaces)
[4.142s] DEBUG:colcon.colcon_core.event_handler.log_command:Invoked command in '/home/abd/exp_ws/src/build/motion_capture_tracking' returned '0': CMAKE_PREFIX_PATH=/home/abd/exp_ws/src/install/motion_capture_tracking_interfaces:/home/abd/exp_ws/src/install/motion_capture_tracking:/home/abd/exp_ws/src/install/crazyflie:/home/abd/exp_ws/src/install/crazyflie_sim:/home/abd/exp_ws/src/install/crazyflie_examples:/home/abd/exp_ws/src/install/crazyflie_interfaces:/home/abd/exp_ws/src/install/crazyflie_py:/opt/ros/humble /usr/bin/cmake --build /home/abd/exp_ws/src/build/motion_capture_tracking -- -j12 -l12
[4.240s] DEBUG:colcon.colcon_core.event_handler.log_command:Invoking command in '/home/abd/exp_ws/src/build/motion_capture_tracking': CMAKE_PREFIX_PATH=/home/abd/exp_ws/src/install/motion_capture_tracking_interfaces:/home/abd/exp_ws/src/install/motion_capture_tracking:/home/abd/exp_ws/src/install/crazyflie:/home/abd/exp_ws/src/install/crazyflie_sim:/home/abd/exp_ws/src/install/crazyflie_examples:/home/abd/exp_ws/src/install/crazyflie_interfaces:/home/abd/exp_ws/src/install/crazyflie_py:/opt/ros/humble /usr/bin/cmake --install /home/abd/exp_ws/src/build/motion_capture_tracking
[4.259s] Level 1:colcon.colcon_core.environment:create_environment_scripts_only(motion_capture_tracking)
[4.259s] DEBUG:colcon.colcon_core.event_handler.log_command:Invoked command in '/home/abd/exp_ws/src/build/motion_capture_tracking' returned '0': CMAKE_PREFIX_PATH=/home/abd/exp_ws/src/install/motion_capture_tracking_interfaces:/home/abd/exp_ws/src/install/motion_capture_tracking:/home/abd/exp_ws/src/install/crazyflie:/home/abd/exp_ws/src/install/crazyflie_sim:/home/abd/exp_ws/src/install/crazyflie_examples:/home/abd/exp_ws/src/install/crazyflie_interfaces:/home/abd/exp_ws/src/install/crazyflie_py:/opt/ros/humble /usr/bin/cmake --install /home/abd/exp_ws/src/build/motion_capture_tracking
[4.284s] Level 1:colcon.colcon_core.environment:checking '/home/abd/exp_ws/src/install/motion_capture_tracking' for CMake module files
[4.285s] Level 1:colcon.colcon_core.environment:checking '/home/abd/exp_ws/src/install/motion_capture_tracking' for CMake config files
[4.285s] Level 1:colcon.colcon_core.shell:create_environment_hook('motion_capture_tracking', 'cmake_prefix_path')
[4.306s] INFO:colcon.colcon_core.shell:Creating environment hook '/home/abd/exp_ws/src/install/motion_capture_tracking/share/motion_capture_tracking/hook/cmake_prefix_path.ps1'
[4.307s] INFO:colcon.colcon_core.shell:Creating environment descriptor '/home/abd/exp_ws/src/install/motion_capture_tracking/share/motion_capture_tracking/hook/cmake_prefix_path.dsv'
[4.307s] INFO:colcon.colcon_core.shell:Creating environment hook '/home/abd/exp_ws/src/install/motion_capture_tracking/share/motion_capture_tracking/hook/cmake_prefix_path.sh'
[4.308s] Level 1:colcon.colcon_core.environment:checking '/home/abd/exp_ws/src/install/motion_capture_tracking/lib'
[4.308s] Level 1:colcon.colcon_core.environment:checking '/home/abd/exp_ws/src/install/motion_capture_tracking/bin'
[4.308s] Level 1:colcon.colcon_core.environment:checking '/home/abd/exp_ws/src/install/motion_capture_tracking/lib/pkgconfig/motion_capture_tracking.pc'
[4.309s] Level 1:colcon.colcon_core.environment:checking '/home/abd/exp_ws/src/install/motion_capture_tracking/lib/python3.10/site-packages'
[4.309s] Level 1:colcon.colcon_core.environment:checking '/home/abd/exp_ws/src/install/motion_capture_tracking/bin'
[4.331s] INFO:colcon.colcon_core.shell:Creating package script '/home/abd/exp_ws/src/install/motion_capture_tracking/share/motion_capture_tracking/package.ps1'
[4.331s] INFO:colcon.colcon_core.shell:Creating package descriptor '/home/abd/exp_ws/src/install/motion_capture_tracking/share/motion_capture_tracking/package.dsv'
[4.332s] INFO:colcon.colcon_core.shell:Creating package script '/home/abd/exp_ws/src/install/motion_capture_tracking/share/motion_capture_tracking/package.sh'
[4.333s] INFO:colcon.colcon_core.shell:Creating package script '/home/abd/exp_ws/src/install/motion_capture_tracking/share/motion_capture_tracking/package.bash'
[4.333s] INFO:colcon.colcon_core.shell:Creating package script '/home/abd/exp_ws/src/install/motion_capture_tracking/share/motion_capture_tracking/package.zsh'
[4.334s] Level 1:colcon.colcon_core.environment:create_file_with_runtime_dependencies(/home/abd/exp_ws/src/install/motion_capture_tracking/share/colcon-core/packages/motion_capture_tracking)
[4.460s] Level 1:colcon.colcon_core.environment:create_environment_scripts_only(motion_capture_tracking)
[4.491s] Level 1:colcon.colcon_core.environment:checking '/home/abd/exp_ws/src/install/motion_capture_tracking' for CMake module files
[4.493s] Level 1:colcon.colcon_core.environment:checking '/home/abd/exp_ws/src/install/motion_capture_tracking' for CMake config files
[4.493s] Level 1:colcon.colcon_core.shell:create_environment_hook('motion_capture_tracking', 'cmake_prefix_path')
[4.521s] INFO:colcon.colcon_core.shell:Creating environment hook '/home/abd/exp_ws/src/install/motion_capture_tracking/share/motion_capture_tracking/hook/cmake_prefix_path.ps1'
[4.521s] INFO:colcon.colcon_core.shell:Creating environment descriptor '/home/abd/exp_ws/src/install/motion_capture_tracking/share/motion_capture_tracking/hook/cmake_prefix_path.dsv'
[4.522s] INFO:colcon.colcon_core.shell:Creating environment hook '/home/abd/exp_ws/src/install/motion_capture_tracking/share/motion_capture_tracking/hook/cmake_prefix_path.sh'
[4.523s] Level 1:colcon.colcon_core.environment:checking '/home/abd/exp_ws/src/install/motion_capture_tracking/lib'
[4.523s] Level 1:colcon.colcon_core.environment:checking '/home/abd/exp_ws/src/install/motion_capture_tracking/bin'
[4.523s] Level 1:colcon.colcon_core.environment:checking '/home/abd/exp_ws/src/install/motion_capture_tracking/lib/pkgconfig/motion_capture_tracking.pc'
[4.523s] Level 1:colcon.colcon_core.environment:checking '/home/abd/exp_ws/src/install/motion_capture_tracking/lib/python3.10/site-packages'
[4.524s] Level 1:colcon.colcon_core.environment:checking '/home/abd/exp_ws/src/install/motion_capture_tracking/bin'
[4.547s] INFO:colcon.colcon_core.shell:Creating package script '/home/abd/exp_ws/src/install/motion_capture_tracking/share/motion_capture_tracking/package.ps1'
[4.548s] INFO:colcon.colcon_core.shell:Creating package descriptor '/home/abd/exp_ws/src/install/motion_capture_tracking/share/motion_capture_tracking/package.dsv'
[4.548s] INFO:colcon.colcon_core.shell:Creating package script '/home/abd/exp_ws/src/install/motion_capture_tracking/share/motion_capture_tracking/package.sh'
[4.549s] INFO:colcon.colcon_core.shell:Creating package script '/home/abd/exp_ws/src/install/motion_capture_tracking/share/motion_capture_tracking/package.bash'
[4.549s] INFO:colcon.colcon_core.shell:Creating package script '/home/abd/exp_ws/src/install/motion_capture_tracking/share/motion_capture_tracking/package.zsh'
[4.550s] Level 1:colcon.colcon_core.environment:create_file_with_runtime_dependencies(/home/abd/exp_ws/src/install/motion_capture_tracking/share/colcon-core/packages/motion_capture_tracking)
[4.841s] Level 1:colcon.colcon_core.environment:create_environment_scripts_only(crazyflie_interfaces)
[4.868s] Level 1:colcon.colcon_core.environment:checking '/home/abd/exp_ws/src/install/crazyflie_interfaces' for CMake module files
[4.869s] Level 1:colcon.colcon_core.environment:checking '/home/abd/exp_ws/src/install/crazyflie_interfaces' for CMake config files
[4.870s] Level 1:colcon.colcon_core.shell:create_environment_hook('crazyflie_interfaces', 'cmake_prefix_path')
[4.894s] INFO:colcon.colcon_core.shell:Creating environment hook '/home/abd/exp_ws/src/install/crazyflie_interfaces/share/crazyflie_interfaces/hook/cmake_prefix_path.ps1'
[4.895s] INFO:colcon.colcon_core.shell:Creating environment descriptor '/home/abd/exp_ws/src/install/crazyflie_interfaces/share/crazyflie_interfaces/hook/cmake_prefix_path.dsv'
[4.896s] INFO:colcon.colcon_core.shell:Creating environment hook '/home/abd/exp_ws/src/install/crazyflie_interfaces/share/crazyflie_interfaces/hook/cmake_prefix_path.sh'
[4.897s] Level 1:colcon.colcon_core.environment:checking '/home/abd/exp_ws/src/install/crazyflie_interfaces/lib'
[4.897s] Level 1:colcon.colcon_core.shell:create_environment_hook('crazyflie_interfaces', 'ld_library_path_lib')
[4.929s] INFO:colcon.colcon_core.shell:Creating environment hook '/home/abd/exp_ws/src/install/crazyflie_interfaces/share/crazyflie_interfaces/hook/ld_library_path_lib.ps1'
[4.932s] INFO:colcon.colcon_core.shell:Creating environment descriptor '/home/abd/exp_ws/src/install/crazyflie_interfaces/share/crazyflie_interfaces/hook/ld_library_path_lib.dsv'
[4.932s] INFO:colcon.colcon_core.shell:Creating environment hook '/home/abd/exp_ws/src/install/crazyflie_interfaces/share/crazyflie_interfaces/hook/ld_library_path_lib.sh'
[4.933s] Level 1:colcon.colcon_core.environment:checking '/home/abd/exp_ws/src/install/crazyflie_interfaces/bin'
[4.933s] Level 1:colcon.colcon_core.environment:checking '/home/abd/exp_ws/src/install/crazyflie_interfaces/lib/pkgconfig/crazyflie_interfaces.pc'
[4.934s] Level 1:colcon.colcon_core.environment:checking '/home/abd/exp_ws/src/install/crazyflie_interfaces/lib/python3.10/site-packages'
[4.934s] Level 1:colcon.colcon_core.environment:checking '/home/abd/exp_ws/src/install/crazyflie_interfaces/bin'
[4.960s] INFO:colcon.colcon_core.shell:Creating package script '/home/abd/exp_ws/src/install/crazyflie_interfaces/share/crazyflie_interfaces/package.ps1'
[4.961s] INFO:colcon.colcon_core.shell:Creating package descriptor '/home/abd/exp_ws/src/install/crazyflie_interfaces/share/crazyflie_interfaces/package.dsv'
[4.962s] INFO:colcon.colcon_core.shell:Creating package script '/home/abd/exp_ws/src/install/crazyflie_interfaces/share/crazyflie_interfaces/package.sh'
[4.962s] INFO:colcon.colcon_core.shell:Creating package script '/home/abd/exp_ws/src/install/crazyflie_interfaces/share/crazyflie_interfaces/package.bash'
[4.963s] INFO:colcon.colcon_core.shell:Creating package script '/home/abd/exp_ws/src/install/crazyflie_interfaces/share/crazyflie_interfaces/package.zsh'
[4.963s] Level 1:colcon.colcon_core.environment:create_file_with_runtime_dependencies(/home/abd/exp_ws/src/install/crazyflie_interfaces/share/colcon-core/packages/crazyflie_interfaces)
[4.964s] INFO:colcon.colcon_ros.task.ament_python.build:Building ROS package in '/home/abd/exp_ws/src/crazyswarm2/crazyflie_py' with build type 'ament_python'
[4.964s] Level 1:colcon.colcon_core.shell:create_environment_hook('crazyflie_py', 'ament_prefix_path')
[4.987s] INFO:colcon.colcon_core.shell:Creating environment hook '/home/abd/exp_ws/src/install/crazyflie_py/share/crazyflie_py/hook/ament_prefix_path.ps1'
[4.988s] INFO:colcon.colcon_core.shell:Creating environment descriptor '/home/abd/exp_ws/src/install/crazyflie_py/share/crazyflie_py/hook/ament_prefix_path.dsv'
[4.988s] INFO:colcon.colcon_core.shell:Creating environment hook '/home/abd/exp_ws/src/install/crazyflie_py/share/crazyflie_py/hook/ament_prefix_path.sh'
[5.012s] INFO:colcon.colcon_core.shell:Skip shell extension 'powershell' for command environment: Not usable outside of PowerShell
[5.012s] DEBUG:colcon.colcon_core.shell:Skip shell extension 'dsv' for command environment
[5.082s] INFO:colcon.colcon_ros.task.ament_cmake.build:Building ROS package in '/home/abd/exp_ws/src/crazyswarm2/crazyflie' with build type 'ament_cmake'
[5.082s] INFO:colcon.colcon_cmake.task.cmake.build:Building CMake package in '/home/abd/exp_ws/src/crazyswarm2/crazyflie'
[5.126s] INFO:colcon.colcon_core.shell:Skip shell extension 'powershell' for command environment: Not usable outside of PowerShell
[5.126s] DEBUG:colcon.colcon_core.shell:Skip shell extension 'dsv' for command environment
[5.215s] INFO:colcon.colcon_ros.task.ament_cmake.build:Building ROS package in '/home/abd/exp_ws/src/crazyswarm2/crazyflie_sim' with build type 'ament_cmake'
[5.216s] INFO:colcon.colcon_cmake.task.cmake.build:Building CMake package in '/home/abd/exp_ws/src/crazyswarm2/crazyflie_sim'
[5.239s] INFO:colcon.colcon_core.shell:Skip shell extension 'powershell' for command environment: Not usable outside of PowerShell
[5.239s] DEBUG:colcon.colcon_core.shell:Skip shell extension 'dsv' for command environment
[5.702s] INFO:colcon.colcon_core.task.python.build:Building Python package in '/home/abd/exp_ws/src/crazyswarm2/crazyflie_py'
[5.723s] INFO:colcon.colcon_core.shell:Skip shell extension 'powershell' for command environment: Not usable outside of PowerShell
[5.723s] DEBUG:colcon.colcon_core.shell:Skip shell extension 'dsv' for command environment
[5.804s] DEBUG:colcon.colcon_core.event_handler.log_command:Invoking command in '/home/abd/exp_ws/src/build/crazyflie': CMAKE_PREFIX_PATH=/home/abd/exp_ws/src/install/motion_capture_tracking_interfaces:/home/abd/exp_ws/src/install/crazyflie_interfaces:/home/abd/exp_ws/src/install/motion_capture_tracking:/home/abd/exp_ws/src/install/crazyflie:/home/abd/exp_ws/src/install/crazyflie_sim:/home/abd/exp_ws/src/install/crazyflie_examples:/home/abd/exp_ws/src/install/crazyflie_py:/opt/ros/humble /usr/bin/cmake --build /home/abd/exp_ws/src/build/crazyflie -- -j12 -l12
[5.809s] DEBUG:colcon.colcon_core.event_handler.log_command:Invoking command in '/home/abd/exp_ws/src/build/crazyflie_sim': CMAKE_PREFIX_PATH=/home/abd/exp_ws/src/install/crazyflie_interfaces:/home/abd/exp_ws/src/install/motion_capture_tracking:/home/abd/exp_ws/src/install/crazyflie:/home/abd/exp_ws/src/install/motion_capture_tracking_interfaces:/home/abd/exp_ws/src/install/crazyflie_sim:/home/abd/exp_ws/src/install/crazyflie_examples:/home/abd/exp_ws/src/install/crazyflie_py:/opt/ros/humble LD_LIBRARY_PATH=/home/abd/exp_ws/src/install/crazyflie_interfaces/lib:/home/abd/exp_ws/src/install/motion_capture_tracking_interfaces/lib:/opt/ros/humble/opt/rviz_ogre_vendor/lib:/opt/ros/humble/lib/x86_64-linux-gnu:/opt/ros/humble/lib /usr/bin/cmake --build /home/abd/exp_ws/src/build/crazyflie_sim -- -j12 -l12
[6.138s] DEBUG:colcon.colcon_core.event_handler.log_command:Invoked command in '/home/abd/exp_ws/src/build/crazyflie' returned '0': CMAKE_PREFIX_PATH=/home/abd/exp_ws/src/install/motion_capture_tracking_interfaces:/home/abd/exp_ws/src/install/crazyflie_interfaces:/home/abd/exp_ws/src/install/motion_capture_tracking:/home/abd/exp_ws/src/install/crazyflie:/home/abd/exp_ws/src/install/crazyflie_sim:/home/abd/exp_ws/src/install/crazyflie_examples:/home/abd/exp_ws/src/install/crazyflie_py:/opt/ros/humble /usr/bin/cmake --build /home/abd/exp_ws/src/build/crazyflie -- -j12 -l12
[6.218s] DEBUG:colcon.colcon_core.event_handler.log_command:Invoking command in '/home/abd/exp_ws/src/build/crazyflie': CMAKE_PREFIX_PATH=/home/abd/exp_ws/src/install/motion_capture_tracking_interfaces:/home/abd/exp_ws/src/install/crazyflie_interfaces:/home/abd/exp_ws/src/install/motion_capture_tracking:/home/abd/exp_ws/src/install/crazyflie:/home/abd/exp_ws/src/install/crazyflie_sim:/home/abd/exp_ws/src/install/crazyflie_examples:/home/abd/exp_ws/src/install/crazyflie_py:/opt/ros/humble /usr/bin/cmake --install /home/abd/exp_ws/src/build/crazyflie
[6.250s] Level 1:colcon.colcon_core.environment:create_environment_scripts_only(crazyflie)
[6.251s] DEBUG:colcon.colcon_core.event_handler.log_command:Invoked command in '/home/abd/exp_ws/src/build/crazyflie' returned '0': CMAKE_PREFIX_PATH=/home/abd/exp_ws/src/install/motion_capture_tracking_interfaces:/home/abd/exp_ws/src/install/crazyflie_interfaces:/home/abd/exp_ws/src/install/motion_capture_tracking:/home/abd/exp_ws/src/install/crazyflie:/home/abd/exp_ws/src/install/crazyflie_sim:/home/abd/exp_ws/src/install/crazyflie_examples:/home/abd/exp_ws/src/install/crazyflie_py:/opt/ros/humble /usr/bin/cmake --install /home/abd/exp_ws/src/build/crazyflie
[6.287s] Level 1:colcon.colcon_core.environment:checking '/home/abd/exp_ws/src/install/crazyflie' for CMake module files
[6.288s] Level 1:colcon.colcon_core.environment:checking '/home/abd/exp_ws/src/install/crazyflie' for CMake config files
[6.289s] Level 1:colcon.colcon_core.shell:create_environment_hook('crazyflie', 'cmake_prefix_path')
[6.325s] INFO:colcon.colcon_core.shell:Creating environment hook '/home/abd/exp_ws/src/install/crazyflie/share/crazyflie/hook/cmake_prefix_path.ps1'
[6.326s] INFO:colcon.colcon_core.shell:Creating environment descriptor '/home/abd/exp_ws/src/install/crazyflie/share/crazyflie/hook/cmake_prefix_path.dsv'
[6.326s] INFO:colcon.colcon_core.shell:Creating environment hook '/home/abd/exp_ws/src/install/crazyflie/share/crazyflie/hook/cmake_prefix_path.sh'
[6.327s] Level 1:colcon.colcon_core.environment:checking '/home/abd/exp_ws/src/install/crazyflie/lib'
[6.328s] Level 1:colcon.colcon_core.environment:checking '/home/abd/exp_ws/src/install/crazyflie/bin'
[6.328s] Level 1:colcon.colcon_core.environment:checking '/home/abd/exp_ws/src/install/crazyflie/lib/pkgconfig/crazyflie.pc'
[6.328s] Level 1:colcon.colcon_core.environment:checking '/home/abd/exp_ws/src/install/crazyflie/lib/python3.10/site-packages'
[6.329s] Level 1:colcon.colcon_core.environment:checking '/home/abd/exp_ws/src/install/crazyflie/bin'
[6.364s] INFO:colcon.colcon_core.shell:Creating package script '/home/abd/exp_ws/src/install/crazyflie/share/crazyflie/package.ps1'
[6.365s] INFO:colcon.colcon_core.shell:Creating package descriptor '/home/abd/exp_ws/src/install/crazyflie/share/crazyflie/package.dsv'
[6.366s] INFO:colcon.colcon_core.shell:Creating package script '/home/abd/exp_ws/src/install/crazyflie/share/crazyflie/package.sh'
[6.367s] INFO:colcon.colcon_core.shell:Creating package script '/home/abd/exp_ws/src/install/crazyflie/share/crazyflie/package.bash'
[6.367s] INFO:colcon.colcon_core.shell:Creating package script '/home/abd/exp_ws/src/install/crazyflie/share/crazyflie/package.zsh'
[6.368s] Level 1:colcon.colcon_core.environment:create_file_with_runtime_dependencies(/home/abd/exp_ws/src/install/crazyflie/share/colcon-core/packages/crazyflie)
[6.476s] Level 1:colcon.colcon_core.environment:create_environment_scripts_only(crazyflie)
[6.498s] Level 1:colcon.colcon_core.environment:checking '/home/abd/exp_ws/src/install/crazyflie' for CMake module files
[6.499s] Level 1:colcon.colcon_core.environment:checking '/home/abd/exp_ws/src/install/crazyflie' for CMake config files
[6.499s] Level 1:colcon.colcon_core.shell:create_environment_hook('crazyflie', 'cmake_prefix_path')
[6.523s] INFO:colcon.colcon_core.shell:Creating environment hook '/home/abd/exp_ws/src/install/crazyflie/share/crazyflie/hook/cmake_prefix_path.ps1'
[6.524s] INFO:colcon.colcon_core.shell:Creating environment descriptor '/home/abd/exp_ws/src/install/crazyflie/share/crazyflie/hook/cmake_prefix_path.dsv'
[6.525s] INFO:colcon.colcon_core.shell:Creating environment hook '/home/abd/exp_ws/src/install/crazyflie/share/crazyflie/hook/cmake_prefix_path.sh'
[6.525s] Level 1:colcon.colcon_core.environment:checking '/home/abd/exp_ws/src/install/crazyflie/lib'
[6.526s] Level 1:colcon.colcon_core.environment:checking '/home/abd/exp_ws/src/install/crazyflie/bin'
[6.526s] Level 1:colcon.colcon_core.environment:checking '/home/abd/exp_ws/src/install/crazyflie/lib/pkgconfig/crazyflie.pc'
[6.526s] Level 1:colcon.colcon_core.environment:checking '/home/abd/exp_ws/src/install/crazyflie/lib/python3.10/site-packages'
[6.526s] Level 1:colcon.colcon_core.environment:checking '/home/abd/exp_ws/src/install/crazyflie/bin'
[6.549s] INFO:colcon.colcon_core.shell:Creating package script '/home/abd/exp_ws/src/install/crazyflie/share/crazyflie/package.ps1'
[6.550s] INFO:colcon.colcon_core.shell:Creating package descriptor '/home/abd/exp_ws/src/install/crazyflie/share/crazyflie/package.dsv'
[6.550s] INFO:colcon.colcon_core.shell:Creating package script '/home/abd/exp_ws/src/install/crazyflie/share/crazyflie/package.sh'
[6.551s] INFO:colcon.colcon_core.shell:Creating package script '/home/abd/exp_ws/src/install/crazyflie/share/crazyflie/package.bash'
[6.551s] INFO:colcon.colcon_core.shell:Creating package script '/home/abd/exp_ws/src/install/crazyflie/share/crazyflie/package.zsh'
[6.552s] Level 1:colcon.colcon_core.environment:create_file_with_runtime_dependencies(/home/abd/exp_ws/src/install/crazyflie/share/colcon-core/packages/crazyflie)
[6.557s] DEBUG:colcon.colcon_core.event_handler.log_command:Invoking command in '/home/abd/exp_ws/src/crazyswarm2/crazyflie_py': CMAKE_PREFIX_PATH=/home/abd/exp_ws/src/install/crazyflie_interfaces:/home/abd/exp_ws/src/install/motion_capture_tracking:/home/abd/exp_ws/src/install/crazyflie:/home/abd/exp_ws/src/install/motion_capture_tracking_interfaces:/home/abd/exp_ws/src/install/crazyflie_sim:/home/abd/exp_ws/src/install/crazyflie_examples LD_LIBRARY_PATH=/home/abd/exp_ws/src/install/crazyflie_interfaces/lib:/home/abd/exp_ws/src/install/motion_capture_tracking_interfaces/lib:/opt/ros/humble/opt/rviz_ogre_vendor/lib:/opt/ros/humble/lib/x86_64-linux-gnu:/opt/ros/humble/lib PYTHONPATH=/home/abd/exp_ws/src/build/crazyflie_py/prefix_override:/home/abd/exp_ws/src/install/crazyflie_py/lib/python3.10/site-packages:${PYTHONPATH} /usr/bin/python3 setup.py egg_info --egg-base ../../build/crazyflie_py build --build-base /home/abd/exp_ws/src/build/crazyflie_py/build install --record /home/abd/exp_ws/src/build/crazyflie_py/install.log --single-version-externally-managed
[6.586s] DEBUG:colcon.colcon_core.event_handler.log_command:Invoked command in '/home/abd/exp_ws/src/build/crazyflie_sim' returned '0': CMAKE_PREFIX_PATH=/home/abd/exp_ws/src/install/crazyflie_interfaces:/home/abd/exp_ws/src/install/motion_capture_tracking:/home/abd/exp_ws/src/install/crazyflie:/home/abd/exp_ws/src/install/motion_capture_tracking_interfaces:/home/abd/exp_ws/src/install/crazyflie_sim:/home/abd/exp_ws/src/install/crazyflie_examples:/home/abd/exp_ws/src/install/crazyflie_py:/opt/ros/humble LD_LIBRARY_PATH=/home/abd/exp_ws/src/install/crazyflie_interfaces/lib:/home/abd/exp_ws/src/install/motion_capture_tracking_interfaces/lib:/opt/ros/humble/opt/rviz_ogre_vendor/lib:/opt/ros/humble/lib/x86_64-linux-gnu:/opt/ros/humble/lib /usr/bin/cmake --build /home/abd/exp_ws/src/build/crazyflie_sim -- -j12 -l12
[6.631s] DEBUG:colcon.colcon_core.event_handler.log_command:Invoking command in '/home/abd/exp_ws/src/build/crazyflie_sim': CMAKE_PREFIX_PATH=/home/abd/exp_ws/src/install/crazyflie_interfaces:/home/abd/exp_ws/src/install/motion_capture_tracking:/home/abd/exp_ws/src/install/crazyflie:/home/abd/exp_ws/src/install/motion_capture_tracking_interfaces:/home/abd/exp_ws/src/install/crazyflie_sim:/home/abd/exp_ws/src/install/crazyflie_examples:/home/abd/exp_ws/src/install/crazyflie_py:/opt/ros/humble LD_LIBRARY_PATH=/home/abd/exp_ws/src/install/crazyflie_interfaces/lib:/home/abd/exp_ws/src/install/motion_capture_tracking_interfaces/lib:/opt/ros/humble/opt/rviz_ogre_vendor/lib:/opt/ros/humble/lib/x86_64-linux-gnu:/opt/ros/humble/lib /usr/bin/cmake --install /home/abd/exp_ws/src/build/crazyflie_sim
[6.731s] Level 1:colcon.colcon_core.environment:create_environment_scripts_only(crazyflie_sim)
[6.732s] DEBUG:colcon.colcon_core.event_handler.log_command:Invoked command in '/home/abd/exp_ws/src/build/crazyflie_sim' returned '0': CMAKE_PREFIX_PATH=/home/abd/exp_ws/src/install/crazyflie_interfaces:/home/abd/exp_ws/src/install/motion_capture_tracking:/home/abd/exp_ws/src/install/crazyflie:/home/abd/exp_ws/src/install/motion_capture_tracking_interfaces:/home/abd/exp_ws/src/install/crazyflie_sim:/home/abd/exp_ws/src/install/crazyflie_examples:/home/abd/exp_ws/src/install/crazyflie_py:/opt/ros/humble LD_LIBRARY_PATH=/home/abd/exp_ws/src/install/crazyflie_interfaces/lib:/home/abd/exp_ws/src/install/motion_capture_tracking_interfaces/lib:/opt/ros/humble/opt/rviz_ogre_vendor/lib:/opt/ros/humble/lib/x86_64-linux-gnu:/opt/ros/humble/lib /usr/bin/cmake --install /home/abd/exp_ws/src/build/crazyflie_sim
[6.766s] Level 1:colcon.colcon_core.environment:checking '/home/abd/exp_ws/src/install/crazyflie_sim' for CMake module files
[6.767s] Level 1:colcon.colcon_core.environment:checking '/home/abd/exp_ws/src/install/crazyflie_sim' for CMake config files
[6.767s] Level 1:colcon.colcon_core.shell:create_environment_hook('crazyflie_sim', 'cmake_prefix_path')
[6.799s] INFO:colcon.colcon_core.shell:Creating environment hook '/home/abd/exp_ws/src/install/crazyflie_sim/share/crazyflie_sim/hook/cmake_prefix_path.ps1'
[6.800s] INFO:colcon.colcon_core.shell:Creating environment descriptor '/home/abd/exp_ws/src/install/crazyflie_sim/share/crazyflie_sim/hook/cmake_prefix_path.dsv'
[6.801s] INFO:colcon.colcon_core.shell:Creating environment hook '/home/abd/exp_ws/src/install/crazyflie_sim/share/crazyflie_sim/hook/cmake_prefix_path.sh'
[6.802s] Level 1:colcon.colcon_core.environment:checking '/home/abd/exp_ws/src/install/crazyflie_sim/lib'
[6.802s] Level 1:colcon.colcon_core.environment:checking '/home/abd/exp_ws/src/install/crazyflie_sim/bin'
[6.802s] Level 1:colcon.colcon_core.environment:checking '/home/abd/exp_ws/src/install/crazyflie_sim/lib/pkgconfig/crazyflie_sim.pc'
[6.803s] Level 1:colcon.colcon_core.environment:checking '/home/abd/exp_ws/src/install/crazyflie_sim/lib/python3.10/site-packages'
[6.803s] Level 1:colcon.colcon_core.environment:checking '/home/abd/exp_ws/src/install/crazyflie_sim/bin'
[6.836s] INFO:colcon.colcon_core.shell:Creating package script '/home/abd/exp_ws/src/install/crazyflie_sim/share/crazyflie_sim/package.ps1'
[6.837s] INFO:colcon.colcon_core.shell:Creating package descriptor '/home/abd/exp_ws/src/install/crazyflie_sim/share/crazyflie_sim/package.dsv'
[6.838s] INFO:colcon.colcon_core.shell:Creating package script '/home/abd/exp_ws/src/install/crazyflie_sim/share/crazyflie_sim/package.sh'
[6.839s] INFO:colcon.colcon_core.shell:Creating package script '/home/abd/exp_ws/src/install/crazyflie_sim/share/crazyflie_sim/package.bash'
[6.839s] INFO:colcon.colcon_core.shell:Creating package script '/home/abd/exp_ws/src/install/crazyflie_sim/share/crazyflie_sim/package.zsh'
[6.840s] Level 1:colcon.colcon_core.environment:create_file_with_runtime_dependencies(/home/abd/exp_ws/src/install/crazyflie_sim/share/colcon-core/packages/crazyflie_sim)
[6.933s] Level 1:colcon.colcon_core.environment:create_environment_scripts_only(crazyflie_sim)
[6.969s] Level 1:colcon.colcon_core.environment:checking '/home/abd/exp_ws/src/install/crazyflie_sim' for CMake module files
[6.970s] Level 1:colcon.colcon_core.environment:checking '/home/abd/exp_ws/src/install/crazyflie_sim' for CMake config files
[6.971s] Level 1:colcon.colcon_core.shell:create_environment_hook('crazyflie_sim', 'cmake_prefix_path')
[7.009s] INFO:colcon.colcon_core.shell:Creating environment hook '/home/abd/exp_ws/src/install/crazyflie_sim/share/crazyflie_sim/hook/cmake_prefix_path.ps1'
[7.010s] INFO:colcon.colcon_core.shell:Creating environment descriptor '/home/abd/exp_ws/src/install/crazyflie_sim/share/crazyflie_sim/hook/cmake_prefix_path.dsv'
[7.011s] INFO:colcon.colcon_core.shell:Creating environment hook '/home/abd/exp_ws/src/install/crazyflie_sim/share/crazyflie_sim/hook/cmake_prefix_path.sh'
[7.012s] Level 1:colcon.colcon_core.environment:checking '/home/abd/exp_ws/src/install/crazyflie_sim/lib'
[7.012s] Level 1:colcon.colcon_core.environment:checking '/home/abd/exp_ws/src/install/crazyflie_sim/bin'
[7.013s] Level 1:colcon.colcon_core.environment:checking '/home/abd/exp_ws/src/install/crazyflie_sim/lib/pkgconfig/crazyflie_sim.pc'
[7.013s] Level 1:colcon.colcon_core.environment:checking '/home/abd/exp_ws/src/install/crazyflie_sim/lib/python3.10/site-packages'
[7.013s] Level 1:colcon.colcon_core.environment:checking '/home/abd/exp_ws/src/install/crazyflie_sim/bin'
[7.043s] INFO:colcon.colcon_core.shell:Creating package script '/home/abd/exp_ws/src/install/crazyflie_sim/share/crazyflie_sim/package.ps1'
[7.044s] INFO:colcon.colcon_core.shell:Creating package descriptor '/home/abd/exp_ws/src/install/crazyflie_sim/share/crazyflie_sim/package.dsv'
[7.045s] INFO:colcon.colcon_core.shell:Creating package script '/home/abd/exp_ws/src/install/crazyflie_sim/share/crazyflie_sim/package.sh'
[7.046s] INFO:colcon.colcon_core.shell:Creating package script '/home/abd/exp_ws/src/install/crazyflie_sim/share/crazyflie_sim/package.bash'
[7.047s] INFO:colcon.colcon_core.shell:Creating package script '/home/abd/exp_ws/src/install/crazyflie_sim/share/crazyflie_sim/package.zsh'
[7.048s] Level 1:colcon.colcon_core.environment:create_file_with_runtime_dependencies(/home/abd/exp_ws/src/install/crazyflie_sim/share/colcon-core/packages/crazyflie_sim)
[7.091s] DEBUG:colcon.colcon_core.event_handler.log_command:Invoked command in '/home/abd/exp_ws/src/crazyswarm2/crazyflie_py' returned '0': CMAKE_PREFIX_PATH=/home/abd/exp_ws/src/install/crazyflie_interfaces:/home/abd/exp_ws/src/install/motion_capture_tracking:/home/abd/exp_ws/src/install/crazyflie:/home/abd/exp_ws/src/install/motion_capture_tracking_interfaces:/home/abd/exp_ws/src/install/crazyflie_sim:/home/abd/exp_ws/src/install/crazyflie_examples LD_LIBRARY_PATH=/home/abd/exp_ws/src/install/crazyflie_interfaces/lib:/home/abd/exp_ws/src/install/motion_capture_tracking_interfaces/lib:/opt/ros/humble/opt/rviz_ogre_vendor/lib:/opt/ros/humble/lib/x86_64-linux-gnu:/opt/ros/humble/lib PYTHONPATH=/home/abd/exp_ws/src/build/crazyflie_py/prefix_override:/home/abd/exp_ws/src/install/crazyflie_py/lib/python3.10/site-packages:${PYTHONPATH} /usr/bin/python3 setup.py egg_info --egg-base ../../build/crazyflie_py build --build-base /home/abd/exp_ws/src/build/crazyflie_py/build install --record /home/abd/exp_ws/src/build/crazyflie_py/install.log --single-version-externally-managed
[7.116s] Level 1:colcon.colcon_core.environment:checking '/home/abd/exp_ws/src/install/crazyflie_py' for CMake module files
[7.117s] Level 1:colcon.colcon_core.environment:checking '/home/abd/exp_ws/src/install/crazyflie_py' for CMake config files
[7.118s] Level 1:colcon.colcon_core.environment:checking '/home/abd/exp_ws/src/install/crazyflie_py/lib'
[7.118s] Level 1:colcon.colcon_core.environment:checking '/home/abd/exp_ws/src/install/crazyflie_py/bin'
[7.118s] Level 1:colcon.colcon_core.environment:checking '/home/abd/exp_ws/src/install/crazyflie_py/lib/pkgconfig/crazyflie_py.pc'
[7.119s] Level 1:colcon.colcon_core.environment:checking '/home/abd/exp_ws/src/install/crazyflie_py/lib/python3.10/site-packages'
[7.119s] Level 1:colcon.colcon_core.shell:create_environment_hook('crazyflie_py', 'pythonpath')
[7.143s] INFO:colcon.colcon_core.shell:Creating environment hook '/home/abd/exp_ws/src/install/crazyflie_py/share/crazyflie_py/hook/pythonpath.ps1'
[7.144s] INFO:colcon.colcon_core.shell:Creating environment descriptor '/home/abd/exp_ws/src/install/crazyflie_py/share/crazyflie_py/hook/pythonpath.dsv'
[7.144s] INFO:colcon.colcon_core.shell:Creating environment hook '/home/abd/exp_ws/src/install/crazyflie_py/share/crazyflie_py/hook/pythonpath.sh'
[7.145s] Level 1:colcon.colcon_core.environment:checking '/home/abd/exp_ws/src/install/crazyflie_py/bin'
[7.146s] Level 1:colcon.colcon_core.environment:create_environment_scripts_only(crazyflie_py)
[7.171s] INFO:colcon.colcon_core.shell:Creating package script '/home/abd/exp_ws/src/install/crazyflie_py/share/crazyflie_py/package.ps1'
[7.172s] INFO:colcon.colcon_core.shell:Creating package descriptor '/home/abd/exp_ws/src/install/crazyflie_py/share/crazyflie_py/package.dsv'
[7.172s] INFO:colcon.colcon_core.shell:Creating package script '/home/abd/exp_ws/src/install/crazyflie_py/share/crazyflie_py/package.sh'
[7.173s] INFO:colcon.colcon_core.shell:Creating package script '/home/abd/exp_ws/src/install/crazyflie_py/share/crazyflie_py/package.bash'
[7.173s] INFO:colcon.colcon_core.shell:Creating package script '/home/abd/exp_ws/src/install/crazyflie_py/share/crazyflie_py/package.zsh'
[7.174s] Level 1:colcon.colcon_core.environment:create_file_with_runtime_dependencies(/home/abd/exp_ws/src/install/crazyflie_py/share/colcon-core/packages/crazyflie_py)
[7.174s] INFO:colcon.colcon_ros.task.ament_cmake.build:Building ROS package in '/home/abd/exp_ws/src/crazyswarm2/crazyflie_examples' with build type 'ament_cmake'
[7.176s] INFO:colcon.colcon_cmake.task.cmake.build:Building CMake package in '/home/abd/exp_ws/src/crazyswarm2/crazyflie_examples'
[7.198s] INFO:colcon.colcon_core.shell:Skip shell extension 'powershell' for command environment: Not usable outside of PowerShell
[7.198s] DEBUG:colcon.colcon_core.shell:Skip shell extension 'dsv' for command environment
[7.282s] DEBUG:colcon.colcon_core.event_handler.log_command:Invoking command in '/home/abd/exp_ws/src/build/crazyflie_examples': AMENT_PREFIX_PATH=/home/abd/exp_ws/src/install/crazyflie_py:/home/abd/exp_ws/src/install/motion_capture_tracking:/home/abd/exp_ws/src/install/crazyflie:/home/abd/exp_ws/src/install/motion_capture_tracking_interfaces:/home/abd/exp_ws/src/install/crazyflie_sim:/home/abd/exp_ws/src/install/crazyflie_examples:/home/abd/exp_ws/src/install/crazyflie_interfaces:/opt/ros/humble CMAKE_PREFIX_PATH=/home/abd/exp_ws/src/install/crazyflie_interfaces:/home/abd/exp_ws/src/install/motion_capture_tracking:/home/abd/exp_ws/src/install/crazyflie:/home/abd/exp_ws/src/install/motion_capture_tracking_interfaces:/home/abd/exp_ws/src/install/crazyflie_sim:/home/abd/exp_ws/src/install/crazyflie_examples:/home/abd/exp_ws/src/install/crazyflie_py:/opt/ros/humble LD_LIBRARY_PATH=/home/abd/exp_ws/src/install/crazyflie_interfaces/lib:/home/abd/exp_ws/src/install/motion_capture_tracking_interfaces/lib:/opt/ros/humble/opt/rviz_ogre_vendor/lib:/opt/ros/humble/lib/x86_64-linux-gnu:/opt/ros/humble/lib PYTHONPATH=/home/abd/exp_ws/src/install/crazyflie_py/lib/python3.10/site-packages:/home/abd/exp_ws/src/install/motion_capture_tracking_interfaces/local/lib/python3.10/dist-packages:/home/abd/exp_ws/src/install/crazyflie_sim/local/lib/python3.10/dist-packages:/home/abd/exp_ws/src/install/crazyflie_examples/local/lib/python3.10/dist-packages:/home/abd/exp_ws/src/install/crazyflie_interfaces/local/lib/python3.10/dist-packages:/opt/ros/humble/lib/python3.10/site-packages:/opt/ros/humble/local/lib/python3.10/dist-packages /usr/bin/cmake --build /home/abd/exp_ws/src/build/crazyflie_examples -- -j12 -l12
[7.872s] DEBUG:colcon.colcon_core.event_handler.log_command:Invoked command in '/home/abd/exp_ws/src/build/crazyflie_examples' returned '0': AMENT_PREFIX_PATH=/home/abd/exp_ws/src/install/crazyflie_py:/home/abd/exp_ws/src/install/motion_capture_tracking:/home/abd/exp_ws/src/install/crazyflie:/home/abd/exp_ws/src/install/motion_capture_tracking_interfaces:/home/abd/exp_ws/src/install/crazyflie_sim:/home/abd/exp_ws/src/install/crazyflie_examples:/home/abd/exp_ws/src/install/crazyflie_interfaces:/opt/ros/humble CMAKE_PREFIX_PATH=/home/abd/exp_ws/src/install/crazyflie_interfaces:/home/abd/exp_ws/src/install/motion_capture_tracking:/home/abd/exp_ws/src/install/crazyflie:/home/abd/exp_ws/src/install/motion_capture_tracking_interfaces:/home/abd/exp_ws/src/install/crazyflie_sim:/home/abd/exp_ws/src/install/crazyflie_examples:/home/abd/exp_ws/src/install/crazyflie_py:/opt/ros/humble LD_LIBRARY_PATH=/home/abd/exp_ws/src/install/crazyflie_interfaces/lib:/home/abd/exp_ws/src/install/motion_capture_tracking_interfaces/lib:/opt/ros/humble/opt/rviz_ogre_vendor/lib:/opt/ros/humble/lib/x86_64-linux-gnu:/opt/ros/humble/lib PYTHONPATH=/home/abd/exp_ws/src/install/crazyflie_py/lib/python3.10/site-packages:/home/abd/exp_ws/src/install/motion_capture_tracking_interfaces/local/lib/python3.10/dist-packages:/home/abd/exp_ws/src/install/crazyflie_sim/local/lib/python3.10/dist-packages:/home/abd/exp_ws/src/install/crazyflie_examples/local/lib/python3.10/dist-packages:/home/abd/exp_ws/src/install/crazyflie_interfaces/local/lib/python3.10/dist-packages:/opt/ros/humble/lib/python3.10/site-packages:/opt/ros/humble/local/lib/python3.10/dist-packages /usr/bin/cmake --build /home/abd/exp_ws/src/build/crazyflie_examples -- -j12 -l12
[7.913s] DEBUG:colcon.colcon_core.event_handler.log_command:Invoking command in '/home/abd/exp_ws/src/build/crazyflie_examples': AMENT_PREFIX_PATH=/home/abd/exp_ws/src/install/crazyflie_py:/home/abd/exp_ws/src/install/motion_capture_tracking:/home/abd/exp_ws/src/install/crazyflie:/home/abd/exp_ws/src/install/motion_capture_tracking_interfaces:/home/abd/exp_ws/src/install/crazyflie_sim:/home/abd/exp_ws/src/install/crazyflie_examples:/home/abd/exp_ws/src/install/crazyflie_interfaces:/opt/ros/humble CMAKE_PREFIX_PATH=/home/abd/exp_ws/src/install/crazyflie_interfaces:/home/abd/exp_ws/src/install/motion_capture_tracking:/home/abd/exp_ws/src/install/crazyflie:/home/abd/exp_ws/src/install/motion_capture_tracking_interfaces:/home/abd/exp_ws/src/install/crazyflie_sim:/home/abd/exp_ws/src/install/crazyflie_examples:/home/abd/exp_ws/src/install/crazyflie_py:/opt/ros/humble LD_LIBRARY_PATH=/home/abd/exp_ws/src/install/crazyflie_interfaces/lib:/home/abd/exp_ws/src/install/motion_capture_tracking_interfaces/lib:/opt/ros/humble/opt/rviz_ogre_vendor/lib:/opt/ros/humble/lib/x86_64-linux-gnu:/opt/ros/humble/lib PYTHONPATH=/home/abd/exp_ws/src/install/crazyflie_py/lib/python3.10/site-packages:/home/abd/exp_ws/src/install/motion_capture_tracking_interfaces/local/lib/python3.10/dist-packages:/home/abd/exp_ws/src/install/crazyflie_sim/local/lib/python3.10/dist-packages:/home/abd/exp_ws/src/install/crazyflie_examples/local/lib/python3.10/dist-packages:/home/abd/exp_ws/src/install/crazyflie_interfaces/local/lib/python3.10/dist-packages:/opt/ros/humble/lib/python3.10/site-packages:/opt/ros/humble/local/lib/python3.10/dist-packages /usr/bin/cmake --install /home/abd/exp_ws/src/build/crazyflie_examples
[7.989s] Level 1:colcon.colcon_core.environment:create_environment_scripts_only(crazyflie_examples)
[7.991s] DEBUG:colcon.colcon_core.event_handler.log_command:Invoked command in '/home/abd/exp_ws/src/build/crazyflie_examples' returned '0': AMENT_PREFIX_PATH=/home/abd/exp_ws/src/install/crazyflie_py:/home/abd/exp_ws/src/install/motion_capture_tracking:/home/abd/exp_ws/src/install/crazyflie:/home/abd/exp_ws/src/install/motion_capture_tracking_interfaces:/home/abd/exp_ws/src/install/crazyflie_sim:/home/abd/exp_ws/src/install/crazyflie_examples:/home/abd/exp_ws/src/install/crazyflie_interfaces:/opt/ros/humble CMAKE_PREFIX_PATH=/home/abd/exp_ws/src/install/crazyflie_interfaces:/home/abd/exp_ws/src/install/motion_capture_tracking:/home/abd/exp_ws/src/install/crazyflie:/home/abd/exp_ws/src/install/motion_capture_tracking_interfaces:/home/abd/exp_ws/src/install/crazyflie_sim:/home/abd/exp_ws/src/install/crazyflie_examples:/home/abd/exp_ws/src/install/crazyflie_py:/opt/ros/humble LD_LIBRARY_PATH=/home/abd/exp_ws/src/install/crazyflie_interfaces/lib:/home/abd/exp_ws/src/install/motion_capture_tracking_interfaces/lib:/opt/ros/humble/opt/rviz_ogre_vendor/lib:/opt/ros/humble/lib/x86_64-linux-gnu:/opt/ros/humble/lib PYTHONPATH=/home/abd/exp_ws/src/install/crazyflie_py/lib/python3.10/site-packages:/home/abd/exp_ws/src/install/motion_capture_tracking_interfaces/local/lib/python3.10/dist-packages:/home/abd/exp_ws/src/install/crazyflie_sim/local/lib/python3.10/dist-packages:/home/abd/exp_ws/src/install/crazyflie_examples/local/lib/python3.10/dist-packages:/home/abd/exp_ws/src/install/crazyflie_interfaces/local/lib/python3.10/dist-packages:/opt/ros/humble/lib/python3.10/site-packages:/opt/ros/humble/local/lib/python3.10/dist-packages /usr/bin/cmake --install /home/abd/exp_ws/src/build/crazyflie_examples
[8.033s] Level 1:colcon.colcon_core.environment:checking '/home/abd/exp_ws/src/install/crazyflie_examples' for CMake module files
[8.035s] Level 1:colcon.colcon_core.environment:checking '/home/abd/exp_ws/src/install/crazyflie_examples' for CMake config files
[8.036s] Level 1:colcon.colcon_core.shell:create_environment_hook('crazyflie_examples', 'cmake_prefix_path')
[8.077s] INFO:colcon.colcon_core.shell:Creating environment hook '/home/abd/exp_ws/src/install/crazyflie_examples/share/crazyflie_examples/hook/cmake_prefix_path.ps1'
[8.077s] INFO:colcon.colcon_core.shell:Creating environment descriptor '/home/abd/exp_ws/src/install/crazyflie_examples/share/crazyflie_examples/hook/cmake_prefix_path.dsv'
[8.078s] INFO:colcon.colcon_core.shell:Creating environment hook '/home/abd/exp_ws/src/install/crazyflie_examples/share/crazyflie_examples/hook/cmake_prefix_path.sh'
[8.078s] Level 1:colcon.colcon_core.environment:checking '/home/abd/exp_ws/src/install/crazyflie_examples/lib'
[8.078s] Level 1:colcon.colcon_core.environment:checking '/home/abd/exp_ws/src/install/crazyflie_examples/bin'
[8.079s] Level 1:colcon.colcon_core.environment:checking '/home/abd/exp_ws/src/install/crazyflie_examples/lib/pkgconfig/crazyflie_examples.pc'
[8.079s] Level 1:colcon.colcon_core.environment:checking '/home/abd/exp_ws/src/install/crazyflie_examples/lib/python3.10/site-packages'
[8.079s] Level 1:colcon.colcon_core.environment:checking '/home/abd/exp_ws/src/install/crazyflie_examples/bin'
[8.102s] INFO:colcon.colcon_core.shell:Creating package script '/home/abd/exp_ws/src/install/crazyflie_examples/share/crazyflie_examples/package.ps1'
[8.102s] INFO:colcon.colcon_core.shell:Creating package descriptor '/home/abd/exp_ws/src/install/crazyflie_examples/share/crazyflie_examples/package.dsv'
[8.103s] INFO:colcon.colcon_core.shell:Creating package script '/home/abd/exp_ws/src/install/crazyflie_examples/share/crazyflie_examples/package.sh'
[8.103s] INFO:colcon.colcon_core.shell:Creating package script '/home/abd/exp_ws/src/install/crazyflie_examples/share/crazyflie_examples/package.bash'
[8.104s] INFO:colcon.colcon_core.shell:Creating package script '/home/abd/exp_ws/src/install/crazyflie_examples/share/crazyflie_examples/package.zsh'
[8.104s] Level 1:colcon.colcon_core.environment:create_file_with_runtime_dependencies(/home/abd/exp_ws/src/install/crazyflie_examples/share/colcon-core/packages/crazyflie_examples)
[8.191s] Level 1:colcon.colcon_core.environment:create_environment_scripts_only(crazyflie_examples)
[8.212s] Level 1:colcon.colcon_core.environment:checking '/home/abd/exp_ws/src/install/crazyflie_examples' for CMake module files
[8.213s] Level 1:colcon.colcon_core.environment:checking '/home/abd/exp_ws/src/install/crazyflie_examples' for CMake config files
[8.213s] Level 1:colcon.colcon_core.shell:create_environment_hook('crazyflie_examples', 'cmake_prefix_path')
[8.234s] INFO:colcon.colcon_core.shell:Creating environment hook '/home/abd/exp_ws/src/install/crazyflie_examples/share/crazyflie_examples/hook/cmake_prefix_path.ps1'
[8.235s] INFO:colcon.colcon_core.shell:Creating environment descriptor '/home/abd/exp_ws/src/install/crazyflie_examples/share/crazyflie_examples/hook/cmake_prefix_path.dsv'
[8.235s] INFO:colcon.colcon_core.shell:Creating environment hook '/home/abd/exp_ws/src/install/crazyflie_examples/share/crazyflie_examples/hook/cmake_prefix_path.sh'
[8.236s] Level 1:colcon.colcon_core.environment:checking '/home/abd/exp_ws/src/install/crazyflie_examples/lib'
[8.236s] Level 1:colcon.colcon_core.environment:checking '/home/abd/exp_ws/src/install/crazyflie_examples/bin'
[8.236s] Level 1:colcon.colcon_core.environment:checking '/home/abd/exp_ws/src/install/crazyflie_examples/lib/pkgconfig/crazyflie_examples.pc'
[8.237s] Level 1:colcon.colcon_core.environment:checking '/home/abd/exp_ws/src/install/crazyflie_examples/lib/python3.10/site-packages'
[8.237s] Level 1:colcon.colcon_core.environment:checking '/home/abd/exp_ws/src/install/crazyflie_examples/bin'
[8.259s] INFO:colcon.colcon_core.shell:Creating package script '/home/abd/exp_ws/src/install/crazyflie_examples/share/crazyflie_examples/package.ps1'
[8.260s] INFO:colcon.colcon_core.shell:Creating package descriptor '/home/abd/exp_ws/src/install/crazyflie_examples/share/crazyflie_examples/package.dsv'
[8.260s] INFO:colcon.colcon_core.shell:Creating package script '/home/abd/exp_ws/src/install/crazyflie_examples/share/crazyflie_examples/package.sh'
[8.261s] INFO:colcon.colcon_core.shell:Creating package script '/home/abd/exp_ws/src/install/crazyflie_examples/share/crazyflie_examples/package.bash'
[8.261s] INFO:colcon.colcon_core.shell:Creating package script '/home/abd/exp_ws/src/install/crazyflie_examples/share/crazyflie_examples/package.zsh'
[8.262s] Level 1:colcon.colcon_core.environment:create_file_with_runtime_dependencies(/home/abd/exp_ws/src/install/crazyflie_examples/share/colcon-core/packages/crazyflie_examples)
[8.262s] DEBUG:colcon.colcon_parallel_executor.executor.parallel:closing loop
[8.262s] DEBUG:colcon.colcon_parallel_executor.executor.parallel:loop closed
[8.262s] DEBUG:colcon.colcon_parallel_executor.executor.parallel:run_until_complete finished with '0'
[8.262s] DEBUG:colcon.colcon_core.event_reactor:joining thread
[8.314s] INFO:colcon.colcon_core.plugin_system:Skipping extension 'colcon_notification.desktop_notification.terminal_notifier': Not used on non-Darwin systems
[8.314s] INFO:colcon.colcon_core.plugin_system:Skipping extension 'colcon_notification.desktop_notification.win32': Not used on non-Windows systems
[8.314s] INFO:colcon.colcon_notification.desktop_notification:Sending desktop notification using 'notify2'
[8.354s] DEBUG:colcon.colcon_core.event_reactor:joined thread
[8.375s] INFO:colcon.colcon_core.shell:Creating prefix script '/home/abd/exp_ws/src/install/local_setup.ps1'
[8.377s] INFO:colcon.colcon_core.shell:Creating prefix util module '/home/abd/exp_ws/src/install/_local_setup_util_ps1.py'
[8.378s] INFO:colcon.colcon_core.shell:Creating prefix chain script '/home/abd/exp_ws/src/install/setup.ps1'
[8.406s] INFO:colcon.colcon_core.shell:Creating prefix script '/home/abd/exp_ws/src/install/local_setup.sh'
[8.407s] INFO:colcon.colcon_core.shell:Creating prefix util module '/home/abd/exp_ws/src/install/_local_setup_util_sh.py'
[8.408s] INFO:colcon.colcon_core.shell:Creating prefix chain script '/home/abd/exp_ws/src/install/setup.sh'
[8.433s] INFO:colcon.colcon_core.shell:Creating prefix script '/home/abd/exp_ws/src/install/local_setup.bash'
[8.434s] INFO:colcon.colcon_core.shell:Creating prefix chain script '/home/abd/exp_ws/src/install/setup.bash'
[8.454s] INFO:colcon.colcon_core.shell:Creating prefix script '/home/abd/exp_ws/src/install/local_setup.zsh'
[8.454s] INFO:colcon.colcon_core.shell:Creating prefix chain script '/home/abd/exp_ws/src/install/setup.zsh'
