[1.509s] DEBUG:colcon:Command line arguments: ['/usr/bin/colcon', 'build']
[1.509s] DEBUG:colcon:Parsed command line arguments: Namespace(log_base=None, log_level=None, verb_name='build', build_base='build', install_base='install', merge_install=False, symlink_install=False, test_result_base=None, continue_on_error=False, executor='parallel', parallel_workers=12, event_handlers=None, ignore_user_meta=False, metas=['./colcon.meta'], base_paths=['.'], packages_ignore=None, packages_ignore_regex=None, paths=None, packages_up_to=None, packages_up_to_regex=None, packages_above=None, packages_above_and_dependencies=None, packages_above_depth=None, packages_select_by_dep=None, packages_skip_by_dep=None, packages_skip_up_to=None, packages_select_build_failed=False, packages_skip_build_finished=False, packages_select_test_failures=False, packages_skip_test_passed=False, packages_select=None, packages_skip=None, packages_select_regex=None, packages_skip_regex=None, packages_start=None, packages_end=None, allow_overriding=[], cmake_args=None, cmake_target=None, cmake_target_skip_unavailable=False, cmake_clean_cache=False, cmake_clean_first=False, cmake_force_configure=False, ament_cmake_args=None, catkin_cmake_args=None, catkin_skip_building_tests=False, verb_parser=<colcon_defaults.argument_parser.defaults.DefaultArgumentsDecorator object at 0x7f6b3eeaad70>, verb_extension=<colcon_core.verb.build.BuildVerb object at 0x7f6b3f4dbd30>, main=<bound method BuildVerb.main of <colcon_core.verb.build.BuildVerb object at 0x7f6b3f4dbd30>>)
[1.575s] Level 1:colcon.colcon_core.package_discovery:discover_packages(colcon_meta) check parameters
[1.575s] Level 1:colcon.colcon_core.package_discovery:discover_packages(recursive) check parameters
[1.575s] Level 1:colcon.colcon_core.package_discovery:discover_packages(ignore) check parameters
[1.575s] Level 1:colcon.colcon_core.package_discovery:discover_packages(path) check parameters
[1.575s] Level 1:colcon.colcon_core.package_discovery:discover_packages(colcon_meta) discover
[1.575s] Level 1:colcon.colcon_core.package_discovery:discover_packages(recursive) discover
[1.575s] INFO:colcon.colcon_core.package_discovery:Crawling recursively for packages in '/home/abd/exp_ws/src'
[1.576s] Level 1:colcon.colcon_core.package_identification:_identify(.) by extensions ['ignore', 'ignore_ament_install']
[1.576s] Level 1:colcon.colcon_core.package_identification:_identify(.) by extension 'ignore'
[1.576s] Level 1:colcon.colcon_core.package_identification:_identify(.) by extension 'ignore_ament_install'
[1.576s] Level 1:colcon.colcon_core.package_identification:_identify(.) by extensions ['colcon_pkg']
[1.576s] Level 1:colcon.colcon_core.package_identification:_identify(.) by extension 'colcon_pkg'
[1.576s] Level 1:colcon.colcon_core.package_identification:_identify(.) by extensions ['colcon_meta']
[1.576s] Level 1:colcon.colcon_core.package_identification:_identify(.) by extension 'colcon_meta'
[1.576s] Level 1:colcon.colcon_core.package_identification:_identify(.) by extensions ['ros']
[1.576s] Level 1:colcon.colcon_core.package_identification:_identify(.) by extension 'ros'
[1.593s] Level 1:colcon.colcon_core.package_identification:_identify(.) by extensions ['cmake', 'python']
[1.593s] Level 1:colcon.colcon_core.package_identification:_identify(.) by extension 'cmake'
[1.593s] Level 1:colcon.colcon_core.package_identification:_identify(.) by extension 'python'
[1.593s] Level 1:colcon.colcon_core.package_identification:_identify(.) by extensions ['python_setup_py']
[1.593s] Level 1:colcon.colcon_core.package_identification:_identify(.) by extension 'python_setup_py'
[1.593s] Level 1:colcon.colcon_core.package_identification:_identify(build) by extensions ['ignore', 'ignore_ament_install']
[1.593s] Level 1:colcon.colcon_core.package_identification:_identify(build) by extension 'ignore'
[1.593s] Level 1:colcon.colcon_core.package_identification:_identify(build) ignored
[1.594s] Level 1:colcon.colcon_core.package_identification:_identify(cache) by extensions ['ignore', 'ignore_ament_install']
[1.594s] Level 1:colcon.colcon_core.package_identification:_identify(cache) by extension 'ignore'
[1.594s] Level 1:colcon.colcon_core.package_identification:_identify(cache) by extension 'ignore_ament_install'
[1.594s] Level 1:colcon.colcon_core.package_identification:_identify(cache) by extensions ['colcon_pkg']
[1.594s] Level 1:colcon.colcon_core.package_identification:_identify(cache) by extension 'colcon_pkg'
[1.594s] Level 1:colcon.colcon_core.package_identification:_identify(cache) by extensions ['colcon_meta']
[1.594s] Level 1:colcon.colcon_core.package_identification:_identify(cache) by extension 'colcon_meta'
[1.594s] Level 1:colcon.colcon_core.package_identification:_identify(cache) by extensions ['ros']
[1.594s] Level 1:colcon.colcon_core.package_identification:_identify(cache) by extension 'ros'
[1.594s] Level 1:colcon.colcon_core.package_identification:_identify(cache) by extensions ['cmake', 'python']
[1.594s] Level 1:colcon.colcon_core.package_identification:_identify(cache) by extension 'cmake'
[1.594s] Level 1:colcon.colcon_core.package_identification:_identify(cache) by extension 'python'
[1.594s] Level 1:colcon.colcon_core.package_identification:_identify(cache) by extensions ['python_setup_py']
[1.594s] Level 1:colcon.colcon_core.package_identification:_identify(cache) by extension 'python_setup_py'
[1.595s] Level 1:colcon.colcon_core.package_identification:_identify(crazyswarm2) by extensions ['ignore', 'ignore_ament_install']
[1.595s] Level 1:colcon.colcon_core.package_identification:_identify(crazyswarm2) by extension 'ignore'
[1.595s] Level 1:colcon.colcon_core.package_identification:_identify(crazyswarm2) by extension 'ignore_ament_install'
[1.595s] Level 1:colcon.colcon_core.package_identification:_identify(crazyswarm2) by extensions ['colcon_pkg']
[1.595s] Level 1:colcon.colcon_core.package_identification:_identify(crazyswarm2) by extension 'colcon_pkg'
[1.595s] Level 1:colcon.colcon_core.package_identification:_identify(crazyswarm2) by extensions ['colcon_meta']
[1.595s] Level 1:colcon.colcon_core.package_identification:_identify(crazyswarm2) by extension 'colcon_meta'
[1.595s] Level 1:colcon.colcon_core.package_identification:_identify(crazyswarm2) by extensions ['ros']
[1.595s] Level 1:colcon.colcon_core.package_identification:_identify(crazyswarm2) by extension 'ros'
[1.595s] Level 1:colcon.colcon_core.package_identification:_identify(crazyswarm2) by extensions ['cmake', 'python']
[1.595s] Level 1:colcon.colcon_core.package_identification:_identify(crazyswarm2) by extension 'cmake'
[1.595s] Level 1:colcon.colcon_core.package_identification:_identify(crazyswarm2) by extension 'python'
[1.595s] Level 1:colcon.colcon_core.package_identification:_identify(crazyswarm2) by extensions ['python_setup_py']
[1.595s] Level 1:colcon.colcon_core.package_identification:_identify(crazyswarm2) by extension 'python_setup_py'
[1.596s] Level 1:colcon.colcon_core.package_identification:_identify(crazyswarm2/crazyflie) by extensions ['ignore', 'ignore_ament_install']
[1.596s] Level 1:colcon.colcon_core.package_identification:_identify(crazyswarm2/crazyflie) by extension 'ignore'
[1.596s] Level 1:colcon.colcon_core.package_identification:_identify(crazyswarm2/crazyflie) by extension 'ignore_ament_install'
[1.596s] Level 1:colcon.colcon_core.package_identification:_identify(crazyswarm2/crazyflie) by extensions ['colcon_pkg']
[1.596s] Level 1:colcon.colcon_core.package_identification:_identify(crazyswarm2/crazyflie) by extension 'colcon_pkg'
[1.596s] Level 1:colcon.colcon_core.package_identification:_identify(crazyswarm2/crazyflie) by extensions ['colcon_meta']
[1.596s] Level 1:colcon.colcon_core.package_identification:_identify(crazyswarm2/crazyflie) by extension 'colcon_meta'
[1.596s] Level 1:colcon.colcon_core.package_identification:_identify(crazyswarm2/crazyflie) by extensions ['ros']
[1.596s] Level 1:colcon.colcon_core.package_identification:_identify(crazyswarm2/crazyflie) by extension 'ros'
[1.600s] DEBUG:colcon.colcon_core.package_identification:Package 'crazyswarm2/crazyflie' with type 'ros.ament_cmake' and name 'crazyflie'
[1.600s] Level 1:colcon.colcon_core.package_identification:_identify(crazyswarm2/crazyflie_examples) by extensions ['ignore', 'ignore_ament_install']
[1.600s] Level 1:colcon.colcon_core.package_identification:_identify(crazyswarm2/crazyflie_examples) by extension 'ignore'
[1.601s] Level 1:colcon.colcon_core.package_identification:_identify(crazyswarm2/crazyflie_examples) by extension 'ignore_ament_install'
[1.601s] Level 1:colcon.colcon_core.package_identification:_identify(crazyswarm2/crazyflie_examples) by extensions ['colcon_pkg']
[1.601s] Level 1:colcon.colcon_core.package_identification:_identify(crazyswarm2/crazyflie_examples) by extension 'colcon_pkg'
[1.601s] Level 1:colcon.colcon_core.package_identification:_identify(crazyswarm2/crazyflie_examples) by extensions ['colcon_meta']
[1.601s] Level 1:colcon.colcon_core.package_identification:_identify(crazyswarm2/crazyflie_examples) by extension 'colcon_meta'
[1.601s] Level 1:colcon.colcon_core.package_identification:_identify(crazyswarm2/crazyflie_examples) by extensions ['ros']
[1.601s] Level 1:colcon.colcon_core.package_identification:_identify(crazyswarm2/crazyflie_examples) by extension 'ros'
[1.602s] DEBUG:colcon.colcon_core.package_identification:Package 'crazyswarm2/crazyflie_examples' with type 'ros.ament_cmake' and name 'crazyflie_examples'
[1.602s] Level 1:colcon.colcon_core.package_identification:_identify(crazyswarm2/crazyflie_interfaces) by extensions ['ignore', 'ignore_ament_install']
[1.602s] Level 1:colcon.colcon_core.package_identification:_identify(crazyswarm2/crazyflie_interfaces) by extension 'ignore'
[1.602s] Level 1:colcon.colcon_core.package_identification:_identify(crazyswarm2/crazyflie_interfaces) by extension 'ignore_ament_install'
[1.602s] Level 1:colcon.colcon_core.package_identification:_identify(crazyswarm2/crazyflie_interfaces) by extensions ['colcon_pkg']
[1.602s] Level 1:colcon.colcon_core.package_identification:_identify(crazyswarm2/crazyflie_interfaces) by extension 'colcon_pkg'
[1.602s] Level 1:colcon.colcon_core.package_identification:_identify(crazyswarm2/crazyflie_interfaces) by extensions ['colcon_meta']
[1.602s] Level 1:colcon.colcon_core.package_identification:_identify(crazyswarm2/crazyflie_interfaces) by extension 'colcon_meta'
[1.602s] Level 1:colcon.colcon_core.package_identification:_identify(crazyswarm2/crazyflie_interfaces) by extensions ['ros']
[1.602s] Level 1:colcon.colcon_core.package_identification:_identify(crazyswarm2/crazyflie_interfaces) by extension 'ros'
[1.604s] DEBUG:colcon.colcon_core.package_identification:Package 'crazyswarm2/crazyflie_interfaces' with type 'ros.ament_cmake' and name 'crazyflie_interfaces'
[1.605s] Level 1:colcon.colcon_core.package_identification:_identify(crazyswarm2/crazyflie_py) by extensions ['ignore', 'ignore_ament_install']
[1.605s] Level 1:colcon.colcon_core.package_identification:_identify(crazyswarm2/crazyflie_py) by extension 'ignore'
[1.605s] Level 1:colcon.colcon_core.package_identification:_identify(crazyswarm2/crazyflie_py) by extension 'ignore_ament_install'
[1.605s] Level 1:colcon.colcon_core.package_identification:_identify(crazyswarm2/crazyflie_py) by extensions ['colcon_pkg']
[1.605s] Level 1:colcon.colcon_core.package_identification:_identify(crazyswarm2/crazyflie_py) by extension 'colcon_pkg'
[1.605s] Level 1:colcon.colcon_core.package_identification:_identify(crazyswarm2/crazyflie_py) by extensions ['colcon_meta']
[1.605s] Level 1:colcon.colcon_core.package_identification:_identify(crazyswarm2/crazyflie_py) by extension 'colcon_meta'
[1.605s] Level 1:colcon.colcon_core.package_identification:_identify(crazyswarm2/crazyflie_py) by extensions ['ros']
[1.605s] Level 1:colcon.colcon_core.package_identification:_identify(crazyswarm2/crazyflie_py) by extension 'ros'
[1.606s] DEBUG:colcon.colcon_core.package_identification:Package 'crazyswarm2/crazyflie_py' with type 'ros.ament_python' and name 'crazyflie_py'
[1.606s] Level 1:colcon.colcon_core.package_identification:_identify(crazyswarm2/crazyflie_sim) by extensions ['ignore', 'ignore_ament_install']
[1.606s] Level 1:colcon.colcon_core.package_identification:_identify(crazyswarm2/crazyflie_sim) by extension 'ignore'
[1.606s] Level 1:colcon.colcon_core.package_identification:_identify(crazyswarm2/crazyflie_sim) by extension 'ignore_ament_install'
[1.606s] Level 1:colcon.colcon_core.package_identification:_identify(crazyswarm2/crazyflie_sim) by extensions ['colcon_pkg']
[1.606s] Level 1:colcon.colcon_core.package_identification:_identify(crazyswarm2/crazyflie_sim) by extension 'colcon_pkg'
[1.606s] Level 1:colcon.colcon_core.package_identification:_identify(crazyswarm2/crazyflie_sim) by extensions ['colcon_meta']
[1.606s] Level 1:colcon.colcon_core.package_identification:_identify(crazyswarm2/crazyflie_sim) by extension 'colcon_meta'
[1.606s] Level 1:colcon.colcon_core.package_identification:_identify(crazyswarm2/crazyflie_sim) by extensions ['ros']
[1.606s] Level 1:colcon.colcon_core.package_identification:_identify(crazyswarm2/crazyflie_sim) by extension 'ros'
[1.607s] DEBUG:colcon.colcon_core.package_identification:Package 'crazyswarm2/crazyflie_sim' with type 'ros.ament_cmake' and name 'crazyflie_sim'
[1.607s] Level 1:colcon.colcon_core.package_identification:_identify(crazyswarm2/docs) by extensions ['ignore', 'ignore_ament_install']
[1.608s] Level 1:colcon.colcon_core.package_identification:_identify(crazyswarm2/docs) by extension 'ignore'
[1.608s] Level 1:colcon.colcon_core.package_identification:_identify(crazyswarm2/docs) by extension 'ignore_ament_install'
[1.608s] Level 1:colcon.colcon_core.package_identification:_identify(crazyswarm2/docs) by extensions ['colcon_pkg']
[1.608s] Level 1:colcon.colcon_core.package_identification:_identify(crazyswarm2/docs) by extension 'colcon_pkg'
[1.608s] Level 1:colcon.colcon_core.package_identification:_identify(crazyswarm2/docs) by extensions ['colcon_meta']
[1.608s] Level 1:colcon.colcon_core.package_identification:_identify(crazyswarm2/docs) by extension 'colcon_meta'
[1.608s] Level 1:colcon.colcon_core.package_identification:_identify(crazyswarm2/docs) by extensions ['ros']
[1.608s] Level 1:colcon.colcon_core.package_identification:_identify(crazyswarm2/docs) by extension 'ros'
[1.608s] Level 1:colcon.colcon_core.package_identification:_identify(crazyswarm2/docs) by extensions ['cmake', 'python']
[1.608s] Level 1:colcon.colcon_core.package_identification:_identify(crazyswarm2/docs) by extension 'cmake'
[1.608s] Level 1:colcon.colcon_core.package_identification:_identify(crazyswarm2/docs) by extension 'python'
[1.608s] Level 1:colcon.colcon_core.package_identification:_identify(crazyswarm2/docs) by extensions ['python_setup_py']
[1.608s] Level 1:colcon.colcon_core.package_identification:_identify(crazyswarm2/docs) by extension 'python_setup_py'
[1.608s] Level 1:colcon.colcon_core.package_identification:_identify(crazyswarm2/docs/generated) by extensions ['ignore', 'ignore_ament_install']
[1.609s] Level 1:colcon.colcon_core.package_identification:_identify(crazyswarm2/docs/generated) by extension 'ignore'
[1.609s] Level 1:colcon.colcon_core.package_identification:_identify(crazyswarm2/docs/generated) by extension 'ignore_ament_install'
[1.609s] Level 1:colcon.colcon_core.package_identification:_identify(crazyswarm2/docs/generated) by extensions ['colcon_pkg']
[1.609s] Level 1:colcon.colcon_core.package_identification:_identify(crazyswarm2/docs/generated) by extension 'colcon_pkg'
[1.609s] Level 1:colcon.colcon_core.package_identification:_identify(crazyswarm2/docs/generated) by extensions ['colcon_meta']
[1.609s] Level 1:colcon.colcon_core.package_identification:_identify(crazyswarm2/docs/generated) by extension 'colcon_meta'
[1.609s] Level 1:colcon.colcon_core.package_identification:_identify(crazyswarm2/docs/generated) by extensions ['ros']
[1.609s] Level 1:colcon.colcon_core.package_identification:_identify(crazyswarm2/docs/generated) by extension 'ros'
[1.609s] Level 1:colcon.colcon_core.package_identification:_identify(crazyswarm2/docs/generated) by extensions ['cmake', 'python']
[1.609s] Level 1:colcon.colcon_core.package_identification:_identify(crazyswarm2/docs/generated) by extension 'cmake'
[1.609s] Level 1:colcon.colcon_core.package_identification:_identify(crazyswarm2/docs/generated) by extension 'python'
[1.609s] Level 1:colcon.colcon_core.package_identification:_identify(crazyswarm2/docs/generated) by extensions ['python_setup_py']
[1.609s] Level 1:colcon.colcon_core.package_identification:_identify(crazyswarm2/docs/generated) by extension 'python_setup_py'
[1.609s] Level 1:colcon.colcon_core.package_identification:_identify(crazyswarm2/docs/howto) by extensions ['ignore', 'ignore_ament_install']
[1.609s] Level 1:colcon.colcon_core.package_identification:_identify(crazyswarm2/docs/howto) by extension 'ignore'
[1.610s] Level 1:colcon.colcon_core.package_identification:_identify(crazyswarm2/docs/howto) by extension 'ignore_ament_install'
[1.610s] Level 1:colcon.colcon_core.package_identification:_identify(crazyswarm2/docs/howto) by extensions ['colcon_pkg']
[1.610s] Level 1:colcon.colcon_core.package_identification:_identify(crazyswarm2/docs/howto) by extension 'colcon_pkg'
[1.610s] Level 1:colcon.colcon_core.package_identification:_identify(crazyswarm2/docs/howto) by extensions ['colcon_meta']
[1.610s] Level 1:colcon.colcon_core.package_identification:_identify(crazyswarm2/docs/howto) by extension 'colcon_meta'
[1.610s] Level 1:colcon.colcon_core.package_identification:_identify(crazyswarm2/docs/howto) by extensions ['ros']
[1.610s] Level 1:colcon.colcon_core.package_identification:_identify(crazyswarm2/docs/howto) by extension 'ros'
[1.610s] Level 1:colcon.colcon_core.package_identification:_identify(crazyswarm2/docs/howto) by extensions ['cmake', 'python']
[1.610s] Level 1:colcon.colcon_core.package_identification:_identify(crazyswarm2/docs/howto) by extension 'cmake'
[1.610s] Level 1:colcon.colcon_core.package_identification:_identify(crazyswarm2/docs/howto) by extension 'python'
[1.610s] Level 1:colcon.colcon_core.package_identification:_identify(crazyswarm2/docs/howto) by extensions ['python_setup_py']
[1.610s] Level 1:colcon.colcon_core.package_identification:_identify(crazyswarm2/docs/howto) by extension 'python_setup_py'
[1.610s] Level 1:colcon.colcon_core.package_identification:_identify(crazyswarm2/docs/images) by extensions ['ignore', 'ignore_ament_install']
[1.610s] Level 1:colcon.colcon_core.package_identification:_identify(crazyswarm2/docs/images) by extension 'ignore'
[1.610s] Level 1:colcon.colcon_core.package_identification:_identify(crazyswarm2/docs/images) by extension 'ignore_ament_install'
[1.610s] Level 1:colcon.colcon_core.package_identification:_identify(crazyswarm2/docs/images) by extensions ['colcon_pkg']
[1.611s] Level 1:colcon.colcon_core.package_identification:_identify(crazyswarm2/docs/images) by extension 'colcon_pkg'
[1.611s] Level 1:colcon.colcon_core.package_identification:_identify(crazyswarm2/docs/images) by extensions ['colcon_meta']
[1.611s] Level 1:colcon.colcon_core.package_identification:_identify(crazyswarm2/docs/images) by extension 'colcon_meta'
[1.611s] Level 1:colcon.colcon_core.package_identification:_identify(crazyswarm2/docs/images) by extensions ['ros']
[1.611s] Level 1:colcon.colcon_core.package_identification:_identify(crazyswarm2/docs/images) by extension 'ros'
[1.611s] Level 1:colcon.colcon_core.package_identification:_identify(crazyswarm2/docs/images) by extensions ['cmake', 'python']
[1.611s] Level 1:colcon.colcon_core.package_identification:_identify(crazyswarm2/docs/images) by extension 'cmake'
[1.611s] Level 1:colcon.colcon_core.package_identification:_identify(crazyswarm2/docs/images) by extension 'python'
[1.611s] Level 1:colcon.colcon_core.package_identification:_identify(crazyswarm2/docs/images) by extensions ['python_setup_py']
[1.611s] Level 1:colcon.colcon_core.package_identification:_identify(crazyswarm2/docs/images) by extension 'python_setup_py'
[1.611s] Level 1:colcon.colcon_core.package_identification:_identify(crazyswarm2/docs/tutorials) by extensions ['ignore', 'ignore_ament_install']
[1.611s] Level 1:colcon.colcon_core.package_identification:_identify(crazyswarm2/docs/tutorials) by extension 'ignore'
[1.611s] Level 1:colcon.colcon_core.package_identification:_identify(crazyswarm2/docs/tutorials) by extension 'ignore_ament_install'
[1.611s] Level 1:colcon.colcon_core.package_identification:_identify(crazyswarm2/docs/tutorials) by extensions ['colcon_pkg']
[1.611s] Level 1:colcon.colcon_core.package_identification:_identify(crazyswarm2/docs/tutorials) by extension 'colcon_pkg'
[1.612s] Level 1:colcon.colcon_core.package_identification:_identify(crazyswarm2/docs/tutorials) by extensions ['colcon_meta']
[1.612s] Level 1:colcon.colcon_core.package_identification:_identify(crazyswarm2/docs/tutorials) by extension 'colcon_meta'
[1.612s] Level 1:colcon.colcon_core.package_identification:_identify(crazyswarm2/docs/tutorials) by extensions ['ros']
[1.612s] Level 1:colcon.colcon_core.package_identification:_identify(crazyswarm2/docs/tutorials) by extension 'ros'
[1.612s] Level 1:colcon.colcon_core.package_identification:_identify(crazyswarm2/docs/tutorials) by extensions ['cmake', 'python']
[1.612s] Level 1:colcon.colcon_core.package_identification:_identify(crazyswarm2/docs/tutorials) by extension 'cmake'
[1.612s] Level 1:colcon.colcon_core.package_identification:_identify(crazyswarm2/docs/tutorials) by extension 'python'
[1.612s] Level 1:colcon.colcon_core.package_identification:_identify(crazyswarm2/docs/tutorials) by extensions ['python_setup_py']
[1.612s] Level 1:colcon.colcon_core.package_identification:_identify(crazyswarm2/docs/tutorials) by extension 'python_setup_py'
[1.612s] Level 1:colcon.colcon_core.package_identification:_identify(crazyswarm2/docs2) by extensions ['ignore', 'ignore_ament_install']
[1.612s] Level 1:colcon.colcon_core.package_identification:_identify(crazyswarm2/docs2) by extension 'ignore'
[1.612s] Level 1:colcon.colcon_core.package_identification:_identify(crazyswarm2/docs2) by extension 'ignore_ament_install'
[1.612s] Level 1:colcon.colcon_core.package_identification:_identify(crazyswarm2/docs2) by extensions ['colcon_pkg']
[1.612s] Level 1:colcon.colcon_core.package_identification:_identify(crazyswarm2/docs2) by extension 'colcon_pkg'
[1.612s] Level 1:colcon.colcon_core.package_identification:_identify(crazyswarm2/docs2) by extensions ['colcon_meta']
[1.613s] Level 1:colcon.colcon_core.package_identification:_identify(crazyswarm2/docs2) by extension 'colcon_meta'
[1.613s] Level 1:colcon.colcon_core.package_identification:_identify(crazyswarm2/docs2) by extensions ['ros']
[1.613s] Level 1:colcon.colcon_core.package_identification:_identify(crazyswarm2/docs2) by extension 'ros'
[1.613s] Level 1:colcon.colcon_core.package_identification:_identify(crazyswarm2/docs2) by extensions ['cmake', 'python']
[1.613s] Level 1:colcon.colcon_core.package_identification:_identify(crazyswarm2/docs2) by extension 'cmake'
[1.613s] Level 1:colcon.colcon_core.package_identification:_identify(crazyswarm2/docs2) by extension 'python'
[1.613s] Level 1:colcon.colcon_core.package_identification:_identify(crazyswarm2/docs2) by extensions ['python_setup_py']
[1.613s] Level 1:colcon.colcon_core.package_identification:_identify(crazyswarm2/docs2) by extension 'python_setup_py'
[1.613s] Level 1:colcon.colcon_core.package_identification:_identify(crazyswarm2/docs2/images) by extensions ['ignore', 'ignore_ament_install']
[1.613s] Level 1:colcon.colcon_core.package_identification:_identify(crazyswarm2/docs2/images) by extension 'ignore'
[1.613s] Level 1:colcon.colcon_core.package_identification:_identify(crazyswarm2/docs2/images) by extension 'ignore_ament_install'
[1.613s] Level 1:colcon.colcon_core.package_identification:_identify(crazyswarm2/docs2/images) by extensions ['colcon_pkg']
[1.613s] Level 1:colcon.colcon_core.package_identification:_identify(crazyswarm2/docs2/images) by extension 'colcon_pkg'
[1.613s] Level 1:colcon.colcon_core.package_identification:_identify(crazyswarm2/docs2/images) by extensions ['colcon_meta']
[1.613s] Level 1:colcon.colcon_core.package_identification:_identify(crazyswarm2/docs2/images) by extension 'colcon_meta'
[1.613s] Level 1:colcon.colcon_core.package_identification:_identify(crazyswarm2/docs2/images) by extensions ['ros']
[1.614s] Level 1:colcon.colcon_core.package_identification:_identify(crazyswarm2/docs2/images) by extension 'ros'
[1.614s] Level 1:colcon.colcon_core.package_identification:_identify(crazyswarm2/docs2/images) by extensions ['cmake', 'python']
[1.614s] Level 1:colcon.colcon_core.package_identification:_identify(crazyswarm2/docs2/images) by extension 'cmake'
[1.614s] Level 1:colcon.colcon_core.package_identification:_identify(crazyswarm2/docs2/images) by extension 'python'
[1.614s] Level 1:colcon.colcon_core.package_identification:_identify(crazyswarm2/docs2/images) by extensions ['python_setup_py']
[1.614s] Level 1:colcon.colcon_core.package_identification:_identify(crazyswarm2/docs2/images) by extension 'python_setup_py'
[1.614s] Level 1:colcon.colcon_core.package_identification:_identify(crazyswarm2/prebuilt) by extensions ['ignore', 'ignore_ament_install']
[1.614s] Level 1:colcon.colcon_core.package_identification:_identify(crazyswarm2/prebuilt) by extension 'ignore'
[1.614s] Level 1:colcon.colcon_core.package_identification:_identify(crazyswarm2/prebuilt) by extension 'ignore_ament_install'
[1.614s] Level 1:colcon.colcon_core.package_identification:_identify(crazyswarm2/prebuilt) by extensions ['colcon_pkg']
[1.614s] Level 1:colcon.colcon_core.package_identification:_identify(crazyswarm2/prebuilt) by extension 'colcon_pkg'
[1.614s] Level 1:colcon.colcon_core.package_identification:_identify(crazyswarm2/prebuilt) by extensions ['colcon_meta']
[1.614s] Level 1:colcon.colcon_core.package_identification:_identify(crazyswarm2/prebuilt) by extension 'colcon_meta'
[1.614s] Level 1:colcon.colcon_core.package_identification:_identify(crazyswarm2/prebuilt) by extensions ['ros']
[1.614s] Level 1:colcon.colcon_core.package_identification:_identify(crazyswarm2/prebuilt) by extension 'ros'
[1.615s] Level 1:colcon.colcon_core.package_identification:_identify(crazyswarm2/prebuilt) by extensions ['cmake', 'python']
[1.615s] Level 1:colcon.colcon_core.package_identification:_identify(crazyswarm2/prebuilt) by extension 'cmake'
[1.615s] Level 1:colcon.colcon_core.package_identification:_identify(crazyswarm2/prebuilt) by extension 'python'
[1.615s] Level 1:colcon.colcon_core.package_identification:_identify(crazyswarm2/prebuilt) by extensions ['python_setup_py']
[1.615s] Level 1:colcon.colcon_core.package_identification:_identify(crazyswarm2/prebuilt) by extension 'python_setup_py'
[1.615s] Level 1:colcon.colcon_core.package_identification:_identify(crazyswarm2/ros_ws) by extensions ['ignore', 'ignore_ament_install']
[1.615s] Level 1:colcon.colcon_core.package_identification:_identify(crazyswarm2/ros_ws) by extension 'ignore'
[1.615s] Level 1:colcon.colcon_core.package_identification:_identify(crazyswarm2/ros_ws) by extension 'ignore_ament_install'
[1.615s] Level 1:colcon.colcon_core.package_identification:_identify(crazyswarm2/ros_ws) by extensions ['colcon_pkg']
[1.615s] Level 1:colcon.colcon_core.package_identification:_identify(crazyswarm2/ros_ws) by extension 'colcon_pkg'
[1.615s] Level 1:colcon.colcon_core.package_identification:_identify(crazyswarm2/ros_ws) by extensions ['colcon_meta']
[1.615s] Level 1:colcon.colcon_core.package_identification:_identify(crazyswarm2/ros_ws) by extension 'colcon_meta'
[1.615s] Level 1:colcon.colcon_core.package_identification:_identify(crazyswarm2/ros_ws) by extensions ['ros']
[1.615s] Level 1:colcon.colcon_core.package_identification:_identify(crazyswarm2/ros_ws) by extension 'ros'
[1.615s] Level 1:colcon.colcon_core.package_identification:_identify(crazyswarm2/ros_ws) by extensions ['cmake', 'python']
[1.615s] Level 1:colcon.colcon_core.package_identification:_identify(crazyswarm2/ros_ws) by extension 'cmake'
[1.616s] Level 1:colcon.colcon_core.package_identification:_identify(crazyswarm2/ros_ws) by extension 'python'
[1.616s] Level 1:colcon.colcon_core.package_identification:_identify(crazyswarm2/ros_ws) by extensions ['python_setup_py']
[1.616s] Level 1:colcon.colcon_core.package_identification:_identify(crazyswarm2/ros_ws) by extension 'python_setup_py'
[1.616s] Level 1:colcon.colcon_core.package_identification:_identify(crazyswarm2/ros_ws/src) by extensions ['ignore', 'ignore_ament_install']
[1.616s] Level 1:colcon.colcon_core.package_identification:_identify(crazyswarm2/ros_ws/src) by extension 'ignore'
[1.616s] Level 1:colcon.colcon_core.package_identification:_identify(crazyswarm2/ros_ws/src) by extension 'ignore_ament_install'
[1.616s] Level 1:colcon.colcon_core.package_identification:_identify(crazyswarm2/ros_ws/src) by extensions ['colcon_pkg']
[1.616s] Level 1:colcon.colcon_core.package_identification:_identify(crazyswarm2/ros_ws/src) by extension 'colcon_pkg'
[1.616s] Level 1:colcon.colcon_core.package_identification:_identify(crazyswarm2/ros_ws/src) by extensions ['colcon_meta']
[1.616s] Level 1:colcon.colcon_core.package_identification:_identify(crazyswarm2/ros_ws/src) by extension 'colcon_meta'
[1.616s] Level 1:colcon.colcon_core.package_identification:_identify(crazyswarm2/ros_ws/src) by extensions ['ros']
[1.616s] Level 1:colcon.colcon_core.package_identification:_identify(crazyswarm2/ros_ws/src) by extension 'ros'
[1.616s] Level 1:colcon.colcon_core.package_identification:_identify(crazyswarm2/ros_ws/src) by extensions ['cmake', 'python']
[1.616s] Level 1:colcon.colcon_core.package_identification:_identify(crazyswarm2/ros_ws/src) by extension 'cmake'
[1.616s] Level 1:colcon.colcon_core.package_identification:_identify(crazyswarm2/ros_ws/src) by extension 'python'
[1.616s] Level 1:colcon.colcon_core.package_identification:_identify(crazyswarm2/ros_ws/src) by extensions ['python_setup_py']
[1.617s] Level 1:colcon.colcon_core.package_identification:_identify(crazyswarm2/ros_ws/src) by extension 'python_setup_py'
[1.617s] Level 1:colcon.colcon_core.package_identification:_identify(crazyswarm2/ros_ws/src/crazyswarm) by extensions ['ignore', 'ignore_ament_install']
[1.617s] Level 1:colcon.colcon_core.package_identification:_identify(crazyswarm2/ros_ws/src/crazyswarm) by extension 'ignore'
[1.617s] Level 1:colcon.colcon_core.package_identification:_identify(crazyswarm2/ros_ws/src/crazyswarm) by extension 'ignore_ament_install'
[1.617s] Level 1:colcon.colcon_core.package_identification:_identify(crazyswarm2/ros_ws/src/crazyswarm) by extensions ['colcon_pkg']
[1.617s] Level 1:colcon.colcon_core.package_identification:_identify(crazyswarm2/ros_ws/src/crazyswarm) by extension 'colcon_pkg'
[1.617s] Level 1:colcon.colcon_core.package_identification:_identify(crazyswarm2/ros_ws/src/crazyswarm) by extensions ['colcon_meta']
[1.617s] Level 1:colcon.colcon_core.package_identification:_identify(crazyswarm2/ros_ws/src/crazyswarm) by extension 'colcon_meta'
[1.617s] Level 1:colcon.colcon_core.package_identification:_identify(crazyswarm2/ros_ws/src/crazyswarm) by extensions ['ros']
[1.617s] Level 1:colcon.colcon_core.package_identification:_identify(crazyswarm2/ros_ws/src/crazyswarm) by extension 'ros'
[1.617s] Level 1:colcon.colcon_core.package_identification:_identify(crazyswarm2/ros_ws/src/crazyswarm) by extensions ['cmake', 'python']
[1.617s] Level 1:colcon.colcon_core.package_identification:_identify(crazyswarm2/ros_ws/src/crazyswarm) by extension 'cmake'
[1.617s] Level 1:colcon.colcon_core.package_identification:_identify(crazyswarm2/ros_ws/src/crazyswarm) by extension 'python'
[1.617s] Level 1:colcon.colcon_core.package_identification:_identify(crazyswarm2/ros_ws/src/crazyswarm) by extensions ['python_setup_py']
[1.617s] Level 1:colcon.colcon_core.package_identification:_identify(crazyswarm2/ros_ws/src/crazyswarm) by extension 'python_setup_py'
[1.618s] Level 1:colcon.colcon_core.package_identification:_identify(crazyswarm2/ros_ws/src/crazyswarm/launch) by extensions ['ignore', 'ignore_ament_install']
[1.618s] Level 1:colcon.colcon_core.package_identification:_identify(crazyswarm2/ros_ws/src/crazyswarm/launch) by extension 'ignore'
[1.618s] Level 1:colcon.colcon_core.package_identification:_identify(crazyswarm2/ros_ws/src/crazyswarm/launch) by extension 'ignore_ament_install'
[1.618s] Level 1:colcon.colcon_core.package_identification:_identify(crazyswarm2/ros_ws/src/crazyswarm/launch) by extensions ['colcon_pkg']
[1.618s] Level 1:colcon.colcon_core.package_identification:_identify(crazyswarm2/ros_ws/src/crazyswarm/launch) by extension 'colcon_pkg'
[1.618s] Level 1:colcon.colcon_core.package_identification:_identify(crazyswarm2/ros_ws/src/crazyswarm/launch) by extensions ['colcon_meta']
[1.618s] Level 1:colcon.colcon_core.package_identification:_identify(crazyswarm2/ros_ws/src/crazyswarm/launch) by extension 'colcon_meta'
[1.618s] Level 1:colcon.colcon_core.package_identification:_identify(crazyswarm2/ros_ws/src/crazyswarm/launch) by extensions ['ros']
[1.618s] Level 1:colcon.colcon_core.package_identification:_identify(crazyswarm2/ros_ws/src/crazyswarm/launch) by extension 'ros'
[1.618s] Level 1:colcon.colcon_core.package_identification:_identify(crazyswarm2/ros_ws/src/crazyswarm/launch) by extensions ['cmake', 'python']
[1.618s] Level 1:colcon.colcon_core.package_identification:_identify(crazyswarm2/ros_ws/src/crazyswarm/launch) by extension 'cmake'
[1.618s] Level 1:colcon.colcon_core.package_identification:_identify(crazyswarm2/ros_ws/src/crazyswarm/launch) by extension 'python'
[1.618s] Level 1:colcon.colcon_core.package_identification:_identify(crazyswarm2/ros_ws/src/crazyswarm/launch) by extensions ['python_setup_py']
[1.618s] Level 1:colcon.colcon_core.package_identification:_identify(crazyswarm2/ros_ws/src/crazyswarm/launch) by extension 'python_setup_py'
[1.619s] Level 1:colcon.colcon_core.package_identification:_identify(crazyswarm2/ros_ws/src/crazyswarm/scripts) by extensions ['ignore', 'ignore_ament_install']
[1.619s] Level 1:colcon.colcon_core.package_identification:_identify(crazyswarm2/ros_ws/src/crazyswarm/scripts) by extension 'ignore'
[1.619s] Level 1:colcon.colcon_core.package_identification:_identify(crazyswarm2/ros_ws/src/crazyswarm/scripts) by extension 'ignore_ament_install'
[1.619s] Level 1:colcon.colcon_core.package_identification:_identify(crazyswarm2/ros_ws/src/crazyswarm/scripts) by extensions ['colcon_pkg']
[1.619s] Level 1:colcon.colcon_core.package_identification:_identify(crazyswarm2/ros_ws/src/crazyswarm/scripts) by extension 'colcon_pkg'
[1.619s] Level 1:colcon.colcon_core.package_identification:_identify(crazyswarm2/ros_ws/src/crazyswarm/scripts) by extensions ['colcon_meta']
[1.619s] Level 1:colcon.colcon_core.package_identification:_identify(crazyswarm2/ros_ws/src/crazyswarm/scripts) by extension 'colcon_meta'
[1.619s] Level 1:colcon.colcon_core.package_identification:_identify(crazyswarm2/ros_ws/src/crazyswarm/scripts) by extensions ['ros']
[1.619s] Level 1:colcon.colcon_core.package_identification:_identify(crazyswarm2/ros_ws/src/crazyswarm/scripts) by extension 'ros'
[1.619s] Level 1:colcon.colcon_core.package_identification:_identify(crazyswarm2/ros_ws/src/crazyswarm/scripts) by extensions ['cmake', 'python']
[1.619s] Level 1:colcon.colcon_core.package_identification:_identify(crazyswarm2/ros_ws/src/crazyswarm/scripts) by extension 'cmake'
[1.619s] Level 1:colcon.colcon_core.package_identification:_identify(crazyswarm2/ros_ws/src/crazyswarm/scripts) by extension 'python'
[1.619s] Level 1:colcon.colcon_core.package_identification:_identify(crazyswarm2/ros_ws/src/crazyswarm/scripts) by extensions ['python_setup_py']
[1.619s] Level 1:colcon.colcon_core.package_identification:_identify(crazyswarm2/ros_ws/src/crazyswarm/scripts) by extension 'python_setup_py'
[1.620s] Level 1:colcon.colcon_core.package_identification:_identify(crazyswarm2/ros_ws/src/crazyswarm/scripts/crossing2_pps) by extensions ['ignore', 'ignore_ament_install']
[1.620s] Level 1:colcon.colcon_core.package_identification:_identify(crazyswarm2/ros_ws/src/crazyswarm/scripts/crossing2_pps) by extension 'ignore'
[1.620s] Level 1:colcon.colcon_core.package_identification:_identify(crazyswarm2/ros_ws/src/crazyswarm/scripts/crossing2_pps) by extension 'ignore_ament_install'
[1.620s] Level 1:colcon.colcon_core.package_identification:_identify(crazyswarm2/ros_ws/src/crazyswarm/scripts/crossing2_pps) by extensions ['colcon_pkg']
[1.620s] Level 1:colcon.colcon_core.package_identification:_identify(crazyswarm2/ros_ws/src/crazyswarm/scripts/crossing2_pps) by extension 'colcon_pkg'
[1.620s] Level 1:colcon.colcon_core.package_identification:_identify(crazyswarm2/ros_ws/src/crazyswarm/scripts/crossing2_pps) by extensions ['colcon_meta']
[1.620s] Level 1:colcon.colcon_core.package_identification:_identify(crazyswarm2/ros_ws/src/crazyswarm/scripts/crossing2_pps) by extension 'colcon_meta'
[1.620s] Level 1:colcon.colcon_core.package_identification:_identify(crazyswarm2/ros_ws/src/crazyswarm/scripts/crossing2_pps) by extensions ['ros']
[1.620s] Level 1:colcon.colcon_core.package_identification:_identify(crazyswarm2/ros_ws/src/crazyswarm/scripts/crossing2_pps) by extension 'ros'
[1.620s] Level 1:colcon.colcon_core.package_identification:_identify(crazyswarm2/ros_ws/src/crazyswarm/scripts/crossing2_pps) by extensions ['cmake', 'python']
[1.620s] Level 1:colcon.colcon_core.package_identification:_identify(crazyswarm2/ros_ws/src/crazyswarm/scripts/crossing2_pps) by extension 'cmake'
[1.620s] Level 1:colcon.colcon_core.package_identification:_identify(crazyswarm2/ros_ws/src/crazyswarm/scripts/crossing2_pps) by extension 'python'
[1.620s] Level 1:colcon.colcon_core.package_identification:_identify(crazyswarm2/ros_ws/src/crazyswarm/scripts/crossing2_pps) by extensions ['python_setup_py']
[1.620s] Level 1:colcon.colcon_core.package_identification:_identify(crazyswarm2/ros_ws/src/crazyswarm/scripts/crossing2_pps) by extension 'python_setup_py'
[1.621s] Level 1:colcon.colcon_core.package_identification:_identify(crazyswarm2/ros_ws/src/crazyswarm/scripts/crossing4_pps) by extensions ['ignore', 'ignore_ament_install']
[1.621s] Level 1:colcon.colcon_core.package_identification:_identify(crazyswarm2/ros_ws/src/crazyswarm/scripts/crossing4_pps) by extension 'ignore'
[1.621s] Level 1:colcon.colcon_core.package_identification:_identify(crazyswarm2/ros_ws/src/crazyswarm/scripts/crossing4_pps) by extension 'ignore_ament_install'
[1.621s] Level 1:colcon.colcon_core.package_identification:_identify(crazyswarm2/ros_ws/src/crazyswarm/scripts/crossing4_pps) by extensions ['colcon_pkg']
[1.621s] Level 1:colcon.colcon_core.package_identification:_identify(crazyswarm2/ros_ws/src/crazyswarm/scripts/crossing4_pps) by extension 'colcon_pkg'
[1.621s] Level 1:colcon.colcon_core.package_identification:_identify(crazyswarm2/ros_ws/src/crazyswarm/scripts/crossing4_pps) by extensions ['colcon_meta']
[1.621s] Level 1:colcon.colcon_core.package_identification:_identify(crazyswarm2/ros_ws/src/crazyswarm/scripts/crossing4_pps) by extension 'colcon_meta'
[1.621s] Level 1:colcon.colcon_core.package_identification:_identify(crazyswarm2/ros_ws/src/crazyswarm/scripts/crossing4_pps) by extensions ['ros']
[1.621s] Level 1:colcon.colcon_core.package_identification:_identify(crazyswarm2/ros_ws/src/crazyswarm/scripts/crossing4_pps) by extension 'ros'
[1.621s] Level 1:colcon.colcon_core.package_identification:_identify(crazyswarm2/ros_ws/src/crazyswarm/scripts/crossing4_pps) by extensions ['cmake', 'python']
[1.621s] Level 1:colcon.colcon_core.package_identification:_identify(crazyswarm2/ros_ws/src/crazyswarm/scripts/crossing4_pps) by extension 'cmake'
[1.621s] Level 1:colcon.colcon_core.package_identification:_identify(crazyswarm2/ros_ws/src/crazyswarm/scripts/crossing4_pps) by extension 'python'
[1.621s] Level 1:colcon.colcon_core.package_identification:_identify(crazyswarm2/ros_ws/src/crazyswarm/scripts/crossing4_pps) by extensions ['python_setup_py']
[1.621s] Level 1:colcon.colcon_core.package_identification:_identify(crazyswarm2/ros_ws/src/crazyswarm/scripts/crossing4_pps) by extension 'python_setup_py'
[1.622s] Level 1:colcon.colcon_core.package_identification:_identify(crazyswarm2/ros_ws/src/crazyswarm/scripts/sequence_trajectories) by extensions ['ignore', 'ignore_ament_install']
[1.622s] Level 1:colcon.colcon_core.package_identification:_identify(crazyswarm2/ros_ws/src/crazyswarm/scripts/sequence_trajectories) by extension 'ignore'
[1.622s] Level 1:colcon.colcon_core.package_identification:_identify(crazyswarm2/ros_ws/src/crazyswarm/scripts/sequence_trajectories) by extension 'ignore_ament_install'
[1.622s] Level 1:colcon.colcon_core.package_identification:_identify(crazyswarm2/ros_ws/src/crazyswarm/scripts/sequence_trajectories) by extensions ['colcon_pkg']
[1.622s] Level 1:colcon.colcon_core.package_identification:_identify(crazyswarm2/ros_ws/src/crazyswarm/scripts/sequence_trajectories) by extension 'colcon_pkg'
[1.622s] Level 1:colcon.colcon_core.package_identification:_identify(crazyswarm2/ros_ws/src/crazyswarm/scripts/sequence_trajectories) by extensions ['colcon_meta']
[1.622s] Level 1:colcon.colcon_core.package_identification:_identify(crazyswarm2/ros_ws/src/crazyswarm/scripts/sequence_trajectories) by extension 'colcon_meta'
[1.622s] Level 1:colcon.colcon_core.package_identification:_identify(crazyswarm2/ros_ws/src/crazyswarm/scripts/sequence_trajectories) by extensions ['ros']
[1.622s] Level 1:colcon.colcon_core.package_identification:_identify(crazyswarm2/ros_ws/src/crazyswarm/scripts/sequence_trajectories) by extension 'ros'
[1.622s] Level 1:colcon.colcon_core.package_identification:_identify(crazyswarm2/ros_ws/src/crazyswarm/scripts/sequence_trajectories) by extensions ['cmake', 'python']
[1.622s] Level 1:colcon.colcon_core.package_identification:_identify(crazyswarm2/ros_ws/src/crazyswarm/scripts/sequence_trajectories) by extension 'cmake'
[1.622s] Level 1:colcon.colcon_core.package_identification:_identify(crazyswarm2/ros_ws/src/crazyswarm/scripts/sequence_trajectories) by extension 'python'
[1.622s] Level 1:colcon.colcon_core.package_identification:_identify(crazyswarm2/ros_ws/src/crazyswarm/scripts/sequence_trajectories) by extensions ['python_setup_py']
[1.623s] Level 1:colcon.colcon_core.package_identification:_identify(crazyswarm2/ros_ws/src/crazyswarm/scripts/sequence_trajectories) by extension 'python_setup_py'
[1.623s] Level 1:colcon.colcon_core.package_identification:_identify(crazyswarm2/ros_ws/src/crazyswarm/scripts/sequence_trajectories/1) by extensions ['ignore', 'ignore_ament_install']
[1.623s] Level 1:colcon.colcon_core.package_identification:_identify(crazyswarm2/ros_ws/src/crazyswarm/scripts/sequence_trajectories/1) by extension 'ignore'
[1.623s] Level 1:colcon.colcon_core.package_identification:_identify(crazyswarm2/ros_ws/src/crazyswarm/scripts/sequence_trajectories/1) by extension 'ignore_ament_install'
[1.623s] Level 1:colcon.colcon_core.package_identification:_identify(crazyswarm2/ros_ws/src/crazyswarm/scripts/sequence_trajectories/1) by extensions ['colcon_pkg']
[1.623s] Level 1:colcon.colcon_core.package_identification:_identify(crazyswarm2/ros_ws/src/crazyswarm/scripts/sequence_trajectories/1) by extension 'colcon_pkg'
[1.623s] Level 1:colcon.colcon_core.package_identification:_identify(crazyswarm2/ros_ws/src/crazyswarm/scripts/sequence_trajectories/1) by extensions ['colcon_meta']
[1.623s] Level 1:colcon.colcon_core.package_identification:_identify(crazyswarm2/ros_ws/src/crazyswarm/scripts/sequence_trajectories/1) by extension 'colcon_meta'
[1.623s] Level 1:colcon.colcon_core.package_identification:_identify(crazyswarm2/ros_ws/src/crazyswarm/scripts/sequence_trajectories/1) by extensions ['ros']
[1.623s] Level 1:colcon.colcon_core.package_identification:_identify(crazyswarm2/ros_ws/src/crazyswarm/scripts/sequence_trajectories/1) by extension 'ros'
[1.623s] Level 1:colcon.colcon_core.package_identification:_identify(crazyswarm2/ros_ws/src/crazyswarm/scripts/sequence_trajectories/1) by extensions ['cmake', 'python']
[1.623s] Level 1:colcon.colcon_core.package_identification:_identify(crazyswarm2/ros_ws/src/crazyswarm/scripts/sequence_trajectories/1) by extension 'cmake'
[1.623s] Level 1:colcon.colcon_core.package_identification:_identify(crazyswarm2/ros_ws/src/crazyswarm/scripts/sequence_trajectories/1) by extension 'python'
[1.624s] Level 1:colcon.colcon_core.package_identification:_identify(crazyswarm2/ros_ws/src/crazyswarm/scripts/sequence_trajectories/1) by extensions ['python_setup_py']
[1.624s] Level 1:colcon.colcon_core.package_identification:_identify(crazyswarm2/ros_ws/src/crazyswarm/scripts/sequence_trajectories/1) by extension 'python_setup_py'
[1.624s] Level 1:colcon.colcon_core.package_identification:_identify(crazyswarm2/ros_ws/src/crazyswarm/scripts/sequence_trajectories/2) by extensions ['ignore', 'ignore_ament_install']
[1.624s] Level 1:colcon.colcon_core.package_identification:_identify(crazyswarm2/ros_ws/src/crazyswarm/scripts/sequence_trajectories/2) by extension 'ignore'
[1.624s] Level 1:colcon.colcon_core.package_identification:_identify(crazyswarm2/ros_ws/src/crazyswarm/scripts/sequence_trajectories/2) by extension 'ignore_ament_install'
[1.624s] Level 1:colcon.colcon_core.package_identification:_identify(crazyswarm2/ros_ws/src/crazyswarm/scripts/sequence_trajectories/2) by extensions ['colcon_pkg']
[1.624s] Level 1:colcon.colcon_core.package_identification:_identify(crazyswarm2/ros_ws/src/crazyswarm/scripts/sequence_trajectories/2) by extension 'colcon_pkg'
[1.624s] Level 1:colcon.colcon_core.package_identification:_identify(crazyswarm2/ros_ws/src/crazyswarm/scripts/sequence_trajectories/2) by extensions ['colcon_meta']
[1.624s] Level 1:colcon.colcon_core.package_identification:_identify(crazyswarm2/ros_ws/src/crazyswarm/scripts/sequence_trajectories/2) by extension 'colcon_meta'
[1.624s] Level 1:colcon.colcon_core.package_identification:_identify(crazyswarm2/ros_ws/src/crazyswarm/scripts/sequence_trajectories/2) by extensions ['ros']
[1.624s] Level 1:colcon.colcon_core.package_identification:_identify(crazyswarm2/ros_ws/src/crazyswarm/scripts/sequence_trajectories/2) by extension 'ros'
[1.624s] Level 1:colcon.colcon_core.package_identification:_identify(crazyswarm2/ros_ws/src/crazyswarm/scripts/sequence_trajectories/2) by extensions ['cmake', 'python']
[1.624s] Level 1:colcon.colcon_core.package_identification:_identify(crazyswarm2/ros_ws/src/crazyswarm/scripts/sequence_trajectories/2) by extension 'cmake'
[1.625s] Level 1:colcon.colcon_core.package_identification:_identify(crazyswarm2/ros_ws/src/crazyswarm/scripts/sequence_trajectories/2) by extension 'python'
[1.625s] Level 1:colcon.colcon_core.package_identification:_identify(crazyswarm2/ros_ws/src/crazyswarm/scripts/sequence_trajectories/2) by extensions ['python_setup_py']
[1.625s] Level 1:colcon.colcon_core.package_identification:_identify(crazyswarm2/ros_ws/src/crazyswarm/scripts/sequence_trajectories/2) by extension 'python_setup_py'
[1.625s] Level 1:colcon.colcon_core.package_identification:_identify(crazyswarm2/ros_ws/src/crazyswarm/scripts/sequence_trajectories/3) by extensions ['ignore', 'ignore_ament_install']
[1.625s] Level 1:colcon.colcon_core.package_identification:_identify(crazyswarm2/ros_ws/src/crazyswarm/scripts/sequence_trajectories/3) by extension 'ignore'
[1.625s] Level 1:colcon.colcon_core.package_identification:_identify(crazyswarm2/ros_ws/src/crazyswarm/scripts/sequence_trajectories/3) by extension 'ignore_ament_install'
[1.625s] Level 1:colcon.colcon_core.package_identification:_identify(crazyswarm2/ros_ws/src/crazyswarm/scripts/sequence_trajectories/3) by extensions ['colcon_pkg']
[1.625s] Level 1:colcon.colcon_core.package_identification:_identify(crazyswarm2/ros_ws/src/crazyswarm/scripts/sequence_trajectories/3) by extension 'colcon_pkg'
[1.625s] Level 1:colcon.colcon_core.package_identification:_identify(crazyswarm2/ros_ws/src/crazyswarm/scripts/sequence_trajectories/3) by extensions ['colcon_meta']
[1.625s] Level 1:colcon.colcon_core.package_identification:_identify(crazyswarm2/ros_ws/src/crazyswarm/scripts/sequence_trajectories/3) by extension 'colcon_meta'
[1.625s] Level 1:colcon.colcon_core.package_identification:_identify(crazyswarm2/ros_ws/src/crazyswarm/scripts/sequence_trajectories/3) by extensions ['ros']
[1.625s] Level 1:colcon.colcon_core.package_identification:_identify(crazyswarm2/ros_ws/src/crazyswarm/scripts/sequence_trajectories/3) by extension 'ros'
[1.625s] Level 1:colcon.colcon_core.package_identification:_identify(crazyswarm2/ros_ws/src/crazyswarm/scripts/sequence_trajectories/3) by extensions ['cmake', 'python']
[1.625s] Level 1:colcon.colcon_core.package_identification:_identify(crazyswarm2/ros_ws/src/crazyswarm/scripts/sequence_trajectories/3) by extension 'cmake'
[1.626s] Level 1:colcon.colcon_core.package_identification:_identify(crazyswarm2/ros_ws/src/crazyswarm/scripts/sequence_trajectories/3) by extension 'python'
[1.626s] Level 1:colcon.colcon_core.package_identification:_identify(crazyswarm2/ros_ws/src/crazyswarm/scripts/sequence_trajectories/3) by extensions ['python_setup_py']
[1.626s] Level 1:colcon.colcon_core.package_identification:_identify(crazyswarm2/ros_ws/src/crazyswarm/scripts/sequence_trajectories/3) by extension 'python_setup_py'
[1.626s] Level 1:colcon.colcon_core.package_identification:_identify(crazyswarm2/ros_ws/src/crazyswarm/scripts/sequence_trajectories/4) by extensions ['ignore', 'ignore_ament_install']
[1.626s] Level 1:colcon.colcon_core.package_identification:_identify(crazyswarm2/ros_ws/src/crazyswarm/scripts/sequence_trajectories/4) by extension 'ignore'
[1.626s] Level 1:colcon.colcon_core.package_identification:_identify(crazyswarm2/ros_ws/src/crazyswarm/scripts/sequence_trajectories/4) by extension 'ignore_ament_install'
[1.626s] Level 1:colcon.colcon_core.package_identification:_identify(crazyswarm2/ros_ws/src/crazyswarm/scripts/sequence_trajectories/4) by extensions ['colcon_pkg']
[1.626s] Level 1:colcon.colcon_core.package_identification:_identify(crazyswarm2/ros_ws/src/crazyswarm/scripts/sequence_trajectories/4) by extension 'colcon_pkg'
[1.626s] Level 1:colcon.colcon_core.package_identification:_identify(crazyswarm2/ros_ws/src/crazyswarm/scripts/sequence_trajectories/4) by extensions ['colcon_meta']
[1.626s] Level 1:colcon.colcon_core.package_identification:_identify(crazyswarm2/ros_ws/src/crazyswarm/scripts/sequence_trajectories/4) by extension 'colcon_meta'
[1.626s] Level 1:colcon.colcon_core.package_identification:_identify(crazyswarm2/ros_ws/src/crazyswarm/scripts/sequence_trajectories/4) by extensions ['ros']
[1.626s] Level 1:colcon.colcon_core.package_identification:_identify(crazyswarm2/ros_ws/src/crazyswarm/scripts/sequence_trajectories/4) by extension 'ros'
[1.626s] Level 1:colcon.colcon_core.package_identification:_identify(crazyswarm2/ros_ws/src/crazyswarm/scripts/sequence_trajectories/4) by extensions ['cmake', 'python']
[1.627s] Level 1:colcon.colcon_core.package_identification:_identify(crazyswarm2/ros_ws/src/crazyswarm/scripts/sequence_trajectories/4) by extension 'cmake'
[1.627s] Level 1:colcon.colcon_core.package_identification:_identify(crazyswarm2/ros_ws/src/crazyswarm/scripts/sequence_trajectories/4) by extension 'python'
[1.627s] Level 1:colcon.colcon_core.package_identification:_identify(crazyswarm2/ros_ws/src/crazyswarm/scripts/sequence_trajectories/4) by extensions ['python_setup_py']
[1.627s] Level 1:colcon.colcon_core.package_identification:_identify(crazyswarm2/ros_ws/src/crazyswarm/scripts/sequence_trajectories/4) by extension 'python_setup_py'
[1.627s] Level 1:colcon.colcon_core.package_identification:_identify(crazyswarm2/ros_ws/src/crazyswarm/scripts/sequence_trajectories/5) by extensions ['ignore', 'ignore_ament_install']
[1.627s] Level 1:colcon.colcon_core.package_identification:_identify(crazyswarm2/ros_ws/src/crazyswarm/scripts/sequence_trajectories/5) by extension 'ignore'
[1.627s] Level 1:colcon.colcon_core.package_identification:_identify(crazyswarm2/ros_ws/src/crazyswarm/scripts/sequence_trajectories/5) by extension 'ignore_ament_install'
[1.627s] Level 1:colcon.colcon_core.package_identification:_identify(crazyswarm2/ros_ws/src/crazyswarm/scripts/sequence_trajectories/5) by extensions ['colcon_pkg']
[1.627s] Level 1:colcon.colcon_core.package_identification:_identify(crazyswarm2/ros_ws/src/crazyswarm/scripts/sequence_trajectories/5) by extension 'colcon_pkg'
[1.627s] Level 1:colcon.colcon_core.package_identification:_identify(crazyswarm2/ros_ws/src/crazyswarm/scripts/sequence_trajectories/5) by extensions ['colcon_meta']
[1.627s] Level 1:colcon.colcon_core.package_identification:_identify(crazyswarm2/ros_ws/src/crazyswarm/scripts/sequence_trajectories/5) by extension 'colcon_meta'
[1.627s] Level 1:colcon.colcon_core.package_identification:_identify(crazyswarm2/ros_ws/src/crazyswarm/scripts/sequence_trajectories/5) by extensions ['ros']
[1.627s] Level 1:colcon.colcon_core.package_identification:_identify(crazyswarm2/ros_ws/src/crazyswarm/scripts/sequence_trajectories/5) by extension 'ros'
[1.628s] Level 1:colcon.colcon_core.package_identification:_identify(crazyswarm2/ros_ws/src/crazyswarm/scripts/sequence_trajectories/5) by extensions ['cmake', 'python']
[1.628s] Level 1:colcon.colcon_core.package_identification:_identify(crazyswarm2/ros_ws/src/crazyswarm/scripts/sequence_trajectories/5) by extension 'cmake'
[1.628s] Level 1:colcon.colcon_core.package_identification:_identify(crazyswarm2/ros_ws/src/crazyswarm/scripts/sequence_trajectories/5) by extension 'python'
[1.628s] Level 1:colcon.colcon_core.package_identification:_identify(crazyswarm2/ros_ws/src/crazyswarm/scripts/sequence_trajectories/5) by extensions ['python_setup_py']
[1.628s] Level 1:colcon.colcon_core.package_identification:_identify(crazyswarm2/ros_ws/src/crazyswarm/scripts/sequence_trajectories/5) by extension 'python_setup_py'
[1.628s] Level 1:colcon.colcon_core.package_identification:_identify(crazyswarm2/ros_ws/src/crazyswarm/scripts/sequence_trajectories/6) by extensions ['ignore', 'ignore_ament_install']
[1.628s] Level 1:colcon.colcon_core.package_identification:_identify(crazyswarm2/ros_ws/src/crazyswarm/scripts/sequence_trajectories/6) by extension 'ignore'
[1.628s] Level 1:colcon.colcon_core.package_identification:_identify(crazyswarm2/ros_ws/src/crazyswarm/scripts/sequence_trajectories/6) by extension 'ignore_ament_install'
[1.628s] Level 1:colcon.colcon_core.package_identification:_identify(crazyswarm2/ros_ws/src/crazyswarm/scripts/sequence_trajectories/6) by extensions ['colcon_pkg']
[1.628s] Level 1:colcon.colcon_core.package_identification:_identify(crazyswarm2/ros_ws/src/crazyswarm/scripts/sequence_trajectories/6) by extension 'colcon_pkg'
[1.628s] Level 1:colcon.colcon_core.package_identification:_identify(crazyswarm2/ros_ws/src/crazyswarm/scripts/sequence_trajectories/6) by extensions ['colcon_meta']
[1.628s] Level 1:colcon.colcon_core.package_identification:_identify(crazyswarm2/ros_ws/src/crazyswarm/scripts/sequence_trajectories/6) by extension 'colcon_meta'
[1.628s] Level 1:colcon.colcon_core.package_identification:_identify(crazyswarm2/ros_ws/src/crazyswarm/scripts/sequence_trajectories/6) by extensions ['ros']
[1.628s] Level 1:colcon.colcon_core.package_identification:_identify(crazyswarm2/ros_ws/src/crazyswarm/scripts/sequence_trajectories/6) by extension 'ros'
[1.629s] Level 1:colcon.colcon_core.package_identification:_identify(crazyswarm2/ros_ws/src/crazyswarm/scripts/sequence_trajectories/6) by extensions ['cmake', 'python']
[1.629s] Level 1:colcon.colcon_core.package_identification:_identify(crazyswarm2/ros_ws/src/crazyswarm/scripts/sequence_trajectories/6) by extension 'cmake'
[1.629s] Level 1:colcon.colcon_core.package_identification:_identify(crazyswarm2/ros_ws/src/crazyswarm/scripts/sequence_trajectories/6) by extension 'python'
[1.629s] Level 1:colcon.colcon_core.package_identification:_identify(crazyswarm2/ros_ws/src/crazyswarm/scripts/sequence_trajectories/6) by extensions ['python_setup_py']
[1.629s] Level 1:colcon.colcon_core.package_identification:_identify(crazyswarm2/ros_ws/src/crazyswarm/scripts/sequence_trajectories/6) by extension 'python_setup_py'
[1.629s] Level 1:colcon.colcon_core.package_identification:_identify(crazyswarm2/ros_ws/src/crazyswarm/scripts/sequence_trajectories/7) by extensions ['ignore', 'ignore_ament_install']
[1.629s] Level 1:colcon.colcon_core.package_identification:_identify(crazyswarm2/ros_ws/src/crazyswarm/scripts/sequence_trajectories/7) by extension 'ignore'
[1.629s] Level 1:colcon.colcon_core.package_identification:_identify(crazyswarm2/ros_ws/src/crazyswarm/scripts/sequence_trajectories/7) by extension 'ignore_ament_install'
[1.629s] Level 1:colcon.colcon_core.package_identification:_identify(crazyswarm2/ros_ws/src/crazyswarm/scripts/sequence_trajectories/7) by extensions ['colcon_pkg']
[1.629s] Level 1:colcon.colcon_core.package_identification:_identify(crazyswarm2/ros_ws/src/crazyswarm/scripts/sequence_trajectories/7) by extension 'colcon_pkg'
[1.629s] Level 1:colcon.colcon_core.package_identification:_identify(crazyswarm2/ros_ws/src/crazyswarm/scripts/sequence_trajectories/7) by extensions ['colcon_meta']
[1.629s] Level 1:colcon.colcon_core.package_identification:_identify(crazyswarm2/ros_ws/src/crazyswarm/scripts/sequence_trajectories/7) by extension 'colcon_meta'
[1.629s] Level 1:colcon.colcon_core.package_identification:_identify(crazyswarm2/ros_ws/src/crazyswarm/scripts/sequence_trajectories/7) by extensions ['ros']
[1.630s] Level 1:colcon.colcon_core.package_identification:_identify(crazyswarm2/ros_ws/src/crazyswarm/scripts/sequence_trajectories/7) by extension 'ros'
[1.630s] Level 1:colcon.colcon_core.package_identification:_identify(crazyswarm2/ros_ws/src/crazyswarm/scripts/sequence_trajectories/7) by extensions ['cmake', 'python']
[1.630s] Level 1:colcon.colcon_core.package_identification:_identify(crazyswarm2/ros_ws/src/crazyswarm/scripts/sequence_trajectories/7) by extension 'cmake'
[1.630s] Level 1:colcon.colcon_core.package_identification:_identify(crazyswarm2/ros_ws/src/crazyswarm/scripts/sequence_trajectories/7) by extension 'python'
[1.630s] Level 1:colcon.colcon_core.package_identification:_identify(crazyswarm2/ros_ws/src/crazyswarm/scripts/sequence_trajectories/7) by extensions ['python_setup_py']
[1.630s] Level 1:colcon.colcon_core.package_identification:_identify(crazyswarm2/ros_ws/src/crazyswarm/scripts/sequence_trajectories/7) by extension 'python_setup_py'
[1.630s] Level 1:colcon.colcon_core.package_identification:_identify(crazyswarm2/ros_ws/src/crazyswarm/scripts/swap6v_pps) by extensions ['ignore', 'ignore_ament_install']
[1.630s] Level 1:colcon.colcon_core.package_identification:_identify(crazyswarm2/ros_ws/src/crazyswarm/scripts/swap6v_pps) by extension 'ignore'
[1.630s] Level 1:colcon.colcon_core.package_identification:_identify(crazyswarm2/ros_ws/src/crazyswarm/scripts/swap6v_pps) by extension 'ignore_ament_install'
[1.630s] Level 1:colcon.colcon_core.package_identification:_identify(crazyswarm2/ros_ws/src/crazyswarm/scripts/swap6v_pps) by extensions ['colcon_pkg']
[1.630s] Level 1:colcon.colcon_core.package_identification:_identify(crazyswarm2/ros_ws/src/crazyswarm/scripts/swap6v_pps) by extension 'colcon_pkg'
[1.630s] Level 1:colcon.colcon_core.package_identification:_identify(crazyswarm2/ros_ws/src/crazyswarm/scripts/swap6v_pps) by extensions ['colcon_meta']
[1.630s] Level 1:colcon.colcon_core.package_identification:_identify(crazyswarm2/ros_ws/src/crazyswarm/scripts/swap6v_pps) by extension 'colcon_meta'
[1.630s] Level 1:colcon.colcon_core.package_identification:_identify(crazyswarm2/ros_ws/src/crazyswarm/scripts/swap6v_pps) by extensions ['ros']
[1.631s] Level 1:colcon.colcon_core.package_identification:_identify(crazyswarm2/ros_ws/src/crazyswarm/scripts/swap6v_pps) by extension 'ros'
[1.631s] Level 1:colcon.colcon_core.package_identification:_identify(crazyswarm2/ros_ws/src/crazyswarm/scripts/swap6v_pps) by extensions ['cmake', 'python']
[1.631s] Level 1:colcon.colcon_core.package_identification:_identify(crazyswarm2/ros_ws/src/crazyswarm/scripts/swap6v_pps) by extension 'cmake'
[1.631s] Level 1:colcon.colcon_core.package_identification:_identify(crazyswarm2/ros_ws/src/crazyswarm/scripts/swap6v_pps) by extension 'python'
[1.631s] Level 1:colcon.colcon_core.package_identification:_identify(crazyswarm2/ros_ws/src/crazyswarm/scripts/swap6v_pps) by extensions ['python_setup_py']
[1.631s] Level 1:colcon.colcon_core.package_identification:_identify(crazyswarm2/ros_ws/src/crazyswarm/scripts/swap6v_pps) by extension 'python_setup_py'
[1.631s] Level 1:colcon.colcon_core.package_identification:_identify(crazyswarm2/systemtests) by extensions ['ignore', 'ignore_ament_install']
[1.631s] Level 1:colcon.colcon_core.package_identification:_identify(crazyswarm2/systemtests) by extension 'ignore'
[1.631s] Level 1:colcon.colcon_core.package_identification:_identify(crazyswarm2/systemtests) by extension 'ignore_ament_install'
[1.631s] Level 1:colcon.colcon_core.package_identification:_identify(crazyswarm2/systemtests) by extensions ['colcon_pkg']
[1.631s] Level 1:colcon.colcon_core.package_identification:_identify(crazyswarm2/systemtests) by extension 'colcon_pkg'
[1.631s] Level 1:colcon.colcon_core.package_identification:_identify(crazyswarm2/systemtests) by extensions ['colcon_meta']
[1.631s] Level 1:colcon.colcon_core.package_identification:_identify(crazyswarm2/systemtests) by extension 'colcon_meta'
[1.631s] Level 1:colcon.colcon_core.package_identification:_identify(crazyswarm2/systemtests) by extensions ['ros']
[1.631s] Level 1:colcon.colcon_core.package_identification:_identify(crazyswarm2/systemtests) by extension 'ros'
[1.632s] Level 1:colcon.colcon_core.package_identification:_identify(crazyswarm2/systemtests) by extensions ['cmake', 'python']
[1.632s] Level 1:colcon.colcon_core.package_identification:_identify(crazyswarm2/systemtests) by extension 'cmake'
[1.632s] Level 1:colcon.colcon_core.package_identification:_identify(crazyswarm2/systemtests) by extension 'python'
[1.632s] Level 1:colcon.colcon_core.package_identification:_identify(crazyswarm2/systemtests) by extensions ['python_setup_py']
[1.632s] Level 1:colcon.colcon_core.package_identification:_identify(crazyswarm2/systemtests) by extension 'python_setup_py'
[1.632s] Level 1:colcon.colcon_core.package_identification:_identify(install) by extensions ['ignore', 'ignore_ament_install']
[1.632s] Level 1:colcon.colcon_core.package_identification:_identify(install) by extension 'ignore'
[1.632s] Level 1:colcon.colcon_core.package_identification:_identify(install) ignored
[1.632s] Level 1:colcon.colcon_core.package_identification:_identify(log) by extensions ['ignore', 'ignore_ament_install']
[1.632s] Level 1:colcon.colcon_core.package_identification:_identify(log) by extension 'ignore'
[1.633s] Level 1:colcon.colcon_core.package_identification:_identify(log) ignored
[1.633s] Level 1:colcon.colcon_core.package_identification:_identify(motion_capture_tracking) by extensions ['ignore', 'ignore_ament_install']
[1.633s] Level 1:colcon.colcon_core.package_identification:_identify(motion_capture_tracking) by extension 'ignore'
[1.633s] Level 1:colcon.colcon_core.package_identification:_identify(motion_capture_tracking) by extension 'ignore_ament_install'
[1.633s] Level 1:colcon.colcon_core.package_identification:_identify(motion_capture_tracking) by extensions ['colcon_pkg']
[1.633s] Level 1:colcon.colcon_core.package_identification:_identify(motion_capture_tracking) by extension 'colcon_pkg'
[1.633s] Level 1:colcon.colcon_core.package_identification:_identify(motion_capture_tracking) by extensions ['colcon_meta']
[1.633s] Level 1:colcon.colcon_core.package_identification:_identify(motion_capture_tracking) by extension 'colcon_meta'
[1.633s] Level 1:colcon.colcon_core.package_identification:_identify(motion_capture_tracking) by extensions ['ros']
[1.633s] Level 1:colcon.colcon_core.package_identification:_identify(motion_capture_tracking) by extension 'ros'
[1.633s] Level 1:colcon.colcon_core.package_identification:_identify(motion_capture_tracking) by extensions ['cmake', 'python']
[1.633s] Level 1:colcon.colcon_core.package_identification:_identify(motion_capture_tracking) by extension 'cmake'
[1.633s] Level 1:colcon.colcon_core.package_identification:_identify(motion_capture_tracking) by extension 'python'
[1.633s] Level 1:colcon.colcon_core.package_identification:_identify(motion_capture_tracking) by extensions ['python_setup_py']
[1.633s] Level 1:colcon.colcon_core.package_identification:_identify(motion_capture_tracking) by extension 'python_setup_py'
[1.634s] Level 1:colcon.colcon_core.package_identification:_identify(motion_capture_tracking/motion_capture_tracking) by extensions ['ignore', 'ignore_ament_install']
[1.634s] Level 1:colcon.colcon_core.package_identification:_identify(motion_capture_tracking/motion_capture_tracking) by extension 'ignore'
[1.634s] Level 1:colcon.colcon_core.package_identification:_identify(motion_capture_tracking/motion_capture_tracking) by extension 'ignore_ament_install'
[1.634s] Level 1:colcon.colcon_core.package_identification:_identify(motion_capture_tracking/motion_capture_tracking) by extensions ['colcon_pkg']
[1.634s] Level 1:colcon.colcon_core.package_identification:_identify(motion_capture_tracking/motion_capture_tracking) by extension 'colcon_pkg'
[1.634s] Level 1:colcon.colcon_core.package_identification:_identify(motion_capture_tracking/motion_capture_tracking) by extensions ['colcon_meta']
[1.634s] Level 1:colcon.colcon_core.package_identification:_identify(motion_capture_tracking/motion_capture_tracking) by extension 'colcon_meta'
[1.634s] Level 1:colcon.colcon_core.package_identification:_identify(motion_capture_tracking/motion_capture_tracking) by extensions ['ros']
[1.634s] Level 1:colcon.colcon_core.package_identification:_identify(motion_capture_tracking/motion_capture_tracking) by extension 'ros'
[1.635s] DEBUG:colcon.colcon_core.package_identification:Package 'motion_capture_tracking/motion_capture_tracking' with type 'ros.ament_cmake' and name 'motion_capture_tracking'
[1.635s] Level 1:colcon.colcon_core.package_identification:_identify(motion_capture_tracking/motion_capture_tracking_interfaces) by extensions ['ignore', 'ignore_ament_install']
[1.635s] Level 1:colcon.colcon_core.package_identification:_identify(motion_capture_tracking/motion_capture_tracking_interfaces) by extension 'ignore'
[1.635s] Level 1:colcon.colcon_core.package_identification:_identify(motion_capture_tracking/motion_capture_tracking_interfaces) by extension 'ignore_ament_install'
[1.636s] Level 1:colcon.colcon_core.package_identification:_identify(motion_capture_tracking/motion_capture_tracking_interfaces) by extensions ['colcon_pkg']
[1.636s] Level 1:colcon.colcon_core.package_identification:_identify(motion_capture_tracking/motion_capture_tracking_interfaces) by extension 'colcon_pkg'
[1.636s] Level 1:colcon.colcon_core.package_identification:_identify(motion_capture_tracking/motion_capture_tracking_interfaces) by extensions ['colcon_meta']
[1.636s] Level 1:colcon.colcon_core.package_identification:_identify(motion_capture_tracking/motion_capture_tracking_interfaces) by extension 'colcon_meta'
[1.636s] Level 1:colcon.colcon_core.package_identification:_identify(motion_capture_tracking/motion_capture_tracking_interfaces) by extensions ['ros']
[1.636s] Level 1:colcon.colcon_core.package_identification:_identify(motion_capture_tracking/motion_capture_tracking_interfaces) by extension 'ros'
[1.636s] DEBUG:colcon.colcon_core.package_identification:Package 'motion_capture_tracking/motion_capture_tracking_interfaces' with type 'ros.ament_cmake' and name 'motion_capture_tracking_interfaces'
[1.636s] Level 1:colcon.colcon_core.package_discovery:discover_packages(recursive) using defaults
[1.637s] Level 1:colcon.colcon_core.package_discovery:discover_packages(ignore) discover
[1.637s] Level 1:colcon.colcon_core.package_discovery:discover_packages(ignore) using defaults
[1.637s] Level 1:colcon.colcon_core.package_discovery:discover_packages(path) discover
[1.637s] Level 1:colcon.colcon_core.package_discovery:discover_packages(path) using defaults
[1.770s] Level 1:colcon.colcon_core.package_discovery:discover_packages(prefix_path) check parameters
[1.771s] Level 1:colcon.colcon_core.package_discovery:discover_packages(prefix_path) discover
[1.815s] DEBUG:colcon.colcon_installed_package_information.package_discovery:Found 7 installed packages in /home/abd/exp_ws/src/install
[1.838s] DEBUG:colcon.colcon_installed_package_information.package_discovery:Found 303 installed packages in /opt/ros/humble
[1.868s] Level 1:colcon.colcon_core.package_discovery:discover_packages(prefix_path) using defaults
[2.004s] Level 5:colcon.colcon_core.verb:set package 'crazyflie_interfaces' build argument 'cmake_args' from command line to 'None'
[2.004s] Level 5:colcon.colcon_core.verb:set package 'crazyflie_interfaces' build argument 'cmake_target' from command line to 'None'
[2.004s] Level 5:colcon.colcon_core.verb:set package 'crazyflie_interfaces' build argument 'cmake_target_skip_unavailable' from command line to 'False'
[2.004s] Level 5:colcon.colcon_core.verb:set package 'crazyflie_interfaces' build argument 'cmake_clean_cache' from command line to 'False'
[2.005s] Level 5:colcon.colcon_core.verb:set package 'crazyflie_interfaces' build argument 'cmake_clean_first' from command line to 'False'
[2.005s] Level 5:colcon.colcon_core.verb:set package 'crazyflie_interfaces' build argument 'cmake_force_configure' from command line to 'False'
[2.005s] Level 5:colcon.colcon_core.verb:set package 'crazyflie_interfaces' build argument 'ament_cmake_args' from command line to 'None'
[2.005s] Level 5:colcon.colcon_core.verb:set package 'crazyflie_interfaces' build argument 'catkin_cmake_args' from command line to 'None'
[2.005s] Level 5:colcon.colcon_core.verb:set package 'crazyflie_interfaces' build argument 'catkin_skip_building_tests' from command line to 'False'
[2.005s] DEBUG:colcon.colcon_core.verb:Building package 'crazyflie_interfaces' with the following arguments: {'ament_cmake_args': None, 'build_base': '/home/abd/exp_ws/src/build/crazyflie_interfaces', 'catkin_cmake_args': None, 'catkin_skip_building_tests': False, 'cmake_args': None, 'cmake_clean_cache': False, 'cmake_clean_first': False, 'cmake_force_configure': False, 'cmake_target': None, 'cmake_target_skip_unavailable': False, 'install_base': '/home/abd/exp_ws/src/install/crazyflie_interfaces', 'merge_install': False, 'path': '/home/abd/exp_ws/src/crazyswarm2/crazyflie_interfaces', 'symlink_install': False, 'test_result_base': None}
[2.026s] Level 5:colcon.colcon_core.verb:set package 'motion_capture_tracking_interfaces' build argument 'cmake_args' from command line to 'None'
[2.026s] Level 5:colcon.colcon_core.verb:set package 'motion_capture_tracking_interfaces' build argument 'cmake_target' from command line to 'None'
[2.026s] Level 5:colcon.colcon_core.verb:set package 'motion_capture_tracking_interfaces' build argument 'cmake_target_skip_unavailable' from command line to 'False'
[2.026s] Level 5:colcon.colcon_core.verb:set package 'motion_capture_tracking_interfaces' build argument 'cmake_clean_cache' from command line to 'False'
[2.026s] Level 5:colcon.colcon_core.verb:set package 'motion_capture_tracking_interfaces' build argument 'cmake_clean_first' from command line to 'False'
[2.026s] Level 5:colcon.colcon_core.verb:set package 'motion_capture_tracking_interfaces' build argument 'cmake_force_configure' from command line to 'False'
[2.026s] Level 5:colcon.colcon_core.verb:set package 'motion_capture_tracking_interfaces' build argument 'ament_cmake_args' from command line to 'None'
[2.026s] Level 5:colcon.colcon_core.verb:set package 'motion_capture_tracking_interfaces' build argument 'catkin_cmake_args' from command line to 'None'
[2.026s] Level 5:colcon.colcon_core.verb:set package 'motion_capture_tracking_interfaces' build argument 'catkin_skip_building_tests' from command line to 'False'
[2.026s] DEBUG:colcon.colcon_core.verb:Building package 'motion_capture_tracking_interfaces' with the following arguments: {'ament_cmake_args': None, 'build_base': '/home/abd/exp_ws/src/build/motion_capture_tracking_interfaces', 'catkin_cmake_args': None, 'catkin_skip_building_tests': False, 'cmake_args': None, 'cmake_clean_cache': False, 'cmake_clean_first': False, 'cmake_force_configure': False, 'cmake_target': None, 'cmake_target_skip_unavailable': False, 'install_base': '/home/abd/exp_ws/src/install/motion_capture_tracking_interfaces', 'merge_install': False, 'path': '/home/abd/exp_ws/src/motion_capture_tracking/motion_capture_tracking_interfaces', 'symlink_install': False, 'test_result_base': None}
[2.047s] Level 5:colcon.colcon_core.verb:set package 'crazyflie' build argument 'cmake_args' from command line to 'None'
[2.048s] Level 5:colcon.colcon_core.verb:set package 'crazyflie' build argument 'cmake_target' from command line to 'None'
[2.048s] Level 5:colcon.colcon_core.verb:set package 'crazyflie' build argument 'cmake_target_skip_unavailable' from command line to 'False'
[2.048s] Level 5:colcon.colcon_core.verb:set package 'crazyflie' build argument 'cmake_clean_cache' from command line to 'False'
[2.048s] Level 5:colcon.colcon_core.verb:set package 'crazyflie' build argument 'cmake_clean_first' from command line to 'False'
[2.048s] Level 5:colcon.colcon_core.verb:set package 'crazyflie' build argument 'cmake_force_configure' from command line to 'False'
[2.048s] Level 5:colcon.colcon_core.verb:set package 'crazyflie' build argument 'ament_cmake_args' from command line to 'None'
[2.048s] Level 5:colcon.colcon_core.verb:set package 'crazyflie' build argument 'catkin_cmake_args' from command line to 'None'
[2.048s] Level 5:colcon.colcon_core.verb:set package 'crazyflie' build argument 'catkin_skip_building_tests' from command line to 'False'
[2.048s] DEBUG:colcon.colcon_core.verb:Building package 'crazyflie' with the following arguments: {'ament_cmake_args': None, 'build_base': '/home/abd/exp_ws/src/build/crazyflie', 'catkin_cmake_args': None, 'catkin_skip_building_tests': False, 'cmake_args': None, 'cmake_clean_cache': False, 'cmake_clean_first': False, 'cmake_force_configure': False, 'cmake_target': None, 'cmake_target_skip_unavailable': False, 'install_base': '/home/abd/exp_ws/src/install/crazyflie', 'merge_install': False, 'path': '/home/abd/exp_ws/src/crazyswarm2/crazyflie', 'symlink_install': False, 'test_result_base': None}
[2.069s] Level 5:colcon.colcon_core.verb:set package 'crazyflie_py' build argument 'cmake_args' from command line to 'None'
[2.069s] Level 5:colcon.colcon_core.verb:set package 'crazyflie_py' build argument 'cmake_target' from command line to 'None'
[2.069s] Level 5:colcon.colcon_core.verb:set package 'crazyflie_py' build argument 'cmake_target_skip_unavailable' from command line to 'False'
[2.069s] Level 5:colcon.colcon_core.verb:set package 'crazyflie_py' build argument 'cmake_clean_cache' from command line to 'False'
[2.069s] Level 5:colcon.colcon_core.verb:set package 'crazyflie_py' build argument 'cmake_clean_first' from command line to 'False'
[2.069s] Level 5:colcon.colcon_core.verb:set package 'crazyflie_py' build argument 'cmake_force_configure' from command line to 'False'
[2.069s] Level 5:colcon.colcon_core.verb:set package 'crazyflie_py' build argument 'ament_cmake_args' from command line to 'None'
[2.069s] Level 5:colcon.colcon_core.verb:set package 'crazyflie_py' build argument 'catkin_cmake_args' from command line to 'None'
[2.069s] Level 5:colcon.colcon_core.verb:set package 'crazyflie_py' build argument 'catkin_skip_building_tests' from command line to 'False'
[2.069s] DEBUG:colcon.colcon_core.verb:Building package 'crazyflie_py' with the following arguments: {'ament_cmake_args': None, 'build_base': '/home/abd/exp_ws/src/build/crazyflie_py', 'catkin_cmake_args': None, 'catkin_skip_building_tests': False, 'cmake_args': None, 'cmake_clean_cache': False, 'cmake_clean_first': False, 'cmake_force_configure': False, 'cmake_target': None, 'cmake_target_skip_unavailable': False, 'install_base': '/home/abd/exp_ws/src/install/crazyflie_py', 'merge_install': False, 'path': '/home/abd/exp_ws/src/crazyswarm2/crazyflie_py', 'symlink_install': False, 'test_result_base': None}
[2.091s] Level 5:colcon.colcon_core.verb:set package 'crazyflie_sim' build argument 'cmake_args' from command line to 'None'
[2.091s] Level 5:colcon.colcon_core.verb:set package 'crazyflie_sim' build argument 'cmake_target' from command line to 'None'
[2.091s] Level 5:colcon.colcon_core.verb:set package 'crazyflie_sim' build argument 'cmake_target_skip_unavailable' from command line to 'False'
[2.091s] Level 5:colcon.colcon_core.verb:set package 'crazyflie_sim' build argument 'cmake_clean_cache' from command line to 'False'
[2.091s] Level 5:colcon.colcon_core.verb:set package 'crazyflie_sim' build argument 'cmake_clean_first' from command line to 'False'
[2.091s] Level 5:colcon.colcon_core.verb:set package 'crazyflie_sim' build argument 'cmake_force_configure' from command line to 'False'
[2.091s] Level 5:colcon.colcon_core.verb:set package 'crazyflie_sim' build argument 'ament_cmake_args' from command line to 'None'
[2.091s] Level 5:colcon.colcon_core.verb:set package 'crazyflie_sim' build argument 'catkin_cmake_args' from command line to 'None'
[2.091s] Level 5:colcon.colcon_core.verb:set package 'crazyflie_sim' build argument 'catkin_skip_building_tests' from command line to 'False'
[2.092s] DEBUG:colcon.colcon_core.verb:Building package 'crazyflie_sim' with the following arguments: {'ament_cmake_args': None, 'build_base': '/home/abd/exp_ws/src/build/crazyflie_sim', 'catkin_cmake_args': None, 'catkin_skip_building_tests': False, 'cmake_args': None, 'cmake_clean_cache': False, 'cmake_clean_first': False, 'cmake_force_configure': False, 'cmake_target': None, 'cmake_target_skip_unavailable': False, 'install_base': '/home/abd/exp_ws/src/install/crazyflie_sim', 'merge_install': False, 'path': '/home/abd/exp_ws/src/crazyswarm2/crazyflie_sim', 'symlink_install': False, 'test_result_base': None}
[2.116s] Level 5:colcon.colcon_core.verb:set package 'motion_capture_tracking' build argument 'cmake_args' from command line to 'None'
[2.117s] Level 5:colcon.colcon_core.verb:set package 'motion_capture_tracking' build argument 'cmake_target' from command line to 'None'
[2.117s] Level 5:colcon.colcon_core.verb:set package 'motion_capture_tracking' build argument 'cmake_target_skip_unavailable' from command line to 'False'
[2.117s] Level 5:colcon.colcon_core.verb:set package 'motion_capture_tracking' build argument 'cmake_clean_cache' from command line to 'False'
[2.117s] Level 5:colcon.colcon_core.verb:set package 'motion_capture_tracking' build argument 'cmake_clean_first' from command line to 'False'
[2.117s] Level 5:colcon.colcon_core.verb:set package 'motion_capture_tracking' build argument 'cmake_force_configure' from command line to 'False'
[2.117s] Level 5:colcon.colcon_core.verb:set package 'motion_capture_tracking' build argument 'ament_cmake_args' from command line to 'None'
[2.117s] Level 5:colcon.colcon_core.verb:set package 'motion_capture_tracking' build argument 'catkin_cmake_args' from command line to 'None'
[2.117s] Level 5:colcon.colcon_core.verb:set package 'motion_capture_tracking' build argument 'catkin_skip_building_tests' from command line to 'False'
[2.117s] DEBUG:colcon.colcon_core.verb:Building package 'motion_capture_tracking' with the following arguments: {'ament_cmake_args': None, 'build_base': '/home/abd/exp_ws/src/build/motion_capture_tracking', 'catkin_cmake_args': None, 'catkin_skip_building_tests': False, 'cmake_args': None, 'cmake_clean_cache': False, 'cmake_clean_first': False, 'cmake_force_configure': False, 'cmake_target': None, 'cmake_target_skip_unavailable': False, 'install_base': '/home/abd/exp_ws/src/install/motion_capture_tracking', 'merge_install': False, 'path': '/home/abd/exp_ws/src/motion_capture_tracking/motion_capture_tracking', 'symlink_install': False, 'test_result_base': None}
[2.141s] Level 5:colcon.colcon_core.verb:set package 'crazyflie_examples' build argument 'cmake_args' from command line to 'None'
[2.141s] Level 5:colcon.colcon_core.verb:set package 'crazyflie_examples' build argument 'cmake_target' from command line to 'None'
[2.141s] Level 5:colcon.colcon_core.verb:set package 'crazyflie_examples' build argument 'cmake_target_skip_unavailable' from command line to 'False'
[2.141s] Level 5:colcon.colcon_core.verb:set package 'crazyflie_examples' build argument 'cmake_clean_cache' from command line to 'False'
[2.141s] Level 5:colcon.colcon_core.verb:set package 'crazyflie_examples' build argument 'cmake_clean_first' from command line to 'False'
[2.141s] Level 5:colcon.colcon_core.verb:set package 'crazyflie_examples' build argument 'cmake_force_configure' from command line to 'False'
[2.141s] Level 5:colcon.colcon_core.verb:set package 'crazyflie_examples' build argument 'ament_cmake_args' from command line to 'None'
[2.141s] Level 5:colcon.colcon_core.verb:set package 'crazyflie_examples' build argument 'catkin_cmake_args' from command line to 'None'
[2.141s] Level 5:colcon.colcon_core.verb:set package 'crazyflie_examples' build argument 'catkin_skip_building_tests' from command line to 'False'
[2.141s] DEBUG:colcon.colcon_core.verb:Building package 'crazyflie_examples' with the following arguments: {'ament_cmake_args': None, 'build_base': '/home/abd/exp_ws/src/build/crazyflie_examples', 'catkin_cmake_args': None, 'catkin_skip_building_tests': False, 'cmake_args': None, 'cmake_clean_cache': False, 'cmake_clean_first': False, 'cmake_force_configure': False, 'cmake_target': None, 'cmake_target_skip_unavailable': False, 'install_base': '/home/abd/exp_ws/src/install/crazyflie_examples', 'merge_install': False, 'path': '/home/abd/exp_ws/src/crazyswarm2/crazyflie_examples', 'symlink_install': False, 'test_result_base': None}
[2.165s] INFO:colcon.colcon_core.executor:Executing jobs using 'parallel' executor
[2.188s] DEBUG:colcon.colcon_parallel_executor.executor.parallel:run_until_complete
[2.189s] INFO:colcon.colcon_ros.task.ament_cmake.build:Building ROS package in '/home/abd/exp_ws/src/crazyswarm2/crazyflie_interfaces' with build type 'ament_cmake'
[2.189s] INFO:colcon.colcon_cmake.task.cmake.build:Building CMake package in '/home/abd/exp_ws/src/crazyswarm2/crazyflie_interfaces'
[2.215s] INFO:colcon.colcon_core.plugin_system:Skipping extension 'colcon_core.shell.bat': Not used on non-Windows systems
[2.215s] INFO:colcon.colcon_core.shell:Skip shell extension 'powershell' for command environment: Not usable outside of PowerShell
[2.215s] DEBUG:colcon.colcon_core.shell:Skip shell extension 'dsv' for command environment
[2.291s] INFO:colcon.colcon_ros.task.ament_cmake.build:Building ROS package in '/home/abd/exp_ws/src/motion_capture_tracking/motion_capture_tracking_interfaces' with build type 'ament_cmake'
[2.291s] INFO:colcon.colcon_cmake.task.cmake.build:Building CMake package in '/home/abd/exp_ws/src/motion_capture_tracking/motion_capture_tracking_interfaces'
[2.313s] INFO:colcon.colcon_core.shell:Skip shell extension 'powershell' for command environment: Not usable outside of PowerShell
[2.313s] DEBUG:colcon.colcon_core.shell:Skip shell extension 'dsv' for command environment
[2.395s] DEBUG:colcon.colcon_core.event_handler.log_command:Invoking command in '/home/abd/exp_ws/src/build/crazyflie_interfaces': CMAKE_PREFIX_PATH=${CMAKE_PREFIX_PATH}:/home/abd/exp_ws/src/install/crazyflie_py:/opt/ros/humble /usr/bin/cmake --build /home/abd/exp_ws/src/build/crazyflie_interfaces -- -j12 -l12
[2.401s] DEBUG:colcon.colcon_core.event_handler.log_command:Invoking command in '/home/abd/exp_ws/src/build/motion_capture_tracking_interfaces': CMAKE_PREFIX_PATH=${CMAKE_PREFIX_PATH}:/home/abd/exp_ws/src/install/crazyflie_py:/opt/ros/humble /usr/bin/cmake --build /home/abd/exp_ws/src/build/motion_capture_tracking_interfaces -- -j12 -l12
[3.016s] DEBUG:colcon.colcon_core.event_handler.log_command:Invoked command in '/home/abd/exp_ws/src/build/motion_capture_tracking_interfaces' returned '0': CMAKE_PREFIX_PATH=${CMAKE_PREFIX_PATH}:/home/abd/exp_ws/src/install/crazyflie_py:/opt/ros/humble /usr/bin/cmake --build /home/abd/exp_ws/src/build/motion_capture_tracking_interfaces -- -j12 -l12
[3.052s] DEBUG:colcon.colcon_core.event_handler.log_command:Invoked command in '/home/abd/exp_ws/src/build/crazyflie_interfaces' returned '0': CMAKE_PREFIX_PATH=${CMAKE_PREFIX_PATH}:/home/abd/exp_ws/src/install/crazyflie_py:/opt/ros/humble /usr/bin/cmake --build /home/abd/exp_ws/src/build/crazyflie_interfaces -- -j12 -l12
[3.183s] DEBUG:colcon.colcon_core.event_handler.log_command:Invoking command in '/home/abd/exp_ws/src/build/motion_capture_tracking_interfaces': CMAKE_PREFIX_PATH=${CMAKE_PREFIX_PATH}:/home/abd/exp_ws/src/install/crazyflie_py:/opt/ros/humble /usr/bin/cmake --install /home/abd/exp_ws/src/build/motion_capture_tracking_interfaces
[3.283s] Level 1:colcon.colcon_core.environment:create_environment_scripts_only(motion_capture_tracking_interfaces)
[3.285s] DEBUG:colcon.colcon_core.event_handler.log_command:Invoked command in '/home/abd/exp_ws/src/build/motion_capture_tracking_interfaces' returned '0': CMAKE_PREFIX_PATH=${CMAKE_PREFIX_PATH}:/home/abd/exp_ws/src/install/crazyflie_py:/opt/ros/humble /usr/bin/cmake --install /home/abd/exp_ws/src/build/motion_capture_tracking_interfaces
[3.312s] Level 1:colcon.colcon_core.environment:checking '/home/abd/exp_ws/src/install/motion_capture_tracking_interfaces' for CMake module files
[3.313s] Level 1:colcon.colcon_core.environment:checking '/home/abd/exp_ws/src/install/motion_capture_tracking_interfaces' for CMake config files
[3.314s] Level 1:colcon.colcon_core.shell:create_environment_hook('motion_capture_tracking_interfaces', 'cmake_prefix_path')
[3.338s] INFO:colcon.colcon_core.shell:Creating environment hook '/home/abd/exp_ws/src/install/motion_capture_tracking_interfaces/share/motion_capture_tracking_interfaces/hook/cmake_prefix_path.ps1'
[3.339s] INFO:colcon.colcon_core.shell:Creating environment descriptor '/home/abd/exp_ws/src/install/motion_capture_tracking_interfaces/share/motion_capture_tracking_interfaces/hook/cmake_prefix_path.dsv'
[3.339s] INFO:colcon.colcon_core.shell:Creating environment hook '/home/abd/exp_ws/src/install/motion_capture_tracking_interfaces/share/motion_capture_tracking_interfaces/hook/cmake_prefix_path.sh'
[3.341s] Level 1:colcon.colcon_core.environment:checking '/home/abd/exp_ws/src/install/motion_capture_tracking_interfaces/lib'
[3.341s] Level 1:colcon.colcon_core.shell:create_environment_hook('motion_capture_tracking_interfaces', 'ld_library_path_lib')
[3.364s] INFO:colcon.colcon_core.shell:Creating environment hook '/home/abd/exp_ws/src/install/motion_capture_tracking_interfaces/share/motion_capture_tracking_interfaces/hook/ld_library_path_lib.ps1'
[3.364s] INFO:colcon.colcon_core.shell:Creating environment descriptor '/home/abd/exp_ws/src/install/motion_capture_tracking_interfaces/share/motion_capture_tracking_interfaces/hook/ld_library_path_lib.dsv'
[3.365s] INFO:colcon.colcon_core.shell:Creating environment hook '/home/abd/exp_ws/src/install/motion_capture_tracking_interfaces/share/motion_capture_tracking_interfaces/hook/ld_library_path_lib.sh'
[3.365s] Level 1:colcon.colcon_core.environment:checking '/home/abd/exp_ws/src/install/motion_capture_tracking_interfaces/bin'
[3.365s] Level 1:colcon.colcon_core.environment:checking '/home/abd/exp_ws/src/install/motion_capture_tracking_interfaces/lib/pkgconfig/motion_capture_tracking_interfaces.pc'
[3.366s] Level 1:colcon.colcon_core.environment:checking '/home/abd/exp_ws/src/install/motion_capture_tracking_interfaces/lib/python3.10/site-packages'
[3.366s] Level 1:colcon.colcon_core.environment:checking '/home/abd/exp_ws/src/install/motion_capture_tracking_interfaces/bin'
[3.389s] INFO:colcon.colcon_core.shell:Creating package script '/home/abd/exp_ws/src/install/motion_capture_tracking_interfaces/share/motion_capture_tracking_interfaces/package.ps1'
[3.390s] INFO:colcon.colcon_core.shell:Creating package descriptor '/home/abd/exp_ws/src/install/motion_capture_tracking_interfaces/share/motion_capture_tracking_interfaces/package.dsv'
[3.391s] INFO:colcon.colcon_core.shell:Creating package script '/home/abd/exp_ws/src/install/motion_capture_tracking_interfaces/share/motion_capture_tracking_interfaces/package.sh'
[3.392s] INFO:colcon.colcon_core.shell:Creating package script '/home/abd/exp_ws/src/install/motion_capture_tracking_interfaces/share/motion_capture_tracking_interfaces/package.bash'
[3.393s] INFO:colcon.colcon_core.shell:Creating package script '/home/abd/exp_ws/src/install/motion_capture_tracking_interfaces/share/motion_capture_tracking_interfaces/package.zsh'
[3.394s] Level 1:colcon.colcon_core.environment:create_file_with_runtime_dependencies(/home/abd/exp_ws/src/install/motion_capture_tracking_interfaces/share/colcon-core/packages/motion_capture_tracking_interfaces)
[3.567s] Level 1:colcon.colcon_core.environment:create_environment_scripts_only(motion_capture_tracking_interfaces)
[3.589s] Level 1:colcon.colcon_core.environment:checking '/home/abd/exp_ws/src/install/motion_capture_tracking_interfaces' for CMake module files
[3.590s] Level 1:colcon.colcon_core.environment:checking '/home/abd/exp_ws/src/install/motion_capture_tracking_interfaces' for CMake config files
[3.590s] Level 1:colcon.colcon_core.shell:create_environment_hook('motion_capture_tracking_interfaces', 'cmake_prefix_path')
[3.613s] INFO:colcon.colcon_core.shell:Creating environment hook '/home/abd/exp_ws/src/install/motion_capture_tracking_interfaces/share/motion_capture_tracking_interfaces/hook/cmake_prefix_path.ps1'
[3.614s] INFO:colcon.colcon_core.shell:Creating environment descriptor '/home/abd/exp_ws/src/install/motion_capture_tracking_interfaces/share/motion_capture_tracking_interfaces/hook/cmake_prefix_path.dsv'
[3.615s] INFO:colcon.colcon_core.shell:Creating environment hook '/home/abd/exp_ws/src/install/motion_capture_tracking_interfaces/share/motion_capture_tracking_interfaces/hook/cmake_prefix_path.sh'
[3.615s] Level 1:colcon.colcon_core.environment:checking '/home/abd/exp_ws/src/install/motion_capture_tracking_interfaces/lib'
[3.616s] Level 1:colcon.colcon_core.shell:create_environment_hook('motion_capture_tracking_interfaces', 'ld_library_path_lib')
[3.638s] INFO:colcon.colcon_core.shell:Creating environment hook '/home/abd/exp_ws/src/install/motion_capture_tracking_interfaces/share/motion_capture_tracking_interfaces/hook/ld_library_path_lib.ps1'
[3.638s] INFO:colcon.colcon_core.shell:Creating environment descriptor '/home/abd/exp_ws/src/install/motion_capture_tracking_interfaces/share/motion_capture_tracking_interfaces/hook/ld_library_path_lib.dsv'
[3.639s] INFO:colcon.colcon_core.shell:Creating environment hook '/home/abd/exp_ws/src/install/motion_capture_tracking_interfaces/share/motion_capture_tracking_interfaces/hook/ld_library_path_lib.sh'
[3.640s] Level 1:colcon.colcon_core.environment:checking '/home/abd/exp_ws/src/install/motion_capture_tracking_interfaces/bin'
[3.640s] Level 1:colcon.colcon_core.environment:checking '/home/abd/exp_ws/src/install/motion_capture_tracking_interfaces/lib/pkgconfig/motion_capture_tracking_interfaces.pc'
[3.640s] Level 1:colcon.colcon_core.environment:checking '/home/abd/exp_ws/src/install/motion_capture_tracking_interfaces/lib/python3.10/site-packages'
[3.640s] Level 1:colcon.colcon_core.environment:checking '/home/abd/exp_ws/src/install/motion_capture_tracking_interfaces/bin'
[3.662s] INFO:colcon.colcon_core.shell:Creating package script '/home/abd/exp_ws/src/install/motion_capture_tracking_interfaces/share/motion_capture_tracking_interfaces/package.ps1'
[3.662s] INFO:colcon.colcon_core.shell:Creating package descriptor '/home/abd/exp_ws/src/install/motion_capture_tracking_interfaces/share/motion_capture_tracking_interfaces/package.dsv'
[3.663s] INFO:colcon.colcon_core.shell:Creating package script '/home/abd/exp_ws/src/install/motion_capture_tracking_interfaces/share/motion_capture_tracking_interfaces/package.sh'
[3.664s] INFO:colcon.colcon_core.shell:Creating package script '/home/abd/exp_ws/src/install/motion_capture_tracking_interfaces/share/motion_capture_tracking_interfaces/package.bash'
[3.664s] INFO:colcon.colcon_core.shell:Creating package script '/home/abd/exp_ws/src/install/motion_capture_tracking_interfaces/share/motion_capture_tracking_interfaces/package.zsh'
[3.665s] Level 1:colcon.colcon_core.environment:create_file_with_runtime_dependencies(/home/abd/exp_ws/src/install/motion_capture_tracking_interfaces/share/colcon-core/packages/motion_capture_tracking_interfaces)
[3.666s] INFO:colcon.colcon_ros.task.ament_cmake.build:Building ROS package in '/home/abd/exp_ws/src/motion_capture_tracking/motion_capture_tracking' with build type 'ament_cmake'
[3.666s] INFO:colcon.colcon_cmake.task.cmake.build:Building CMake package in '/home/abd/exp_ws/src/motion_capture_tracking/motion_capture_tracking'
[3.689s] INFO:colcon.colcon_core.shell:Skip shell extension 'powershell' for command environment: Not usable outside of PowerShell
[3.689s] DEBUG:colcon.colcon_core.shell:Skip shell extension 'dsv' for command environment
[3.774s] DEBUG:colcon.colcon_core.event_handler.log_command:Invoking command in '/home/abd/exp_ws/src/build/motion_capture_tracking': CMAKE_PREFIX_PATH=/home/abd/exp_ws/src/install/motion_capture_tracking_interfaces:/home/abd/exp_ws/src/install/motion_capture_tracking:/home/abd/exp_ws/src/install/crazyflie:/home/abd/exp_ws/src/install/crazyflie_sim:/home/abd/exp_ws/src/install/crazyflie_examples:/home/abd/exp_ws/src/install/crazyflie_interfaces:/home/abd/exp_ws/src/install/crazyflie_py:/opt/ros/humble /usr/bin/cmake --build /home/abd/exp_ws/src/build/motion_capture_tracking -- -j12 -l12
[3.794s] DEBUG:colcon.colcon_core.event_handler.log_command:Invoking command in '/home/abd/exp_ws/src/build/crazyflie_interfaces': CMAKE_PREFIX_PATH=${CMAKE_PREFIX_PATH}:/home/abd/exp_ws/src/install/crazyflie_py:/opt/ros/humble /usr/bin/cmake --install /home/abd/exp_ws/src/build/crazyflie_interfaces
[3.913s] Level 1:colcon.colcon_core.environment:create_environment_scripts_only(crazyflie_interfaces)
[3.914s] DEBUG:colcon.colcon_core.event_handler.log_command:Invoked command in '/home/abd/exp_ws/src/build/crazyflie_interfaces' returned '0': CMAKE_PREFIX_PATH=${CMAKE_PREFIX_PATH}:/home/abd/exp_ws/src/install/crazyflie_py:/opt/ros/humble /usr/bin/cmake --install /home/abd/exp_ws/src/build/crazyflie_interfaces
[3.940s] Level 1:colcon.colcon_core.environment:checking '/home/abd/exp_ws/src/install/crazyflie_interfaces' for CMake module files
[3.941s] Level 1:colcon.colcon_core.environment:checking '/home/abd/exp_ws/src/install/crazyflie_interfaces' for CMake config files
[3.942s] Level 1:colcon.colcon_core.shell:create_environment_hook('crazyflie_interfaces', 'cmake_prefix_path')
[3.964s] INFO:colcon.colcon_core.shell:Creating environment hook '/home/abd/exp_ws/src/install/crazyflie_interfaces/share/crazyflie_interfaces/hook/cmake_prefix_path.ps1'
[3.964s] INFO:colcon.colcon_core.shell:Creating environment descriptor '/home/abd/exp_ws/src/install/crazyflie_interfaces/share/crazyflie_interfaces/hook/cmake_prefix_path.dsv'
[3.965s] INFO:colcon.colcon_core.shell:Creating environment hook '/home/abd/exp_ws/src/install/crazyflie_interfaces/share/crazyflie_interfaces/hook/cmake_prefix_path.sh'
[3.965s] Level 1:colcon.colcon_core.environment:checking '/home/abd/exp_ws/src/install/crazyflie_interfaces/lib'
[3.965s] Level 1:colcon.colcon_core.shell:create_environment_hook('crazyflie_interfaces', 'ld_library_path_lib')
[3.987s] INFO:colcon.colcon_core.shell:Creating environment hook '/home/abd/exp_ws/src/install/crazyflie_interfaces/share/crazyflie_interfaces/hook/ld_library_path_lib.ps1'
[3.988s] INFO:colcon.colcon_core.shell:Creating environment descriptor '/home/abd/exp_ws/src/install/crazyflie_interfaces/share/crazyflie_interfaces/hook/ld_library_path_lib.dsv'
[3.989s] INFO:colcon.colcon_core.shell:Creating environment hook '/home/abd/exp_ws/src/install/crazyflie_interfaces/share/crazyflie_interfaces/hook/ld_library_path_lib.sh'
[3.989s] Level 1:colcon.colcon_core.environment:checking '/home/abd/exp_ws/src/install/crazyflie_interfaces/bin'
[3.989s] Level 1:colcon.colcon_core.environment:checking '/home/abd/exp_ws/src/install/crazyflie_interfaces/lib/pkgconfig/crazyflie_interfaces.pc'
[3.990s] Level 1:colcon.colcon_core.environment:checking '/home/abd/exp_ws/src/install/crazyflie_interfaces/lib/python3.10/site-packages'
[3.990s] Level 1:colcon.colcon_core.environment:checking '/home/abd/exp_ws/src/install/crazyflie_interfaces/bin'
[4.013s] INFO:colcon.colcon_core.shell:Creating package script '/home/abd/exp_ws/src/install/crazyflie_interfaces/share/crazyflie_interfaces/package.ps1'
[4.013s] INFO:colcon.colcon_core.shell:Creating package descriptor '/home/abd/exp_ws/src/install/crazyflie_interfaces/share/crazyflie_interfaces/package.dsv'
[4.014s] INFO:colcon.colcon_core.shell:Creating package script '/home/abd/exp_ws/src/install/crazyflie_interfaces/share/crazyflie_interfaces/package.sh'
[4.014s] INFO:colcon.colcon_core.shell:Creating package script '/home/abd/exp_ws/src/install/crazyflie_interfaces/share/crazyflie_interfaces/package.bash'
[4.015s] INFO:colcon.colcon_core.shell:Creating package script '/home/abd/exp_ws/src/install/crazyflie_interfaces/share/crazyflie_interfaces/package.zsh'
[4.015s] Level 1:colcon.colcon_core.environment:create_file_with_runtime_dependencies(/home/abd/exp_ws/src/install/crazyflie_interfaces/share/colcon-core/packages/crazyflie_interfaces)
[4.066s] DEBUG:colcon.colcon_core.event_handler.log_command:Invoked command in '/home/abd/exp_ws/src/build/motion_capture_tracking' returned '0': CMAKE_PREFIX_PATH=/home/abd/exp_ws/src/install/motion_capture_tracking_interfaces:/home/abd/exp_ws/src/install/motion_capture_tracking:/home/abd/exp_ws/src/install/crazyflie:/home/abd/exp_ws/src/install/crazyflie_sim:/home/abd/exp_ws/src/install/crazyflie_examples:/home/abd/exp_ws/src/install/crazyflie_interfaces:/home/abd/exp_ws/src/install/crazyflie_py:/opt/ros/humble /usr/bin/cmake --build /home/abd/exp_ws/src/build/motion_capture_tracking -- -j12 -l12
[4.170s] DEBUG:colcon.colcon_core.event_handler.log_command:Invoking command in '/home/abd/exp_ws/src/build/motion_capture_tracking': CMAKE_PREFIX_PATH=/home/abd/exp_ws/src/install/motion_capture_tracking_interfaces:/home/abd/exp_ws/src/install/motion_capture_tracking:/home/abd/exp_ws/src/install/crazyflie:/home/abd/exp_ws/src/install/crazyflie_sim:/home/abd/exp_ws/src/install/crazyflie_examples:/home/abd/exp_ws/src/install/crazyflie_interfaces:/home/abd/exp_ws/src/install/crazyflie_py:/opt/ros/humble /usr/bin/cmake --install /home/abd/exp_ws/src/build/motion_capture_tracking
[4.187s] Level 1:colcon.colcon_core.environment:create_environment_scripts_only(motion_capture_tracking)
[4.187s] DEBUG:colcon.colcon_core.event_handler.log_command:Invoked command in '/home/abd/exp_ws/src/build/motion_capture_tracking' returned '0': CMAKE_PREFIX_PATH=/home/abd/exp_ws/src/install/motion_capture_tracking_interfaces:/home/abd/exp_ws/src/install/motion_capture_tracking:/home/abd/exp_ws/src/install/crazyflie:/home/abd/exp_ws/src/install/crazyflie_sim:/home/abd/exp_ws/src/install/crazyflie_examples:/home/abd/exp_ws/src/install/crazyflie_interfaces:/home/abd/exp_ws/src/install/crazyflie_py:/opt/ros/humble /usr/bin/cmake --install /home/abd/exp_ws/src/build/motion_capture_tracking
[4.210s] Level 1:colcon.colcon_core.environment:checking '/home/abd/exp_ws/src/install/motion_capture_tracking' for CMake module files
[4.210s] Level 1:colcon.colcon_core.environment:checking '/home/abd/exp_ws/src/install/motion_capture_tracking' for CMake config files
[4.211s] Level 1:colcon.colcon_core.shell:create_environment_hook('motion_capture_tracking', 'cmake_prefix_path')
[4.234s] INFO:colcon.colcon_core.shell:Creating environment hook '/home/abd/exp_ws/src/install/motion_capture_tracking/share/motion_capture_tracking/hook/cmake_prefix_path.ps1'
[4.234s] INFO:colcon.colcon_core.shell:Creating environment descriptor '/home/abd/exp_ws/src/install/motion_capture_tracking/share/motion_capture_tracking/hook/cmake_prefix_path.dsv'
[4.235s] INFO:colcon.colcon_core.shell:Creating environment hook '/home/abd/exp_ws/src/install/motion_capture_tracking/share/motion_capture_tracking/hook/cmake_prefix_path.sh'
[4.235s] Level 1:colcon.colcon_core.environment:checking '/home/abd/exp_ws/src/install/motion_capture_tracking/lib'
[4.235s] Level 1:colcon.colcon_core.environment:checking '/home/abd/exp_ws/src/install/motion_capture_tracking/bin'
[4.235s] Level 1:colcon.colcon_core.environment:checking '/home/abd/exp_ws/src/install/motion_capture_tracking/lib/pkgconfig/motion_capture_tracking.pc'
[4.236s] Level 1:colcon.colcon_core.environment:checking '/home/abd/exp_ws/src/install/motion_capture_tracking/lib/python3.10/site-packages'
[4.236s] Level 1:colcon.colcon_core.environment:checking '/home/abd/exp_ws/src/install/motion_capture_tracking/bin'
[4.258s] INFO:colcon.colcon_core.shell:Creating package script '/home/abd/exp_ws/src/install/motion_capture_tracking/share/motion_capture_tracking/package.ps1'
[4.259s] INFO:colcon.colcon_core.shell:Creating package descriptor '/home/abd/exp_ws/src/install/motion_capture_tracking/share/motion_capture_tracking/package.dsv'
[4.259s] INFO:colcon.colcon_core.shell:Creating package script '/home/abd/exp_ws/src/install/motion_capture_tracking/share/motion_capture_tracking/package.sh'
[4.260s] INFO:colcon.colcon_core.shell:Creating package script '/home/abd/exp_ws/src/install/motion_capture_tracking/share/motion_capture_tracking/package.bash'
[4.260s] INFO:colcon.colcon_core.shell:Creating package script '/home/abd/exp_ws/src/install/motion_capture_tracking/share/motion_capture_tracking/package.zsh'
[4.261s] Level 1:colcon.colcon_core.environment:create_file_with_runtime_dependencies(/home/abd/exp_ws/src/install/motion_capture_tracking/share/colcon-core/packages/motion_capture_tracking)
[4.386s] Level 1:colcon.colcon_core.environment:create_environment_scripts_only(motion_capture_tracking)
[4.408s] Level 1:colcon.colcon_core.environment:checking '/home/abd/exp_ws/src/install/motion_capture_tracking' for CMake module files
[4.409s] Level 1:colcon.colcon_core.environment:checking '/home/abd/exp_ws/src/install/motion_capture_tracking' for CMake config files
[4.409s] Level 1:colcon.colcon_core.shell:create_environment_hook('motion_capture_tracking', 'cmake_prefix_path')
[4.432s] INFO:colcon.colcon_core.shell:Creating environment hook '/home/abd/exp_ws/src/install/motion_capture_tracking/share/motion_capture_tracking/hook/cmake_prefix_path.ps1'
[4.433s] INFO:colcon.colcon_core.shell:Creating environment descriptor '/home/abd/exp_ws/src/install/motion_capture_tracking/share/motion_capture_tracking/hook/cmake_prefix_path.dsv'
[4.433s] INFO:colcon.colcon_core.shell:Creating environment hook '/home/abd/exp_ws/src/install/motion_capture_tracking/share/motion_capture_tracking/hook/cmake_prefix_path.sh'
[4.434s] Level 1:colcon.colcon_core.environment:checking '/home/abd/exp_ws/src/install/motion_capture_tracking/lib'
[4.434s] Level 1:colcon.colcon_core.environment:checking '/home/abd/exp_ws/src/install/motion_capture_tracking/bin'
[4.434s] Level 1:colcon.colcon_core.environment:checking '/home/abd/exp_ws/src/install/motion_capture_tracking/lib/pkgconfig/motion_capture_tracking.pc'
[4.434s] Level 1:colcon.colcon_core.environment:checking '/home/abd/exp_ws/src/install/motion_capture_tracking/lib/python3.10/site-packages'
[4.435s] Level 1:colcon.colcon_core.environment:checking '/home/abd/exp_ws/src/install/motion_capture_tracking/bin'
[4.457s] INFO:colcon.colcon_core.shell:Creating package script '/home/abd/exp_ws/src/install/motion_capture_tracking/share/motion_capture_tracking/package.ps1'
[4.458s] INFO:colcon.colcon_core.shell:Creating package descriptor '/home/abd/exp_ws/src/install/motion_capture_tracking/share/motion_capture_tracking/package.dsv'
[4.458s] INFO:colcon.colcon_core.shell:Creating package script '/home/abd/exp_ws/src/install/motion_capture_tracking/share/motion_capture_tracking/package.sh'
[4.459s] INFO:colcon.colcon_core.shell:Creating package script '/home/abd/exp_ws/src/install/motion_capture_tracking/share/motion_capture_tracking/package.bash'
[4.459s] INFO:colcon.colcon_core.shell:Creating package script '/home/abd/exp_ws/src/install/motion_capture_tracking/share/motion_capture_tracking/package.zsh'
[4.460s] Level 1:colcon.colcon_core.environment:create_file_with_runtime_dependencies(/home/abd/exp_ws/src/install/motion_capture_tracking/share/colcon-core/packages/motion_capture_tracking)
[4.758s] Level 1:colcon.colcon_core.environment:create_environment_scripts_only(crazyflie_interfaces)
[4.794s] Level 1:colcon.colcon_core.environment:checking '/home/abd/exp_ws/src/install/crazyflie_interfaces' for CMake module files
[4.796s] Level 1:colcon.colcon_core.environment:checking '/home/abd/exp_ws/src/install/crazyflie_interfaces' for CMake config files
[4.797s] Level 1:colcon.colcon_core.shell:create_environment_hook('crazyflie_interfaces', 'cmake_prefix_path')
[4.819s] INFO:colcon.colcon_core.shell:Creating environment hook '/home/abd/exp_ws/src/install/crazyflie_interfaces/share/crazyflie_interfaces/hook/cmake_prefix_path.ps1'
[4.820s] INFO:colcon.colcon_core.shell:Creating environment descriptor '/home/abd/exp_ws/src/install/crazyflie_interfaces/share/crazyflie_interfaces/hook/cmake_prefix_path.dsv'
[4.820s] INFO:colcon.colcon_core.shell:Creating environment hook '/home/abd/exp_ws/src/install/crazyflie_interfaces/share/crazyflie_interfaces/hook/cmake_prefix_path.sh'
[4.821s] Level 1:colcon.colcon_core.environment:checking '/home/abd/exp_ws/src/install/crazyflie_interfaces/lib'
[4.821s] Level 1:colcon.colcon_core.shell:create_environment_hook('crazyflie_interfaces', 'ld_library_path_lib')
[4.844s] INFO:colcon.colcon_core.shell:Creating environment hook '/home/abd/exp_ws/src/install/crazyflie_interfaces/share/crazyflie_interfaces/hook/ld_library_path_lib.ps1'
[4.844s] INFO:colcon.colcon_core.shell:Creating environment descriptor '/home/abd/exp_ws/src/install/crazyflie_interfaces/share/crazyflie_interfaces/hook/ld_library_path_lib.dsv'
[4.845s] INFO:colcon.colcon_core.shell:Creating environment hook '/home/abd/exp_ws/src/install/crazyflie_interfaces/share/crazyflie_interfaces/hook/ld_library_path_lib.sh'
[4.845s] Level 1:colcon.colcon_core.environment:checking '/home/abd/exp_ws/src/install/crazyflie_interfaces/bin'
[4.845s] Level 1:colcon.colcon_core.environment:checking '/home/abd/exp_ws/src/install/crazyflie_interfaces/lib/pkgconfig/crazyflie_interfaces.pc'
[4.845s] Level 1:colcon.colcon_core.environment:checking '/home/abd/exp_ws/src/install/crazyflie_interfaces/lib/python3.10/site-packages'
[4.846s] Level 1:colcon.colcon_core.environment:checking '/home/abd/exp_ws/src/install/crazyflie_interfaces/bin'
[4.868s] INFO:colcon.colcon_core.shell:Creating package script '/home/abd/exp_ws/src/install/crazyflie_interfaces/share/crazyflie_interfaces/package.ps1'
[4.869s] INFO:colcon.colcon_core.shell:Creating package descriptor '/home/abd/exp_ws/src/install/crazyflie_interfaces/share/crazyflie_interfaces/package.dsv'
[4.870s] INFO:colcon.colcon_core.shell:Creating package script '/home/abd/exp_ws/src/install/crazyflie_interfaces/share/crazyflie_interfaces/package.sh'
[4.870s] INFO:colcon.colcon_core.shell:Creating package script '/home/abd/exp_ws/src/install/crazyflie_interfaces/share/crazyflie_interfaces/package.bash'
[4.871s] INFO:colcon.colcon_core.shell:Creating package script '/home/abd/exp_ws/src/install/crazyflie_interfaces/share/crazyflie_interfaces/package.zsh'
[4.871s] Level 1:colcon.colcon_core.environment:create_file_with_runtime_dependencies(/home/abd/exp_ws/src/install/crazyflie_interfaces/share/colcon-core/packages/crazyflie_interfaces)
[4.872s] INFO:colcon.colcon_ros.task.ament_python.build:Building ROS package in '/home/abd/exp_ws/src/crazyswarm2/crazyflie_py' with build type 'ament_python'
[4.872s] Level 1:colcon.colcon_core.shell:create_environment_hook('crazyflie_py', 'ament_prefix_path')
[4.896s] INFO:colcon.colcon_core.shell:Creating environment hook '/home/abd/exp_ws/src/install/crazyflie_py/share/crazyflie_py/hook/ament_prefix_path.ps1'
[4.897s] INFO:colcon.colcon_core.shell:Creating environment descriptor '/home/abd/exp_ws/src/install/crazyflie_py/share/crazyflie_py/hook/ament_prefix_path.dsv'
[4.898s] INFO:colcon.colcon_core.shell:Creating environment hook '/home/abd/exp_ws/src/install/crazyflie_py/share/crazyflie_py/hook/ament_prefix_path.sh'
[4.925s] INFO:colcon.colcon_core.shell:Skip shell extension 'powershell' for command environment: Not usable outside of PowerShell
[4.925s] DEBUG:colcon.colcon_core.shell:Skip shell extension 'dsv' for command environment
[4.998s] INFO:colcon.colcon_ros.task.ament_cmake.build:Building ROS package in '/home/abd/exp_ws/src/crazyswarm2/crazyflie' with build type 'ament_cmake'
[4.998s] INFO:colcon.colcon_cmake.task.cmake.build:Building CMake package in '/home/abd/exp_ws/src/crazyswarm2/crazyflie'
[5.044s] INFO:colcon.colcon_core.shell:Skip shell extension 'powershell' for command environment: Not usable outside of PowerShell
[5.044s] DEBUG:colcon.colcon_core.shell:Skip shell extension 'dsv' for command environment
[5.118s] INFO:colcon.colcon_ros.task.ament_cmake.build:Building ROS package in '/home/abd/exp_ws/src/crazyswarm2/crazyflie_sim' with build type 'ament_cmake'
[5.118s] INFO:colcon.colcon_cmake.task.cmake.build:Building CMake package in '/home/abd/exp_ws/src/crazyswarm2/crazyflie_sim'
[5.144s] INFO:colcon.colcon_core.shell:Skip shell extension 'powershell' for command environment: Not usable outside of PowerShell
[5.144s] DEBUG:colcon.colcon_core.shell:Skip shell extension 'dsv' for command environment
[5.621s] INFO:colcon.colcon_core.task.python.build:Building Python package in '/home/abd/exp_ws/src/crazyswarm2/crazyflie_py'
[5.660s] INFO:colcon.colcon_core.shell:Skip shell extension 'powershell' for command environment: Not usable outside of PowerShell
[5.660s] DEBUG:colcon.colcon_core.shell:Skip shell extension 'dsv' for command environment
[5.755s] DEBUG:colcon.colcon_core.event_handler.log_command:Invoking command in '/home/abd/exp_ws/src/build/crazyflie': CMAKE_PREFIX_PATH=/home/abd/exp_ws/src/install/motion_capture_tracking_interfaces:/home/abd/exp_ws/src/install/crazyflie_interfaces:/home/abd/exp_ws/src/install/motion_capture_tracking:/home/abd/exp_ws/src/install/crazyflie:/home/abd/exp_ws/src/install/crazyflie_sim:/home/abd/exp_ws/src/install/crazyflie_examples:/home/abd/exp_ws/src/install/crazyflie_py:/opt/ros/humble /usr/bin/cmake --build /home/abd/exp_ws/src/build/crazyflie -- -j12 -l12
[5.760s] DEBUG:colcon.colcon_core.event_handler.log_command:Invoking command in '/home/abd/exp_ws/src/build/crazyflie_sim': CMAKE_PREFIX_PATH=/home/abd/exp_ws/src/install/crazyflie_interfaces:/home/abd/exp_ws/src/install/motion_capture_tracking:/home/abd/exp_ws/src/install/crazyflie:/home/abd/exp_ws/src/install/motion_capture_tracking_interfaces:/home/abd/exp_ws/src/install/crazyflie_sim:/home/abd/exp_ws/src/install/crazyflie_examples:/home/abd/exp_ws/src/install/crazyflie_py:/opt/ros/humble LD_LIBRARY_PATH=/home/abd/exp_ws/src/install/crazyflie_interfaces/lib:/home/abd/exp_ws/src/install/motion_capture_tracking_interfaces/lib:/opt/ros/humble/opt/rviz_ogre_vendor/lib:/opt/ros/humble/lib/x86_64-linux-gnu:/opt/ros/humble/lib /usr/bin/cmake --build /home/abd/exp_ws/src/build/crazyflie_sim -- -j12 -l12
[6.103s] DEBUG:colcon.colcon_core.event_handler.log_command:Invoked command in '/home/abd/exp_ws/src/build/crazyflie' returned '0': CMAKE_PREFIX_PATH=/home/abd/exp_ws/src/install/motion_capture_tracking_interfaces:/home/abd/exp_ws/src/install/crazyflie_interfaces:/home/abd/exp_ws/src/install/motion_capture_tracking:/home/abd/exp_ws/src/install/crazyflie:/home/abd/exp_ws/src/install/crazyflie_sim:/home/abd/exp_ws/src/install/crazyflie_examples:/home/abd/exp_ws/src/install/crazyflie_py:/opt/ros/humble /usr/bin/cmake --build /home/abd/exp_ws/src/build/crazyflie -- -j12 -l12
[6.180s] DEBUG:colcon.colcon_core.event_handler.log_command:Invoking command in '/home/abd/exp_ws/src/build/crazyflie': CMAKE_PREFIX_PATH=/home/abd/exp_ws/src/install/motion_capture_tracking_interfaces:/home/abd/exp_ws/src/install/crazyflie_interfaces:/home/abd/exp_ws/src/install/motion_capture_tracking:/home/abd/exp_ws/src/install/crazyflie:/home/abd/exp_ws/src/install/crazyflie_sim:/home/abd/exp_ws/src/install/crazyflie_examples:/home/abd/exp_ws/src/install/crazyflie_py:/opt/ros/humble /usr/bin/cmake --install /home/abd/exp_ws/src/build/crazyflie
[6.203s] Level 1:colcon.colcon_core.environment:create_environment_scripts_only(crazyflie)
[6.204s] DEBUG:colcon.colcon_core.event_handler.log_command:Invoked command in '/home/abd/exp_ws/src/build/crazyflie' returned '0': CMAKE_PREFIX_PATH=/home/abd/exp_ws/src/install/motion_capture_tracking_interfaces:/home/abd/exp_ws/src/install/crazyflie_interfaces:/home/abd/exp_ws/src/install/motion_capture_tracking:/home/abd/exp_ws/src/install/crazyflie:/home/abd/exp_ws/src/install/crazyflie_sim:/home/abd/exp_ws/src/install/crazyflie_examples:/home/abd/exp_ws/src/install/crazyflie_py:/opt/ros/humble /usr/bin/cmake --install /home/abd/exp_ws/src/build/crazyflie
[6.226s] Level 1:colcon.colcon_core.environment:checking '/home/abd/exp_ws/src/install/crazyflie' for CMake module files
[6.227s] Level 1:colcon.colcon_core.environment:checking '/home/abd/exp_ws/src/install/crazyflie' for CMake config files
[6.228s] Level 1:colcon.colcon_core.shell:create_environment_hook('crazyflie', 'cmake_prefix_path')
[6.253s] INFO:colcon.colcon_core.shell:Creating environment hook '/home/abd/exp_ws/src/install/crazyflie/share/crazyflie/hook/cmake_prefix_path.ps1'
[6.254s] INFO:colcon.colcon_core.shell:Creating environment descriptor '/home/abd/exp_ws/src/install/crazyflie/share/crazyflie/hook/cmake_prefix_path.dsv'
[6.255s] INFO:colcon.colcon_core.shell:Creating environment hook '/home/abd/exp_ws/src/install/crazyflie/share/crazyflie/hook/cmake_prefix_path.sh'
[6.255s] Level 1:colcon.colcon_core.environment:checking '/home/abd/exp_ws/src/install/crazyflie/lib'
[6.256s] Level 1:colcon.colcon_core.environment:checking '/home/abd/exp_ws/src/install/crazyflie/bin'
[6.256s] Level 1:colcon.colcon_core.environment:checking '/home/abd/exp_ws/src/install/crazyflie/lib/pkgconfig/crazyflie.pc'
[6.256s] Level 1:colcon.colcon_core.environment:checking '/home/abd/exp_ws/src/install/crazyflie/lib/python3.10/site-packages'
[6.256s] Level 1:colcon.colcon_core.environment:checking '/home/abd/exp_ws/src/install/crazyflie/bin'
[6.278s] INFO:colcon.colcon_core.shell:Creating package script '/home/abd/exp_ws/src/install/crazyflie/share/crazyflie/package.ps1'
[6.279s] INFO:colcon.colcon_core.shell:Creating package descriptor '/home/abd/exp_ws/src/install/crazyflie/share/crazyflie/package.dsv'
[6.279s] INFO:colcon.colcon_core.shell:Creating package script '/home/abd/exp_ws/src/install/crazyflie/share/crazyflie/package.sh'
[6.280s] INFO:colcon.colcon_core.shell:Creating package script '/home/abd/exp_ws/src/install/crazyflie/share/crazyflie/package.bash'
[6.280s] INFO:colcon.colcon_core.shell:Creating package script '/home/abd/exp_ws/src/install/crazyflie/share/crazyflie/package.zsh'
[6.281s] Level 1:colcon.colcon_core.environment:create_file_with_runtime_dependencies(/home/abd/exp_ws/src/install/crazyflie/share/colcon-core/packages/crazyflie)
[6.387s] Level 1:colcon.colcon_core.environment:create_environment_scripts_only(crazyflie)
[6.411s] Level 1:colcon.colcon_core.environment:checking '/home/abd/exp_ws/src/install/crazyflie' for CMake module files
[6.412s] Level 1:colcon.colcon_core.environment:checking '/home/abd/exp_ws/src/install/crazyflie' for CMake config files
[6.413s] Level 1:colcon.colcon_core.shell:create_environment_hook('crazyflie', 'cmake_prefix_path')
[6.448s] INFO:colcon.colcon_core.shell:Creating environment hook '/home/abd/exp_ws/src/install/crazyflie/share/crazyflie/hook/cmake_prefix_path.ps1'
[6.449s] INFO:colcon.colcon_core.shell:Creating environment descriptor '/home/abd/exp_ws/src/install/crazyflie/share/crazyflie/hook/cmake_prefix_path.dsv'
[6.449s] INFO:colcon.colcon_core.shell:Creating environment hook '/home/abd/exp_ws/src/install/crazyflie/share/crazyflie/hook/cmake_prefix_path.sh'
[6.451s] Level 1:colcon.colcon_core.environment:checking '/home/abd/exp_ws/src/install/crazyflie/lib'
[6.451s] Level 1:colcon.colcon_core.environment:checking '/home/abd/exp_ws/src/install/crazyflie/bin'
[6.451s] Level 1:colcon.colcon_core.environment:checking '/home/abd/exp_ws/src/install/crazyflie/lib/pkgconfig/crazyflie.pc'
[6.451s] Level 1:colcon.colcon_core.environment:checking '/home/abd/exp_ws/src/install/crazyflie/lib/python3.10/site-packages'
[6.452s] Level 1:colcon.colcon_core.environment:checking '/home/abd/exp_ws/src/install/crazyflie/bin'
[6.484s] INFO:colcon.colcon_core.shell:Creating package script '/home/abd/exp_ws/src/install/crazyflie/share/crazyflie/package.ps1'
[6.485s] INFO:colcon.colcon_core.shell:Creating package descriptor '/home/abd/exp_ws/src/install/crazyflie/share/crazyflie/package.dsv'
[6.486s] INFO:colcon.colcon_core.shell:Creating package script '/home/abd/exp_ws/src/install/crazyflie/share/crazyflie/package.sh'
[6.487s] INFO:colcon.colcon_core.shell:Creating package script '/home/abd/exp_ws/src/install/crazyflie/share/crazyflie/package.bash'
[6.488s] INFO:colcon.colcon_core.shell:Creating package script '/home/abd/exp_ws/src/install/crazyflie/share/crazyflie/package.zsh'
[6.489s] Level 1:colcon.colcon_core.environment:create_file_with_runtime_dependencies(/home/abd/exp_ws/src/install/crazyflie/share/colcon-core/packages/crazyflie)
[6.494s] DEBUG:colcon.colcon_core.event_handler.log_command:Invoking command in '/home/abd/exp_ws/src/crazyswarm2/crazyflie_py': CMAKE_PREFIX_PATH=/home/abd/exp_ws/src/install/crazyflie_interfaces:/home/abd/exp_ws/src/install/motion_capture_tracking:/home/abd/exp_ws/src/install/crazyflie:/home/abd/exp_ws/src/install/motion_capture_tracking_interfaces:/home/abd/exp_ws/src/install/crazyflie_sim:/home/abd/exp_ws/src/install/crazyflie_examples LD_LIBRARY_PATH=/home/abd/exp_ws/src/install/crazyflie_interfaces/lib:/home/abd/exp_ws/src/install/motion_capture_tracking_interfaces/lib:/opt/ros/humble/opt/rviz_ogre_vendor/lib:/opt/ros/humble/lib/x86_64-linux-gnu:/opt/ros/humble/lib PYTHONPATH=/home/abd/exp_ws/src/build/crazyflie_py/prefix_override:/home/abd/exp_ws/src/install/crazyflie_py/lib/python3.10/site-packages:${PYTHONPATH} /usr/bin/python3 setup.py egg_info --egg-base ../../build/crazyflie_py build --build-base /home/abd/exp_ws/src/build/crazyflie_py/build install --record /home/abd/exp_ws/src/build/crazyflie_py/install.log --single-version-externally-managed
[6.519s] DEBUG:colcon.colcon_core.event_handler.log_command:Invoked command in '/home/abd/exp_ws/src/build/crazyflie_sim' returned '0': CMAKE_PREFIX_PATH=/home/abd/exp_ws/src/install/crazyflie_interfaces:/home/abd/exp_ws/src/install/motion_capture_tracking:/home/abd/exp_ws/src/install/crazyflie:/home/abd/exp_ws/src/install/motion_capture_tracking_interfaces:/home/abd/exp_ws/src/install/crazyflie_sim:/home/abd/exp_ws/src/install/crazyflie_examples:/home/abd/exp_ws/src/install/crazyflie_py:/opt/ros/humble LD_LIBRARY_PATH=/home/abd/exp_ws/src/install/crazyflie_interfaces/lib:/home/abd/exp_ws/src/install/motion_capture_tracking_interfaces/lib:/opt/ros/humble/opt/rviz_ogre_vendor/lib:/opt/ros/humble/lib/x86_64-linux-gnu:/opt/ros/humble/lib /usr/bin/cmake --build /home/abd/exp_ws/src/build/crazyflie_sim -- -j12 -l12
[6.571s] DEBUG:colcon.colcon_core.event_handler.log_command:Invoking command in '/home/abd/exp_ws/src/build/crazyflie_sim': CMAKE_PREFIX_PATH=/home/abd/exp_ws/src/install/crazyflie_interfaces:/home/abd/exp_ws/src/install/motion_capture_tracking:/home/abd/exp_ws/src/install/crazyflie:/home/abd/exp_ws/src/install/motion_capture_tracking_interfaces:/home/abd/exp_ws/src/install/crazyflie_sim:/home/abd/exp_ws/src/install/crazyflie_examples:/home/abd/exp_ws/src/install/crazyflie_py:/opt/ros/humble LD_LIBRARY_PATH=/home/abd/exp_ws/src/install/crazyflie_interfaces/lib:/home/abd/exp_ws/src/install/motion_capture_tracking_interfaces/lib:/opt/ros/humble/opt/rviz_ogre_vendor/lib:/opt/ros/humble/lib/x86_64-linux-gnu:/opt/ros/humble/lib /usr/bin/cmake --install /home/abd/exp_ws/src/build/crazyflie_sim
[6.649s] Level 1:colcon.colcon_core.environment:create_environment_scripts_only(crazyflie_sim)
[6.650s] DEBUG:colcon.colcon_core.event_handler.log_command:Invoked command in '/home/abd/exp_ws/src/build/crazyflie_sim' returned '0': CMAKE_PREFIX_PATH=/home/abd/exp_ws/src/install/crazyflie_interfaces:/home/abd/exp_ws/src/install/motion_capture_tracking:/home/abd/exp_ws/src/install/crazyflie:/home/abd/exp_ws/src/install/motion_capture_tracking_interfaces:/home/abd/exp_ws/src/install/crazyflie_sim:/home/abd/exp_ws/src/install/crazyflie_examples:/home/abd/exp_ws/src/install/crazyflie_py:/opt/ros/humble LD_LIBRARY_PATH=/home/abd/exp_ws/src/install/crazyflie_interfaces/lib:/home/abd/exp_ws/src/install/motion_capture_tracking_interfaces/lib:/opt/ros/humble/opt/rviz_ogre_vendor/lib:/opt/ros/humble/lib/x86_64-linux-gnu:/opt/ros/humble/lib /usr/bin/cmake --install /home/abd/exp_ws/src/build/crazyflie_sim
[6.674s] Level 1:colcon.colcon_core.environment:checking '/home/abd/exp_ws/src/install/crazyflie_sim' for CMake module files
[6.675s] Level 1:colcon.colcon_core.environment:checking '/home/abd/exp_ws/src/install/crazyflie_sim' for CMake config files
[6.676s] Level 1:colcon.colcon_core.shell:create_environment_hook('crazyflie_sim', 'cmake_prefix_path')
[6.700s] INFO:colcon.colcon_core.shell:Creating environment hook '/home/abd/exp_ws/src/install/crazyflie_sim/share/crazyflie_sim/hook/cmake_prefix_path.ps1'
[6.700s] INFO:colcon.colcon_core.shell:Creating environment descriptor '/home/abd/exp_ws/src/install/crazyflie_sim/share/crazyflie_sim/hook/cmake_prefix_path.dsv'
[6.701s] INFO:colcon.colcon_core.shell:Creating environment hook '/home/abd/exp_ws/src/install/crazyflie_sim/share/crazyflie_sim/hook/cmake_prefix_path.sh'
[6.702s] Level 1:colcon.colcon_core.environment:checking '/home/abd/exp_ws/src/install/crazyflie_sim/lib'
[6.702s] Level 1:colcon.colcon_core.environment:checking '/home/abd/exp_ws/src/install/crazyflie_sim/bin'
[6.703s] Level 1:colcon.colcon_core.environment:checking '/home/abd/exp_ws/src/install/crazyflie_sim/lib/pkgconfig/crazyflie_sim.pc'
[6.703s] Level 1:colcon.colcon_core.environment:checking '/home/abd/exp_ws/src/install/crazyflie_sim/lib/python3.10/site-packages'
[6.703s] Level 1:colcon.colcon_core.environment:checking '/home/abd/exp_ws/src/install/crazyflie_sim/bin'
[6.730s] INFO:colcon.colcon_core.shell:Creating package script '/home/abd/exp_ws/src/install/crazyflie_sim/share/crazyflie_sim/package.ps1'
[6.731s] INFO:colcon.colcon_core.shell:Creating package descriptor '/home/abd/exp_ws/src/install/crazyflie_sim/share/crazyflie_sim/package.dsv'
[6.732s] INFO:colcon.colcon_core.shell:Creating package script '/home/abd/exp_ws/src/install/crazyflie_sim/share/crazyflie_sim/package.sh'
[6.733s] INFO:colcon.colcon_core.shell:Creating package script '/home/abd/exp_ws/src/install/crazyflie_sim/share/crazyflie_sim/package.bash'
[6.734s] INFO:colcon.colcon_core.shell:Creating package script '/home/abd/exp_ws/src/install/crazyflie_sim/share/crazyflie_sim/package.zsh'
[6.734s] Level 1:colcon.colcon_core.environment:create_file_with_runtime_dependencies(/home/abd/exp_ws/src/install/crazyflie_sim/share/colcon-core/packages/crazyflie_sim)
[6.810s] Level 1:colcon.colcon_core.environment:create_environment_scripts_only(crazyflie_sim)
[6.832s] Level 1:colcon.colcon_core.environment:checking '/home/abd/exp_ws/src/install/crazyflie_sim' for CMake module files
[6.833s] Level 1:colcon.colcon_core.environment:checking '/home/abd/exp_ws/src/install/crazyflie_sim' for CMake config files
[6.834s] Level 1:colcon.colcon_core.shell:create_environment_hook('crazyflie_sim', 'cmake_prefix_path')
[6.857s] INFO:colcon.colcon_core.shell:Creating environment hook '/home/abd/exp_ws/src/install/crazyflie_sim/share/crazyflie_sim/hook/cmake_prefix_path.ps1'
[6.857s] INFO:colcon.colcon_core.shell:Creating environment descriptor '/home/abd/exp_ws/src/install/crazyflie_sim/share/crazyflie_sim/hook/cmake_prefix_path.dsv'
[6.858s] INFO:colcon.colcon_core.shell:Creating environment hook '/home/abd/exp_ws/src/install/crazyflie_sim/share/crazyflie_sim/hook/cmake_prefix_path.sh'
[6.858s] Level 1:colcon.colcon_core.environment:checking '/home/abd/exp_ws/src/install/crazyflie_sim/lib'
[6.859s] Level 1:colcon.colcon_core.environment:checking '/home/abd/exp_ws/src/install/crazyflie_sim/bin'
[6.859s] Level 1:colcon.colcon_core.environment:checking '/home/abd/exp_ws/src/install/crazyflie_sim/lib/pkgconfig/crazyflie_sim.pc'
[6.859s] Level 1:colcon.colcon_core.environment:checking '/home/abd/exp_ws/src/install/crazyflie_sim/lib/python3.10/site-packages'
[6.859s] Level 1:colcon.colcon_core.environment:checking '/home/abd/exp_ws/src/install/crazyflie_sim/bin'
[6.889s] INFO:colcon.colcon_core.shell:Creating package script '/home/abd/exp_ws/src/install/crazyflie_sim/share/crazyflie_sim/package.ps1'
[6.890s] INFO:colcon.colcon_core.shell:Creating package descriptor '/home/abd/exp_ws/src/install/crazyflie_sim/share/crazyflie_sim/package.dsv'
[6.891s] INFO:colcon.colcon_core.shell:Creating package script '/home/abd/exp_ws/src/install/crazyflie_sim/share/crazyflie_sim/package.sh'
[6.892s] INFO:colcon.colcon_core.shell:Creating package script '/home/abd/exp_ws/src/install/crazyflie_sim/share/crazyflie_sim/package.bash'
[6.892s] INFO:colcon.colcon_core.shell:Creating package script '/home/abd/exp_ws/src/install/crazyflie_sim/share/crazyflie_sim/package.zsh'
[6.893s] Level 1:colcon.colcon_core.environment:create_file_with_runtime_dependencies(/home/abd/exp_ws/src/install/crazyflie_sim/share/colcon-core/packages/crazyflie_sim)
[6.956s] DEBUG:colcon.colcon_core.event_handler.log_command:Invoked command in '/home/abd/exp_ws/src/crazyswarm2/crazyflie_py' returned '0': CMAKE_PREFIX_PATH=/home/abd/exp_ws/src/install/crazyflie_interfaces:/home/abd/exp_ws/src/install/motion_capture_tracking:/home/abd/exp_ws/src/install/crazyflie:/home/abd/exp_ws/src/install/motion_capture_tracking_interfaces:/home/abd/exp_ws/src/install/crazyflie_sim:/home/abd/exp_ws/src/install/crazyflie_examples LD_LIBRARY_PATH=/home/abd/exp_ws/src/install/crazyflie_interfaces/lib:/home/abd/exp_ws/src/install/motion_capture_tracking_interfaces/lib:/opt/ros/humble/opt/rviz_ogre_vendor/lib:/opt/ros/humble/lib/x86_64-linux-gnu:/opt/ros/humble/lib PYTHONPATH=/home/abd/exp_ws/src/build/crazyflie_py/prefix_override:/home/abd/exp_ws/src/install/crazyflie_py/lib/python3.10/site-packages:${PYTHONPATH} /usr/bin/python3 setup.py egg_info --egg-base ../../build/crazyflie_py build --build-base /home/abd/exp_ws/src/build/crazyflie_py/build install --record /home/abd/exp_ws/src/build/crazyflie_py/install.log --single-version-externally-managed
[6.985s] Level 1:colcon.colcon_core.environment:checking '/home/abd/exp_ws/src/install/crazyflie_py' for CMake module files
[6.986s] Level 1:colcon.colcon_core.environment:checking '/home/abd/exp_ws/src/install/crazyflie_py' for CMake config files
[6.987s] Level 1:colcon.colcon_core.environment:checking '/home/abd/exp_ws/src/install/crazyflie_py/lib'
[6.987s] Level 1:colcon.colcon_core.environment:checking '/home/abd/exp_ws/src/install/crazyflie_py/bin'
[6.987s] Level 1:colcon.colcon_core.environment:checking '/home/abd/exp_ws/src/install/crazyflie_py/lib/pkgconfig/crazyflie_py.pc'
[6.988s] Level 1:colcon.colcon_core.environment:checking '/home/abd/exp_ws/src/install/crazyflie_py/lib/python3.10/site-packages'
[6.988s] Level 1:colcon.colcon_core.shell:create_environment_hook('crazyflie_py', 'pythonpath')
[7.018s] INFO:colcon.colcon_core.shell:Creating environment hook '/home/abd/exp_ws/src/install/crazyflie_py/share/crazyflie_py/hook/pythonpath.ps1'
[7.019s] INFO:colcon.colcon_core.shell:Creating environment descriptor '/home/abd/exp_ws/src/install/crazyflie_py/share/crazyflie_py/hook/pythonpath.dsv'
[7.020s] INFO:colcon.colcon_core.shell:Creating environment hook '/home/abd/exp_ws/src/install/crazyflie_py/share/crazyflie_py/hook/pythonpath.sh'
[7.021s] Level 1:colcon.colcon_core.environment:checking '/home/abd/exp_ws/src/install/crazyflie_py/bin'
[7.021s] Level 1:colcon.colcon_core.environment:create_environment_scripts_only(crazyflie_py)
[7.043s] INFO:colcon.colcon_core.shell:Creating package script '/home/abd/exp_ws/src/install/crazyflie_py/share/crazyflie_py/package.ps1'
[7.044s] INFO:colcon.colcon_core.shell:Creating package descriptor '/home/abd/exp_ws/src/install/crazyflie_py/share/crazyflie_py/package.dsv'
[7.045s] INFO:colcon.colcon_core.shell:Creating package script '/home/abd/exp_ws/src/install/crazyflie_py/share/crazyflie_py/package.sh'
[7.045s] INFO:colcon.colcon_core.shell:Creating package script '/home/abd/exp_ws/src/install/crazyflie_py/share/crazyflie_py/package.bash'
[7.046s] INFO:colcon.colcon_core.shell:Creating package script '/home/abd/exp_ws/src/install/crazyflie_py/share/crazyflie_py/package.zsh'
[7.046s] Level 1:colcon.colcon_core.environment:create_file_with_runtime_dependencies(/home/abd/exp_ws/src/install/crazyflie_py/share/colcon-core/packages/crazyflie_py)
[7.047s] INFO:colcon.colcon_ros.task.ament_cmake.build:Building ROS package in '/home/abd/exp_ws/src/crazyswarm2/crazyflie_examples' with build type 'ament_cmake'
[7.047s] INFO:colcon.colcon_cmake.task.cmake.build:Building CMake package in '/home/abd/exp_ws/src/crazyswarm2/crazyflie_examples'
[7.070s] INFO:colcon.colcon_core.shell:Skip shell extension 'powershell' for command environment: Not usable outside of PowerShell
[7.070s] DEBUG:colcon.colcon_core.shell:Skip shell extension 'dsv' for command environment
[7.158s] DEBUG:colcon.colcon_core.event_handler.log_command:Invoking command in '/home/abd/exp_ws/src/build/crazyflie_examples': AMENT_PREFIX_PATH=/home/abd/exp_ws/src/install/crazyflie_py:/home/abd/exp_ws/src/install/motion_capture_tracking:/home/abd/exp_ws/src/install/crazyflie:/home/abd/exp_ws/src/install/motion_capture_tracking_interfaces:/home/abd/exp_ws/src/install/crazyflie_sim:/home/abd/exp_ws/src/install/crazyflie_examples:/home/abd/exp_ws/src/install/crazyflie_interfaces:/opt/ros/humble CMAKE_PREFIX_PATH=/home/abd/exp_ws/src/install/crazyflie_interfaces:/home/abd/exp_ws/src/install/motion_capture_tracking:/home/abd/exp_ws/src/install/crazyflie:/home/abd/exp_ws/src/install/motion_capture_tracking_interfaces:/home/abd/exp_ws/src/install/crazyflie_sim:/home/abd/exp_ws/src/install/crazyflie_examples:/home/abd/exp_ws/src/install/crazyflie_py:/opt/ros/humble LD_LIBRARY_PATH=/home/abd/exp_ws/src/install/crazyflie_interfaces/lib:/home/abd/exp_ws/src/install/motion_capture_tracking_interfaces/lib:/opt/ros/humble/opt/rviz_ogre_vendor/lib:/opt/ros/humble/lib/x86_64-linux-gnu:/opt/ros/humble/lib PYTHONPATH=/home/abd/exp_ws/src/install/crazyflie_py/lib/python3.10/site-packages:/home/abd/exp_ws/src/install/motion_capture_tracking_interfaces/local/lib/python3.10/dist-packages:/home/abd/exp_ws/src/install/crazyflie_sim/local/lib/python3.10/dist-packages:/home/abd/exp_ws/src/install/crazyflie_examples/local/lib/python3.10/dist-packages:/home/abd/exp_ws/src/install/crazyflie_interfaces/local/lib/python3.10/dist-packages:/opt/ros/humble/lib/python3.10/site-packages:/opt/ros/humble/local/lib/python3.10/dist-packages /usr/bin/cmake --build /home/abd/exp_ws/src/build/crazyflie_examples -- -j12 -l12
[7.780s] DEBUG:colcon.colcon_core.event_handler.log_command:Invoked command in '/home/abd/exp_ws/src/build/crazyflie_examples' returned '0': AMENT_PREFIX_PATH=/home/abd/exp_ws/src/install/crazyflie_py:/home/abd/exp_ws/src/install/motion_capture_tracking:/home/abd/exp_ws/src/install/crazyflie:/home/abd/exp_ws/src/install/motion_capture_tracking_interfaces:/home/abd/exp_ws/src/install/crazyflie_sim:/home/abd/exp_ws/src/install/crazyflie_examples:/home/abd/exp_ws/src/install/crazyflie_interfaces:/opt/ros/humble CMAKE_PREFIX_PATH=/home/abd/exp_ws/src/install/crazyflie_interfaces:/home/abd/exp_ws/src/install/motion_capture_tracking:/home/abd/exp_ws/src/install/crazyflie:/home/abd/exp_ws/src/install/motion_capture_tracking_interfaces:/home/abd/exp_ws/src/install/crazyflie_sim:/home/abd/exp_ws/src/install/crazyflie_examples:/home/abd/exp_ws/src/install/crazyflie_py:/opt/ros/humble LD_LIBRARY_PATH=/home/abd/exp_ws/src/install/crazyflie_interfaces/lib:/home/abd/exp_ws/src/install/motion_capture_tracking_interfaces/lib:/opt/ros/humble/opt/rviz_ogre_vendor/lib:/opt/ros/humble/lib/x86_64-linux-gnu:/opt/ros/humble/lib PYTHONPATH=/home/abd/exp_ws/src/install/crazyflie_py/lib/python3.10/site-packages:/home/abd/exp_ws/src/install/motion_capture_tracking_interfaces/local/lib/python3.10/dist-packages:/home/abd/exp_ws/src/install/crazyflie_sim/local/lib/python3.10/dist-packages:/home/abd/exp_ws/src/install/crazyflie_examples/local/lib/python3.10/dist-packages:/home/abd/exp_ws/src/install/crazyflie_interfaces/local/lib/python3.10/dist-packages:/opt/ros/humble/lib/python3.10/site-packages:/opt/ros/humble/local/lib/python3.10/dist-packages /usr/bin/cmake --build /home/abd/exp_ws/src/build/crazyflie_examples -- -j12 -l12
[7.831s] DEBUG:colcon.colcon_core.event_handler.log_command:Invoking command in '/home/abd/exp_ws/src/build/crazyflie_examples': AMENT_PREFIX_PATH=/home/abd/exp_ws/src/install/crazyflie_py:/home/abd/exp_ws/src/install/motion_capture_tracking:/home/abd/exp_ws/src/install/crazyflie:/home/abd/exp_ws/src/install/motion_capture_tracking_interfaces:/home/abd/exp_ws/src/install/crazyflie_sim:/home/abd/exp_ws/src/install/crazyflie_examples:/home/abd/exp_ws/src/install/crazyflie_interfaces:/opt/ros/humble CMAKE_PREFIX_PATH=/home/abd/exp_ws/src/install/crazyflie_interfaces:/home/abd/exp_ws/src/install/motion_capture_tracking:/home/abd/exp_ws/src/install/crazyflie:/home/abd/exp_ws/src/install/motion_capture_tracking_interfaces:/home/abd/exp_ws/src/install/crazyflie_sim:/home/abd/exp_ws/src/install/crazyflie_examples:/home/abd/exp_ws/src/install/crazyflie_py:/opt/ros/humble LD_LIBRARY_PATH=/home/abd/exp_ws/src/install/crazyflie_interfaces/lib:/home/abd/exp_ws/src/install/motion_capture_tracking_interfaces/lib:/opt/ros/humble/opt/rviz_ogre_vendor/lib:/opt/ros/humble/lib/x86_64-linux-gnu:/opt/ros/humble/lib PYTHONPATH=/home/abd/exp_ws/src/install/crazyflie_py/lib/python3.10/site-packages:/home/abd/exp_ws/src/install/motion_capture_tracking_interfaces/local/lib/python3.10/dist-packages:/home/abd/exp_ws/src/install/crazyflie_sim/local/lib/python3.10/dist-packages:/home/abd/exp_ws/src/install/crazyflie_examples/local/lib/python3.10/dist-packages:/home/abd/exp_ws/src/install/crazyflie_interfaces/local/lib/python3.10/dist-packages:/opt/ros/humble/lib/python3.10/site-packages:/opt/ros/humble/local/lib/python3.10/dist-packages /usr/bin/cmake --install /home/abd/exp_ws/src/build/crazyflie_examples
[7.920s] Level 1:colcon.colcon_core.environment:create_environment_scripts_only(crazyflie_examples)
[7.924s] DEBUG:colcon.colcon_core.event_handler.log_command:Invoked command in '/home/abd/exp_ws/src/build/crazyflie_examples' returned '0': AMENT_PREFIX_PATH=/home/abd/exp_ws/src/install/crazyflie_py:/home/abd/exp_ws/src/install/motion_capture_tracking:/home/abd/exp_ws/src/install/crazyflie:/home/abd/exp_ws/src/install/motion_capture_tracking_interfaces:/home/abd/exp_ws/src/install/crazyflie_sim:/home/abd/exp_ws/src/install/crazyflie_examples:/home/abd/exp_ws/src/install/crazyflie_interfaces:/opt/ros/humble CMAKE_PREFIX_PATH=/home/abd/exp_ws/src/install/crazyflie_interfaces:/home/abd/exp_ws/src/install/motion_capture_tracking:/home/abd/exp_ws/src/install/crazyflie:/home/abd/exp_ws/src/install/motion_capture_tracking_interfaces:/home/abd/exp_ws/src/install/crazyflie_sim:/home/abd/exp_ws/src/install/crazyflie_examples:/home/abd/exp_ws/src/install/crazyflie_py:/opt/ros/humble LD_LIBRARY_PATH=/home/abd/exp_ws/src/install/crazyflie_interfaces/lib:/home/abd/exp_ws/src/install/motion_capture_tracking_interfaces/lib:/opt/ros/humble/opt/rviz_ogre_vendor/lib:/opt/ros/humble/lib/x86_64-linux-gnu:/opt/ros/humble/lib PYTHONPATH=/home/abd/exp_ws/src/install/crazyflie_py/lib/python3.10/site-packages:/home/abd/exp_ws/src/install/motion_capture_tracking_interfaces/local/lib/python3.10/dist-packages:/home/abd/exp_ws/src/install/crazyflie_sim/local/lib/python3.10/dist-packages:/home/abd/exp_ws/src/install/crazyflie_examples/local/lib/python3.10/dist-packages:/home/abd/exp_ws/src/install/crazyflie_interfaces/local/lib/python3.10/dist-packages:/opt/ros/humble/lib/python3.10/site-packages:/opt/ros/humble/local/lib/python3.10/dist-packages /usr/bin/cmake --install /home/abd/exp_ws/src/build/crazyflie_examples
[7.945s] Level 1:colcon.colcon_core.environment:checking '/home/abd/exp_ws/src/install/crazyflie_examples' for CMake module files
[7.946s] Level 1:colcon.colcon_core.environment:checking '/home/abd/exp_ws/src/install/crazyflie_examples' for CMake config files
[7.947s] Level 1:colcon.colcon_core.shell:create_environment_hook('crazyflie_examples', 'cmake_prefix_path')
[7.969s] INFO:colcon.colcon_core.shell:Creating environment hook '/home/abd/exp_ws/src/install/crazyflie_examples/share/crazyflie_examples/hook/cmake_prefix_path.ps1'
[7.970s] INFO:colcon.colcon_core.shell:Creating environment descriptor '/home/abd/exp_ws/src/install/crazyflie_examples/share/crazyflie_examples/hook/cmake_prefix_path.dsv'
[7.970s] INFO:colcon.colcon_core.shell:Creating environment hook '/home/abd/exp_ws/src/install/crazyflie_examples/share/crazyflie_examples/hook/cmake_prefix_path.sh'
[7.971s] Level 1:colcon.colcon_core.environment:checking '/home/abd/exp_ws/src/install/crazyflie_examples/lib'
[7.971s] Level 1:colcon.colcon_core.environment:checking '/home/abd/exp_ws/src/install/crazyflie_examples/bin'
[7.971s] Level 1:colcon.colcon_core.environment:checking '/home/abd/exp_ws/src/install/crazyflie_examples/lib/pkgconfig/crazyflie_examples.pc'
[7.972s] Level 1:colcon.colcon_core.environment:checking '/home/abd/exp_ws/src/install/crazyflie_examples/lib/python3.10/site-packages'
[7.972s] Level 1:colcon.colcon_core.environment:checking '/home/abd/exp_ws/src/install/crazyflie_examples/bin'
[7.995s] INFO:colcon.colcon_core.shell:Creating package script '/home/abd/exp_ws/src/install/crazyflie_examples/share/crazyflie_examples/package.ps1'
[7.995s] INFO:colcon.colcon_core.shell:Creating package descriptor '/home/abd/exp_ws/src/install/crazyflie_examples/share/crazyflie_examples/package.dsv'
[7.996s] INFO:colcon.colcon_core.shell:Creating package script '/home/abd/exp_ws/src/install/crazyflie_examples/share/crazyflie_examples/package.sh'
[7.996s] INFO:colcon.colcon_core.shell:Creating package script '/home/abd/exp_ws/src/install/crazyflie_examples/share/crazyflie_examples/package.bash'
[7.997s] INFO:colcon.colcon_core.shell:Creating package script '/home/abd/exp_ws/src/install/crazyflie_examples/share/crazyflie_examples/package.zsh'
[7.997s] Level 1:colcon.colcon_core.environment:create_file_with_runtime_dependencies(/home/abd/exp_ws/src/install/crazyflie_examples/share/colcon-core/packages/crazyflie_examples)
[8.079s] Level 1:colcon.colcon_core.environment:create_environment_scripts_only(crazyflie_examples)
[8.101s] Level 1:colcon.colcon_core.environment:checking '/home/abd/exp_ws/src/install/crazyflie_examples' for CMake module files
[8.102s] Level 1:colcon.colcon_core.environment:checking '/home/abd/exp_ws/src/install/crazyflie_examples' for CMake config files
[8.103s] Level 1:colcon.colcon_core.shell:create_environment_hook('crazyflie_examples', 'cmake_prefix_path')
[8.125s] INFO:colcon.colcon_core.shell:Creating environment hook '/home/abd/exp_ws/src/install/crazyflie_examples/share/crazyflie_examples/hook/cmake_prefix_path.ps1'
[8.125s] INFO:colcon.colcon_core.shell:Creating environment descriptor '/home/abd/exp_ws/src/install/crazyflie_examples/share/crazyflie_examples/hook/cmake_prefix_path.dsv'
[8.126s] INFO:colcon.colcon_core.shell:Creating environment hook '/home/abd/exp_ws/src/install/crazyflie_examples/share/crazyflie_examples/hook/cmake_prefix_path.sh'
[8.127s] Level 1:colcon.colcon_core.environment:checking '/home/abd/exp_ws/src/install/crazyflie_examples/lib'
[8.127s] Level 1:colcon.colcon_core.environment:checking '/home/abd/exp_ws/src/install/crazyflie_examples/bin'
[8.127s] Level 1:colcon.colcon_core.environment:checking '/home/abd/exp_ws/src/install/crazyflie_examples/lib/pkgconfig/crazyflie_examples.pc'
[8.127s] Level 1:colcon.colcon_core.environment:checking '/home/abd/exp_ws/src/install/crazyflie_examples/lib/python3.10/site-packages'
[8.127s] Level 1:colcon.colcon_core.environment:checking '/home/abd/exp_ws/src/install/crazyflie_examples/bin'
[8.151s] INFO:colcon.colcon_core.shell:Creating package script '/home/abd/exp_ws/src/install/crazyflie_examples/share/crazyflie_examples/package.ps1'
[8.152s] INFO:colcon.colcon_core.shell:Creating package descriptor '/home/abd/exp_ws/src/install/crazyflie_examples/share/crazyflie_examples/package.dsv'
[8.152s] INFO:colcon.colcon_core.shell:Creating package script '/home/abd/exp_ws/src/install/crazyflie_examples/share/crazyflie_examples/package.sh'
[8.153s] INFO:colcon.colcon_core.shell:Creating package script '/home/abd/exp_ws/src/install/crazyflie_examples/share/crazyflie_examples/package.bash'
[8.153s] INFO:colcon.colcon_core.shell:Creating package script '/home/abd/exp_ws/src/install/crazyflie_examples/share/crazyflie_examples/package.zsh'
[8.154s] Level 1:colcon.colcon_core.environment:create_file_with_runtime_dependencies(/home/abd/exp_ws/src/install/crazyflie_examples/share/colcon-core/packages/crazyflie_examples)
[8.154s] DEBUG:colcon.colcon_parallel_executor.executor.parallel:closing loop
[8.155s] DEBUG:colcon.colcon_parallel_executor.executor.parallel:loop closed
[8.155s] DEBUG:colcon.colcon_parallel_executor.executor.parallel:run_until_complete finished with '0'
[8.155s] DEBUG:colcon.colcon_core.event_reactor:joining thread
[8.204s] INFO:colcon.colcon_core.plugin_system:Skipping extension 'colcon_notification.desktop_notification.terminal_notifier': Not used on non-Darwin systems
[8.205s] INFO:colcon.colcon_core.plugin_system:Skipping extension 'colcon_notification.desktop_notification.win32': Not used on non-Windows systems
[8.205s] INFO:colcon.colcon_notification.desktop_notification:Sending desktop notification using 'notify2'
[8.227s] DEBUG:colcon.colcon_core.event_reactor:joined thread
[8.255s] INFO:colcon.colcon_core.shell:Creating prefix script '/home/abd/exp_ws/src/install/local_setup.ps1'
[8.257s] INFO:colcon.colcon_core.shell:Creating prefix util module '/home/abd/exp_ws/src/install/_local_setup_util_ps1.py'
[8.258s] INFO:colcon.colcon_core.shell:Creating prefix chain script '/home/abd/exp_ws/src/install/setup.ps1'
[8.282s] INFO:colcon.colcon_core.shell:Creating prefix script '/home/abd/exp_ws/src/install/local_setup.sh'
[8.283s] INFO:colcon.colcon_core.shell:Creating prefix util module '/home/abd/exp_ws/src/install/_local_setup_util_sh.py'
[8.284s] INFO:colcon.colcon_core.shell:Creating prefix chain script '/home/abd/exp_ws/src/install/setup.sh'
[8.306s] INFO:colcon.colcon_core.shell:Creating prefix script '/home/abd/exp_ws/src/install/local_setup.bash'
[8.307s] INFO:colcon.colcon_core.shell:Creating prefix chain script '/home/abd/exp_ws/src/install/setup.bash'
[8.330s] INFO:colcon.colcon_core.shell:Creating prefix script '/home/abd/exp_ws/src/install/local_setup.zsh'
[8.331s] INFO:colcon.colcon_core.shell:Creating prefix chain script '/home/abd/exp_ws/src/install/setup.zsh'
